Time,header.seq,header.stamp.secs,header.stamp.nsecs,header.frame_id,fluid_pressure,variance
1676104290.0586293,2669,1676104289,677564360,base_link,101294.2421875,0.0
1676104290.070641,2670,1676104289,737513688,base_link,101295.7421875,0.0
1676104290.0706787,2671,1676104289,797457688,base_link,101295.2421875,0.0
1676104290.071091,2672,1676104289,837423528,base_link,101295.7421875,0.0
1676104290.0711253,2673,1676104289,897368528,base_link,101295.75,0.0
1676104290.0713418,2674,1676104289,957315880,base_link,101294.9921875,0.0
1676104290.0715778,2675,1676104289,997279880,base_link,101295.7421875,0.0
1676104290.07262,2676,1676104290,57227488,base_link,101295.2421875,0.0
1676104290.1256669,2677,1676104290,117175584,base_link,101294.9921875,0.0
1676104290.1874752,2678,1676104290,177121584,base_link,101295.2421875,0.0
1676104290.246632,2679,1676104290,242063936,base_link,101294.9921875,0.0
1676104290.2843163,2680,1676104290,277031936,base_link,101293.7421875,0.0
1676104290.3430433,2681,1676104290,336984032,base_link,101294.0,0.0
1676104290.4051886,2682,1676104290,396925032,base_link,101295.2421875,0.0
1676104290.4634097,2683,1676104290,456872640,base_link,101293.7421875,0.0
1676104290.508366,2684,1676104290,501830640,base_link,101294.2421875,0.0
1676104290.5663776,2685,1676104290,561778992,base_link,101296.0,0.0
1676104290.6270237,2686,1676104290,621728600,base_link,101294.9921875,0.0
1676104290.6652975,2687,1676104290,656695600,base_link,101297.25,0.0
1676104290.7232044,2688,1676104290,716646208,base_link,101294.4921875,0.0
1676104290.7856958,2689,1676104290,781584208,base_link,101294.9921875,0.0
1676104290.8466516,2690,1676104290,841532816,base_link,101295.4921875,0.0
1676104290.9028375,2691,1676104290,896483816,base_link,101291.9921875,0.0
1676104290.944969,2692,1676104290,941445424,base_link,101294.5,0.0
1676104291.009897,2693,1676104291,1389424,base_link,101294.9921875,0.0
1676104291.0618553,2694,1676104291,56342776,base_link,101293.25,0.0
1676104291.1034646,2695,1676104291,96308776,base_link,101295.7421875,0.0
1676104291.1624682,2696,1676104291,156253872,base_link,101295.7421875,0.0
1676104291.223049,2697,1676104291,216202480,base_link,101294.7421875,0.0
1676104291.2829883,2698,1676104291,276146480,base_link,101293.75,0.0
1676104291.3223143,2699,1676104291,316114832,base_link,101294.5,0.0
1676104291.3844924,2700,1676104291,376058832,base_link,101296.25,0.0
1676104291.4456642,2701,1676104291,441005440,base_link,101294.7421875,0.0
1676104291.508196,2702,1676104291,500947440,base_link,101292.25,0.0
1676104291.5618992,2703,1676104291,555902048,base_link,101294.4921875,0.0
1676104291.6066678,2704,1676104291,600861048,base_link,101292.5,0.0
1676104291.665945,2705,1676104291,660809656,base_link,101295.2421875,0.0
1676104291.7242339,2706,1676104291,720759264,base_link,101296.0,0.0
1676104291.7637756,2707,1676104291,760722264,base_link,101296.75,0.0
1676104291.8234353,2708,1676104291,820668872,base_link,101295.2421875,0.0
1676104291.8838468,2709,1676104291,880616872,base_link,101293.9921875,0.0
1676104291.9452853,2710,1676104291,940564736,base_link,101296.25,0.0
1676104291.9829185,2711,1676104291,975529736,base_link,101296.5,0.0
1676104292.045857,2712,1676104292,35478344,base_link,101297.0,0.0
1676104292.1079683,2713,1676104292,100421344,base_link,101295.4921875,0.0
1676104292.1445339,2714,1676104292,140388184,base_link,101297.5,0.0
1676104292.2045763,2715,1676104292,200329184,base_link,101295.2421875,0.0
1676104292.2632031,2716,1676104292,260278792,base_link,101294.9921875,0.0
1676104292.325802,2717,1676104292,320229912,base_link,101295.7421875,0.0
1676104292.3856692,2718,1676104292,380171912,base_link,101295.2421875,0.0
1676104292.4236119,2719,1676104292,420139776,base_link,101294.25,0.0
1676104292.4847777,2720,1676104292,480086776,base_link,101294.7421875,0.0
1676104292.544798,2721,1676104292,540035640,base_link,101294.25,0.0
1676104292.6063461,2722,1676104292,599980640,base_link,101297.0,0.0
1676104292.6430278,2723,1676104292,639945992,base_link,101296.0,0.0
1676104292.7042854,2724,1676104292,699888992,base_link,101295.2421875,0.0
1676104292.7639954,2725,1676104292,759840856,base_link,101294.0,0.0
1676104292.8054366,2726,1676104292,799800856,base_link,101296.5,0.0
1676104292.864675,2727,1676104292,859750488,base_link,101294.2421875,0.0
1676104292.924752,2728,1676104292,919699096,base_link,101295.7421875,0.0
1676104292.9835691,2729,1676104292,979644096,base_link,101294.4921875,0.0
1676104293.0461526,2730,1676104293,39592704,base_link,101293.75,0.0
1676104293.083609,2731,1676104293,79555704,base_link,101296.25,0.0
1676104293.1437762,2732,1676104293,139504520,base_link,101294.4921875,0.0
1676104293.2045953,2733,1676104293,199448520,base_link,101294.7421875,0.0
1676104293.26322,2734,1676104293,259397872,base_link,101295.7421875,0.0
1676104293.3023376,2735,1676104293,299358872,base_link,101296.75,0.0
1676104293.3626704,2736,1676104293,359308480,base_link,101293.4921875,0.0
1676104293.4226518,2737,1676104293,419259344,base_link,101293.4921875,0.0
1676104293.4655983,2738,1676104293,459222344,base_link,101294.0,0.0
1676104293.5234673,2739,1676104293,519181696,base_link,101295.7421875,0.0
1676104293.5845907,2740,1676104293,579112696,base_link,101295.4921875,0.0
1676104293.6442604,2741,1676104293,639062840,base_link,101294.4921875,0.0
1676104293.7041986,2742,1676104293,699007840,base_link,101296.75,0.0
1676104293.7444267,2743,1676104293,738973936,base_link,101294.2421875,0.0
1676104293.804308,2744,1676104293,798919936,base_link,101296.5,0.0
1676104293.869509,2745,1676104293,863863312,base_link,101293.75,0.0
1676104293.911704,2746,1676104293,903831176,base_link,101293.2421875,0.0
1676104293.9706612,2747,1676104293,963776176,base_link,101292.25,0.0
1676104294.030402,2748,1676104294,23727088,base_link,101289.4921875,0.0
1676104294.0692792,2749,1676104294,63690088,base_link,101293.7421875,0.0
1676104294.1307786,2750,1676104294,123639952,base_link,101290.5,0.0
1676104294.1898334,2751,1676104294,183583952,base_link,101295.4921875,0.0
1676104294.2504308,2752,1676104294,243534328,base_link,101293.0,0.0
1676104294.289152,2753,1676104294,283497328,base_link,101294.2421875,0.0
1676104294.3499022,2754,1676104294,343446984,base_link,101291.5,0.0
1676104294.4144824,2755,1676104294,403398128,base_link,101293.25,0.0
1676104294.4508193,2756,1676104294,443362128,base_link,101291.75,0.0
1676104294.5123625,2757,1676104294,503311016,base_link,101294.0,0.0
1676104294.5709577,2758,1676104294,563255016,base_link,101292.9921875,0.0
1676104294.6314921,2759,1676104294,623205160,base_link,101293.5,0.0
1676104294.690959,2760,1676104294,688145160,base_link,101293.2421875,0.0
1676104294.7306864,2761,1676104294,723118792,base_link,101290.25,0.0
1676104294.790406,2762,1676104294,783062792,base_link,101291.5,0.0
1676104294.8498478,2763,1676104294,843013704,base_link,101288.75,0.0
1676104294.891849,2764,1676104294,887972704,base_link,101292.25,0.0
1676104294.9516308,2765,1676104294,947925128,base_link,101292.7421875,0.0
1676104295.0087438,2766,1676104295,2873128,base_link,101293.4921875,0.0
1676104295.0695078,2767,1676104295,62824040,base_link,101295.4921875,0.0
1676104295.111106,2768,1676104295,102794208,base_link,101292.0,0.0
1676104295.1703095,2769,1676104295,162738208,base_link,101294.7421875,0.0
1676104295.231469,2770,1676104295,222690120,base_link,101291.5,0.0
1676104295.2920153,2771,1676104295,287631120,base_link,101294.2421875,0.0
1676104295.3500595,2772,1676104295,342588056,base_link,101293.0,0.0
1676104295.3909268,2773,1676104295,382550056,base_link,101294.4921875,0.0
1676104295.4521992,2774,1676104295,442503504,base_link,101292.7421875,0.0
1676104295.511645,2775,1676104295,502457696,base_link,101290.75,0.0
1676104295.5708869,2776,1676104295,562400696,base_link,101266.75,0.0
1676104295.6104035,2777,1676104295,602371656,base_link,101265.25,0.0
1676104295.6699607,2778,1676104295,662315656,base_link,101259.75,0.0
1676104295.7302003,2779,1676104295,722270152,base_link,101272.75,0.0
1676104295.7689893,2780,1676104295,762234152,base_link,101278.25,0.0
1676104295.8304553,2781,1676104295,822186368,base_link,101276.7421875,0.0
1676104295.8923483,2782,1676104295,887127368,base_link,101267.4921875,0.0
1676104295.9500608,2783,1676104295,942084840,base_link,101264.0,0.0
1676104296.0134547,2784,1676104296,7034568,base_link,101265.5,0.0
1676104296.0546021,2785,1676104296,46997568,base_link,101262.5,0.0
1676104296.1131234,2786,1676104296,106952552,base_link,101263.25,0.0
1676104296.1720028,2787,1676104296,166897552,base_link,101267.75,0.0
1676104296.2123845,2788,1676104296,201875048,base_link,101269.75,0.0
1676104296.270529,2789,1676104296,261820048,base_link,101269.7421875,0.0
1676104296.330783,2790,1676104296,321774544,base_link,101272.0,0.0
1676104296.3902473,2791,1676104296,381721544,base_link,101272.25,0.0
1676104296.4324872,2792,1676104296,426688552,base_link,101272.5,0.0
1676104296.492832,2793,1676104296,486633552,base_link,101269.5,0.0
1676104296.5524852,2794,1676104296,546593560,base_link,101273.0,0.0
1676104296.59284,2795,1676104296,586549560,base_link,101270.0,0.0
1676104296.6706913,2796,1676104296,661491568,base_link,101274.25,0.0
1676104296.7160108,2797,1676104296,706462832,base_link,101271.5,0.0
1676104296.7709837,2798,1676104296,761409832,base_link,101276.2421875,0.0
1676104296.8327532,2799,1676104296,826361864,base_link,101277.5,0.0
1676104296.8699124,2800,1676104296,861329864,base_link,101281.75,0.0
1676104296.9322011,2801,1676104296,926282896,base_link,101276.9921875,0.0
1676104296.9902735,2802,1676104296,981230896,base_link,101270.2421875,0.0
1676104297.0519,2803,1676104297,46182184,base_link,101271.25,0.0
1676104297.0930233,2804,1676104297,86145184,base_link,101273.25,0.0
1676104297.1532218,2805,1676104297,146102728,base_link,101272.75,0.0
1676104297.210305,2806,1676104297,201064016,base_link,101276.75,0.0
1676104297.2524931,2807,1676104297,246022016,base_link,101272.25,0.0
1676104297.3305037,2808,1676104297,320964816,base_link,101264.75,0.0
1676104297.3714726,2809,1676104297,365924816,base_link,101268.75,0.0
1676104297.431668,2810,1676104297,425881872,base_link,101274.5,0.0
1676104297.4925516,2811,1676104297,485825872,base_link,101270.2421875,0.0
1676104297.5318406,2812,1676104297,525801928,base_link,101266.0,0.0
1676104297.5923188,2813,1676104297,585747928,base_link,101267.5,0.0
1676104297.653211,2814,1676104297,645705496,base_link,101269.9921875,0.0
1676104297.7126951,2815,1676104297,705663064,base_link,101272.25,0.0
1676104297.7546165,2816,1676104297,745625064,base_link,101269.9921875,0.0
1676104297.8155425,2817,1676104297,805583144,base_link,101268.25,0.0
1676104297.8718345,2818,1676104297,860532144,base_link,101267.75,0.0
1676104297.91448,2819,1676104297,905505224,base_link,101271.0,0.0
1676104297.9725666,2820,1676104297,965449224,base_link,101268.9921875,0.0
1676104298.0325787,2821,1676104298,25409560,base_link,101270.7421875,0.0
1676104298.0929976,2822,1676104298,85353560,base_link,101267.9921875,0.0
1676104298.1526585,2823,1676104298,145312408,base_link,101266.0,0.0
1676104298.1918063,2824,1676104298,185274408,base_link,101273.5,0.0
1676104298.252788,2825,1676104298,245234256,base_link,101273.0,0.0
1676104298.316506,2826,1676104298,305197616,base_link,101272.25,0.0
1676104298.3717165,2827,1676104298,365138616,base_link,101263.7421875,0.0
1676104298.4146109,2828,1676104298,405116720,base_link,101268.9921875,0.0
1676104298.4754703,2829,1676104298,465060720,base_link,101268.9921875,0.0
1676104298.5314085,2830,1676104298,525020848,base_link,101273.0,0.0
1676104298.5744307,2831,1676104298,564985848,base_link,101269.4921875,0.0
1676104298.634349,2832,1676104298,624944720,base_link,101271.25,0.0
1676104298.695584,2833,1676104298,684890720,base_link,101271.0,0.0
1676104298.7557747,2834,1676104298,744851848,base_link,101267.75,0.0
1676104298.8191042,2835,1676104298,804811464,base_link,101265.75,0.0
1676104298.8550973,2836,1676104298,844772464,base_link,101263.4921875,0.0
1676104298.9115367,2837,1676104298,904732592,base_link,101270.7421875,0.0
1676104298.9745932,2838,1676104298,964677592,base_link,101265.5,0.0
1676104299.016607,2839,1676104299,4655952,base_link,101269.7421875,0.0
1676104299.0756824,2840,1676104299,64599952,base_link,101274.25,0.0
1676104299.1363134,2841,1676104299,124561824,base_link,101274.75,0.0
1676104299.194543,2842,1676104299,184504824,base_link,101270.2421875,0.0
1676104299.2341676,2843,1676104299,224486464,base_link,101264.75,0.0
1676104299.2951334,2844,1676104299,284429464,base_link,101270.2421875,0.0
1676104299.35531,2845,1676104299,344390104,base_link,101270.2421875,0.0
1676104299.4165,2846,1676104299,404357024,base_link,101268.7421875,0.0
1676104299.4750004,2847,1676104299,464298024,base_link,101267.9921875,0.0
1676104299.5158863,2848,1676104299,504276920,base_link,101270.2421875,0.0
1676104299.5744154,2849,1676104299,564221920,base_link,101271.5,0.0
1676104299.634041,2850,1676104299,624183840,base_link,101267.7421875,0.0
1676104299.6735342,2851,1676104299,664146840,base_link,101273.25,0.0
1676104299.7335536,2852,1676104299,724107968,base_link,101270.7421875,0.0
1676104299.7938297,2853,1676104299,784051968,base_link,101271.25,0.0
1676104299.8589883,2854,1676104299,844015144,base_link,101266.25,0.0
1676104299.8962264,2855,1676104299,883978144,base_link,101274.0,0.0
1676104299.955971,2856,1676104299,943941832,base_link,101267.0,0.0
1676104300.0122454,2857,1676104300,3905032,base_link,101265.5,0.0
1676104300.0541956,2858,1676104300,43867032,base_link,101270.2421875,0.0
1676104300.136236,2859,1676104300,128809256,base_link,101269.2421875,0.0
1676104300.1726015,2860,1676104300,163776256,base_link,101268.75,0.0
1676104300.2327974,2861,1676104300,223741456,base_link,101268.4921875,0.0
1676104300.292575,2862,1676104300,283685456,base_link,101271.25,0.0
1676104300.3338654,2863,1676104300,323667168,base_link,101269.9921875,0.0
1676104300.393987,2864,1676104300,383612168,base_link,101273.0,0.0
1676104300.45568,2865,1676104300,448571112,base_link,101275.25,0.0
1676104300.5193212,2866,1676104300,508535080,base_link,101268.7421875,0.0
1676104300.5551486,2867,1676104300,543502080,base_link,101272.25,0.0
1676104300.6179717,2868,1676104300,603468304,base_link,101268.9921875,0.0
1676104300.6756632,2869,1676104300,663412304,base_link,101266.75,0.0
1676104300.7175694,2870,1676104300,703396784,base_link,101265.5,0.0
1676104300.7751422,2871,1676104300,763339784,base_link,101263.2421875,0.0
1676104300.8358002,2872,1676104300,823306520,base_link,101261.2421875,0.0
1676104300.8959777,2873,1676104300,883251520,base_link,101265.0,0.0
1676104300.9565406,2874,1676104300,943215744,base_link,101278.5,0.0
1676104300.9974663,2875,1676104300,983177744,base_link,101269.25,0.0
1676104301.0550735,2876,1676104301,43142736,base_link,101275.7421875,0.0
1676104301.1161795,2877,1676104301,103109496,base_link,101270.2421875,0.0
1676104301.1758046,2878,1676104301,163053496,base_link,101265.0,0.0
1676104301.2162032,2879,1676104301,208033512,base_link,101264.4921875,0.0
1676104301.2760503,2880,1676104301,267978512,base_link,101272.0,0.0
1676104301.336563,2881,1676104301,327946016,base_link,101269.9921875,0.0
1676104301.3751268,2882,1676104301,362914016,base_link,101273.25,0.0
1676104301.4349706,2883,1676104301,422878776,base_link,101272.75,0.0
1676104301.4957895,2884,1676104301,482822776,base_link,101266.9921875,0.0
1676104301.5371802,2885,1676104301,527805840,base_link,101268.4921875,0.0
1676104301.6164503,2886,1676104301,602758368,base_link,101267.7421875,0.0
1676104301.6567092,2887,1676104301,647717368,base_link,101267.75,0.0
1676104301.7180445,2888,1676104301,707683640,base_link,101258.75,0.0
1676104301.7741363,2889,1676104301,762632640,base_link,101264.5,0.0
1676104301.816406,2890,1676104301,807613400,base_link,101265.5,0.0
1676104301.8772056,2891,1676104301,867557400,base_link,101266.25,0.0
1676104301.9367967,2892,1676104301,927525160,base_link,101266.25,0.0
1676104301.99583,2893,1676104301,987468160,base_link,101262.25,0.0
1676104302.0355914,2894,1676104302,22460200,base_link,101260.5,0.0
1676104302.0957537,2895,1676104302,82404200,base_link,101259.7421875,0.0
1676104302.157307,2896,1676104302,147366240,base_link,101260.7421875,0.0
1676104302.216318,2897,1676104302,207334792,base_link,101254.75,0.0
1676104302.2768726,2898,1676104302,267278792,base_link,101253.0,0.0
1676104302.3174224,2899,1676104302,307265088,base_link,101250.2421875,0.0
1676104302.37635,2900,1676104302,367210088,base_link,101245.4921875,0.0
1676104302.4362242,2901,1676104302,427178384,base_link,101244.25,0.0
1676104302.4767964,2902,1676104302,467140384,base_link,101244.5,0.0
1676104302.5360675,2903,1676104302,527110192,base_link,101249.0,0.0
1676104302.5962787,2904,1676104302,587053192,base_link,101264.5,0.0
1676104302.6561182,2905,1676104302,647023512,base_link,101269.75,0.0
1676104302.697497,2906,1676104302,686985512,base_link,101274.75,0.0
1676104302.7575564,2907,1676104302,746955832,base_link,101255.5,0.0
1676104302.8194344,2908,1676104302,806923152,base_link,101228.5,0.0
1676104302.8569942,2909,1676104302,846886152,base_link,101239.2421875,0.0
1676104302.9185283,2910,1676104302,906855728,base_link,101250.75,0.0
1676104302.978259,2911,1676104302,966800728,base_link,101256.75,0.0
1676104303.0384235,2912,1676104303,26769048,base_link,101264.0,0.0
1676104303.0980623,2913,1676104303,86714048,base_link,101255.4921875,0.0
1676104303.136752,2914,1676104303,126703160,base_link,101256.5,0.0
1676104303.197859,2915,1676104303,186648160,base_link,101261.7421875,0.0
1676104303.2567666,2916,1676104303,246617504,base_link,101251.7421875,0.0
1676104303.3178275,2917,1676104303,306587104,base_link,101247.0,0.0
1676104303.357963,2918,1676104303,346550104,base_link,101238.2421875,0.0
1676104303.416995,2919,1676104303,406519960,base_link,101240.0,0.0
1676104303.4773402,2920,1676104303,466464960,base_link,101245.75,0.0
1676104303.5162616,2921,1676104303,506453560,base_link,101248.25,0.0
1676104303.5975547,2922,1676104303,586379560,base_link,101250.75,0.0
1676104303.6366751,2923,1676104303,626368672,base_link,101242.5,0.0
1676104303.6958835,2924,1676104303,686313672,base_link,101231.25,0.0
1676104303.7565386,2925,1676104303,746283528,base_link,101234.0,0.0
1676104303.7969015,2926,1676104303,786246528,base_link,101233.25,0.0
1676104303.8572938,2927,1676104303,846218152,base_link,101237.25,0.0
1676104303.91726,2928,1676104303,906188264,base_link,101235.25,0.0
1676104303.9589992,2929,1676104303,946152264,base_link,101227.5,0.0
1676104304.0185966,2930,1676104304,6123888,base_link,101220.7421875,0.0
1676104304.0761614,2931,1676104304,66068888,base_link,101232.0,0.0
1676104304.1389632,2932,1676104304,125716512,base_link,101235.25,0.0
1676104304.1799936,2933,1676104304,165254512,base_link,101252.25,0.0
1676104304.2375185,2934,1676104304,224586648,base_link,101255.5,0.0
1676104304.2977808,2935,1676104304,288835648,base_link,101253.5,0.0
1676104304.358814,2936,1676104304,348169528,base_link,101249.75,0.0
1676104304.4195673,2937,1676104304,407500664,base_link,101263.4921875,0.0
1676104304.4579864,2938,1676104304,447039664,base_link,101261.7421875,0.0
1676104304.5187,2939,1676104304,506371056,base_link,101271.5,0.0
1676104304.577011,2940,1676104304,565677056,base_link,101271.0,0.0
1676104304.6196826,2941,1676104304,610188216,base_link,101277.75,0.0
1676104304.6794415,2942,1676104304,669500216,base_link,101276.0,0.0
1676104304.7390666,2943,1676104304,728825120,base_link,101274.5,0.0
1676104304.7986581,2944,1676104304,788130120,base_link,101271.0,0.0
1676104304.8415024,2945,1676104304,827694768,base_link,101269.7421875,0.0
1676104304.8980513,2946,1676104304,887000768,base_link,101265.0,0.0
1676104304.9586833,2947,1676104304,946346184,base_link,101267.4921875,0.0
1676104304.9974113,2948,1676104304,985873184,base_link,101266.25,0.0
1676104305.0612252,2949,1676104305,50148088,base_link,101261.7421875,0.0
1676104305.1198275,2950,1676104305,109482504,base_link,101252.0,0.0
1676104305.1788146,2951,1676104305,168787504,base_link,101253.75,0.0
1676104305.2390132,2952,1676104305,228123432,base_link,101259.25,0.0
1676104305.2780046,2953,1676104305,267659432,base_link,101260.5,0.0
1676104305.3384006,2954,1676104305,326995616,base_link,101262.5078125,0.0
1676104305.3981605,2955,1676104305,386301616,base_link,101263.5,0.0
1676104305.4587438,2956,1676104305,445637800,base_link,101259.25,0.0
1676104305.4996343,2957,1676104305,485173800,base_link,101265.25,0.0
1676104305.5580363,2958,1676104305,544559240,base_link,101265.75,0.0
1676104305.618168,2959,1676104305,603844936,base_link,101265.9921875,0.0
1676104305.656717,2960,1676104305,643385936,base_link,101263.25,0.0
1676104305.7211118,2961,1676104305,707659632,base_link,101264.75,0.0
1676104305.7766612,2962,1676104305,766964632,base_link,101268.4921875,0.0
1676104305.8362825,2963,1676104305,826300328,base_link,101269.25,0.0
1676104305.8983989,2964,1676104305,885608328,base_link,101275.7421875,0.0
1676104305.9378974,2965,1676104305,925225024,base_link,101267.9921875,0.0
1676104305.9996884,2966,1676104305,989422024,base_link,101265.75,0.0
1676104306.0593562,2967,1676104306,48761744,base_link,101270.2421875,0.0
1676104306.099074,2968,1676104306,88295744,base_link,101267.4921875,0.0
1676104306.1585252,2969,1676104306,147630952,base_link,101270.2421875,0.0
1676104306.2200425,2970,1676104306,206968416,base_link,101266.25,0.0
1676104306.2793584,2971,1676104306,266274416,base_link,101265.75,0.0
1676104306.3203297,2972,1676104306,305929136,base_link,101268.2421875,0.0
1676104306.3788066,2973,1676104306,365149136,base_link,101269.2421875,0.0
1676104306.439022,2974,1676104306,429474624,base_link,101267.2421875,0.0
1676104306.499196,2975,1676104306,488734624,base_link,101269.2421875,0.0
1676104306.558323,2976,1676104306,543127600,base_link,101270.2421875,0.0
1676104306.599505,2977,1676104306,587606600,base_link,101268.9921875,0.0
1676104306.6605804,2978,1676104306,646961832,base_link,101264.2421875,0.0
1676104306.7180164,2979,1676104306,706281320,base_link,101269.4921875,0.0
1676104306.75935,2980,1676104306,745819320,base_link,101268.25,0.0
1676104306.8219373,2981,1676104306,810176552,base_link,101275.75,0.0
1676104306.8802204,2982,1676104306,869403552,base_link,101276.2421875,0.0
1676104306.9395597,2983,1676104306,923800040,base_link,101271.25,0.0
1676104306.9791176,2984,1676104306,968279040,base_link,101272.0,0.0
1676104307.038843,2985,1676104307,27615528,base_link,101272.0,0.0
1676104307.09886,2986,1676104307,86921528,base_link,101265.75,0.0
1676104307.1606443,2987,1676104307,146259784,base_link,101273.0,0.0
1676104307.2210727,2988,1676104307,210542296,base_link,101271.25,0.0
1676104307.25966,2989,1676104307,245135296,base_link,101275.0,0.0
1676104307.3194973,2990,1676104307,304475808,base_link,101273.5,0.0
1676104307.3794825,2991,1676104307,368721808,base_link,101265.75,0.0
1676104307.420249,2992,1676104307,408291576,base_link,101265.5,0.0
1676104307.4795017,2993,1676104307,467598576,base_link,101266.75,0.0
1676104307.5395315,2994,1676104307,526936600,base_link,101268.0,0.0
1676104307.5993817,2995,1676104307,586242600,base_link,101270.0,0.0
1676104307.6401553,2996,1676104307,625813112,base_link,101276.4921875,0.0
1676104307.6998258,2997,1676104307,685121112,base_link,101265.25,0.0
1676104307.7608235,2998,1676104307,749402624,base_link,101272.25,0.0
1676104307.80038,2999,1676104307,788939624,base_link,101276.7421875,0.0
1676104307.8608615,3000,1676104307,848275392,base_link,101273.0,0.0
1676104307.9195962,3001,1676104307,907614928,base_link,101270.7421875,0.0
1676104307.9790652,3002,1676104307,966919928,base_link,101269.4921875,0.0
1676104308.0393412,3003,1676104308,26260720,base_link,101272.75,0.0
1676104308.0813215,3004,1676104308,70740720,base_link,101273.25,0.0
1676104308.1412323,3005,1676104308,130078256,base_link,101272.25,0.0
1676104308.199599,3006,1676104308,189386256,base_link,101273.0,0.0
1676104308.2611818,3007,1676104308,248729048,base_link,101271.25,0.0
1676104308.3018796,3008,1676104308,288262048,base_link,101272.75,0.0
1676104308.3596165,3009,1676104308,347602096,base_link,101271.25,0.0
1676104308.4222798,3010,1676104308,406941144,base_link,101268.25,0.0
1676104308.4599073,3011,1676104308,446544144,base_link,101268.2421875,0.0
1676104308.519978,3012,1676104308,505818448,base_link,101272.75,0.0
1676104308.5804582,3013,1676104308,570068448,base_link,101271.0,0.0
1676104308.640469,3014,1676104308,629407496,base_link,101268.7421875,0.0
1676104308.6998842,3015,1676104308,688714496,base_link,101270.4921875,0.0
1676104308.7392366,3016,1676104308,728285312,base_link,101268.0,0.0
1676104308.7991686,3017,1676104308,787591312,base_link,101264.75,0.0
1676104308.8618035,3018,1676104308,846931872,base_link,101274.9921875,0.0
1676104308.9005842,3019,1676104308,886471872,base_link,101268.5,0.0
1676104308.9611197,3020,1676104308,950752944,base_link,101272.5,0.0
1676104309.0209308,3021,1676104309,10093016,base_link,101265.75,0.0
1676104309.080369,3022,1676104309,69399016,base_link,101268.2421875,0.0
1676104309.120152,3023,1676104309,108973088,base_link,101270.7421875,0.0
1676104309.1796892,3024,1676104309,168277088,base_link,101275.7421875,0.0
1676104309.2393973,3025,1676104309,227618672,base_link,101270.2421875,0.0
1676104309.281507,3026,1676104309,267155672,base_link,101267.75,0.0
1676104309.342679,3027,1676104309,331531000,base_link,101269.2421875,0.0
1676104309.4010217,3028,1676104309,385805000,base_link,101264.2421875,0.0
1676104309.4615865,3029,1676104309,450088584,base_link,101262.7578125,0.0
1676104309.5210907,3030,1676104309,509434656,base_link,101273.0,0.0
1676104309.5606487,3031,1676104309,548965656,base_link,101280.5,0.0
1676104309.6197102,3032,1676104309,608308496,base_link,101279.5,0.0
1676104309.6827416,3033,1676104309,667612496,base_link,101281.25,0.0
1676104309.7433605,3034,1676104309,731905592,base_link,101275.25,0.0
1676104309.782185,3035,1676104309,771434592,base_link,101271.5,0.0
1676104309.842903,3036,1676104309,830778432,base_link,101265.75,0.0
1676104309.9020748,3037,1676104309,890086432,base_link,101276.75,0.0
1676104309.9414024,3038,1676104309,929659528,base_link,101277.5,0.0
1676104310.001271,3039,1676104309,988961528,base_link,101276.0,0.0
1676104310.061882,3040,1676104310,48305136,base_link,101277.75,0.0
1676104310.123205,3041,1676104310,107646744,base_link,101279.5,0.0
1676104310.1808338,3042,1676104310,166953744,base_link,101271.5,0.0
1676104310.220919,3043,1676104310,206527608,base_link,101273.25,0.0
1676104310.2813091,3044,1676104310,270775608,base_link,101280.25,0.0
1676104310.3412173,3045,1676104310,330120472,base_link,101283.25,0.0
1676104310.40153,3046,1676104310,389423472,base_link,101275.2421875,0.0
1676104310.4405148,3047,1676104310,428999080,base_link,101271.0,0.0
1676104310.5003653,3048,1676104310,488304080,base_link,101272.25,0.0
1676104310.562213,3049,1676104310,547650712,base_link,101277.75,0.0
1676104310.6024823,3050,1676104310,592128712,base_link,101277.5,0.0
1676104310.6617558,3051,1676104310,646528088,base_link,101275.75,0.0
1676104310.7238827,3052,1676104310,710813976,base_link,101279.25,0.0
1676104310.7622132,3053,1676104310,750350976,base_link,101280.0,0.0
1676104310.8402207,3054,1676104310,829463864,base_link,101273.5,0.0
1676104310.879726,3055,1676104310,869000864,base_link,101275.5,0.0
1676104310.9406614,3056,1676104310,928344752,base_link,101271.75,0.0
1676104311.0020845,3057,1676104310,987650752,base_link,101271.75,0.0
1676104311.0441613,3058,1676104311,32168384,base_link,101276.9921875,0.0
1676104311.1001716,3059,1676104311,86531384,base_link,101268.9921875,0.0
1676104311.1615157,3060,1676104311,145879528,base_link,101268.0,0.0
1676104311.2222447,3061,1676104311,210161416,base_link,101274.5,0.0
1676104311.263358,3062,1676104311,249699416,base_link,101275.0,0.0
1676104311.3213859,3063,1676104311,309043304,base_link,101271.75,0.0
1676104311.380661,3064,1676104311,368350304,base_link,101269.25,0.0
1676104311.4417906,3065,1676104311,427693704,base_link,101274.25,0.0
1676104311.5012803,3066,1676104311,486999704,base_link,101268.2421875,0.0
1676104311.5399523,3067,1676104311,526576360,base_link,101274.5,0.0
1676104311.6010797,3068,1676104311,585881360,base_link,101276.75,0.0
1676104311.6611152,3069,1676104311,645226016,base_link,101270.7421875,0.0
1676104311.7019675,3070,1676104311,689708016,base_link,101270.25,0.0
1676104311.762864,3071,1676104311,749051928,base_link,101278.75,0.0
1676104311.8232331,3072,1676104311,808394584,base_link,101271.25,0.0
1676104311.8873665,3073,1676104311,872647584,base_link,101263.0,0.0
1676104311.9226148,3074,1676104311,907280288,base_link,101272.75,0.0
1676104311.982879,3075,1676104311,966586288,base_link,101273.5,0.0
1676104312.0411568,3076,1676104312,25930712,base_link,101269.0,0.0
1676104312.083051,3077,1676104312,70410712,base_link,101277.25,0.0
1676104312.1429417,3078,1676104312,129755880,base_link,101273.5,0.0
1676104312.2004883,3079,1676104312,189060880,base_link,101274.0,0.0
1676104312.2640781,3080,1676104312,248406048,base_link,101274.2421875,0.0
1676104312.3219788,3081,1676104312,307751472,base_link,101272.5,0.0
1676104312.3624506,3082,1676104312,347288472,base_link,101270.2421875,0.0
1676104312.4231005,3083,1676104312,406637408,base_link,101268.4921875,0.0
1676104312.4816222,3084,1676104312,465941408,base_link,101271.25,0.0
1676104312.5246959,3085,1676104312,510460088,base_link,101269.25,0.0
1676104312.5843985,3086,1676104312,569766088,base_link,101269.9921875,0.0
1676104312.6432514,3087,1676104312,629126280,base_link,101272.75,0.0
1676104312.702593,3088,1676104312,688418280,base_link,101268.7421875,0.0
1676104312.7418954,3089,1676104312,727996960,base_link,101269.2421875,0.0
1676104312.8039396,3090,1676104312,792244960,base_link,101273.75,0.0
1676104312.863527,3091,1676104312,851591152,base_link,101271.0,0.0
1676104312.9041727,3092,1676104312,891127152,base_link,101273.5,0.0
1676104312.982723,3093,1676104312,970242344,base_link,101273.25,0.0
1676104313.0230687,3094,1676104313,9819792,base_link,101269.0,0.0
1676104313.0816107,3095,1676104313,69127792,base_link,101274.0,0.0
1676104313.1421037,3096,1676104313,128471216,base_link,101273.5,0.0
1676104313.1809642,3097,1676104313,168008216,base_link,101273.75,0.0
1676104313.243545,3098,1676104313,232298664,base_link,101271.75,0.0
1676104313.3038673,3099,1676104313,291603664,base_link,101273.0,0.0
1676104313.3652267,3100,1676104313,350950368,base_link,101277.0,0.0
1676104313.403224,3101,1676104313,390487368,base_link,101271.0,0.0
1676104313.4618156,3102,1676104313,449834328,base_link,101272.5,0.0
1676104313.5221713,3103,1676104313,509181800,base_link,101280.7421875,0.0
1676104313.5648026,3104,1676104313,548720800,base_link,101270.4921875,0.0
1676104313.6423795,3105,1676104313,627835016,base_link,101275.5,0.0
1676104313.6833138,3106,1676104313,667372016,base_link,101276.25,0.0
1676104313.7450244,3107,1676104313,731662232,base_link,101275.5,0.0
1676104313.8034005,3108,1676104313,790969232,base_link,101278.25,0.0
1676104313.8425248,3109,1676104313,830546704,base_link,101276.75,0.0
1676104313.9023228,3110,1676104313,889851704,base_link,101282.7421875,0.0
1676104313.9655669,3111,1676104313,949200432,base_link,101272.25,0.0
1676104314.0061157,3112,1676104313,993684432,base_link,101271.75,0.0
1676104314.0640073,3113,1676104314,48084392,base_link,101273.5,0.0
1676104314.1283858,3114,1676104314,112374376,base_link,101273.0,0.0
1676104314.1856613,3115,1676104314,171680376,base_link,101272.25,0.0
1676104314.225269,3116,1676104314,211260360,base_link,101275.0,0.0
1676104314.286619,3117,1676104314,270587360,base_link,101272.75,0.0
1676104314.342454,3118,1676104314,329914344,base_link,101273.75,0.0
1676104314.4027984,3119,1676104314,389237344,base_link,101273.0,0.0
1676104314.463285,3120,1676104314,448568328,base_link,101273.75,0.0
1676104314.5054262,3121,1676104314,493047328,base_link,101274.75,0.0
1676104314.5625958,3122,1676104314,547453312,base_link,101275.75,0.0
1676104314.62326,3123,1676104314,611744552,base_link,101278.5,0.0
1676104314.6656158,3124,1676104314,651281552,base_link,101269.4921875,0.0
1676104314.7256963,3125,1676104314,710630048,base_link,101269.75,0.0
1676104314.7813787,3126,1676104314,769936048,base_link,101278.25,0.0
1676104314.8441017,3127,1676104314,829284544,base_link,101270.2421875,0.0
1676104314.8825452,3128,1676104314,868822544,base_link,101275.75,0.0
1676104314.9425635,3129,1676104314,928170528,base_link,101273.75,0.0
1676104315.0026052,3130,1676104314,987476528,base_link,101275.25,0.0
1676104315.0647917,3131,1676104315,51766280,base_link,101269.7421875,0.0
1676104315.125754,3132,1676104315,111116288,base_link,101277.5,0.0
1676104315.1660683,3133,1676104315,150653288,base_link,101268.2421875,0.0
1676104315.226161,3134,1676104315,210002296,base_link,101269.9921875,0.0
1676104315.2837732,3135,1676104315,269308296,base_link,101266.0,0.0
1676104315.3276913,3136,1676104315,313832304,base_link,101272.75,0.0
1676104315.387031,3137,1676104315,373138304,base_link,101271.75,0.0
1676104315.4455233,3138,1676104315,432486568,base_link,101268.2421875,0.0
1676104315.506767,3139,1676104315,491791568,base_link,101271.5,0.0
1676104315.5455205,3140,1676104315,531372832,base_link,101274.5,0.0
1676104315.6021907,3141,1676104315,590679832,base_link,101273.0,0.0
1676104315.6657794,3142,1676104315,650030096,base_link,101276.0,0.0
1676104315.7094717,3143,1676104315,689565096,base_link,101274.5,0.0
1676104315.7673275,3144,1676104315,753857360,base_link,101267.9921875,0.0
1676104315.8251665,3145,1676104315,813206624,base_link,101275.7421875,0.0
1676104315.8855116,3146,1676104315,872512624,base_link,101272.5,0.0
1676104315.946045,3147,1676104315,931862400,base_link,101273.25,0.0
1676104315.9858646,3148,1676104315,971399400,base_link,101270.7421875,0.0
1676104316.0484338,3149,1676104316,30749920,base_link,101275.75,0.0
1676104316.1046677,3150,1676104316,90055920,base_link,101273.25,0.0
1676104316.1688287,3151,1676104316,154347952,base_link,101273.5,0.0
1676104316.203972,3152,1676104316,188942952,base_link,101267.9921875,0.0
1676104316.2700484,3153,1676104316,253234728,base_link,101265.0,0.0
1676104316.3259747,3154,1676104316,312585016,base_link,101271.0,0.0
1676104316.3642848,3155,1676104316,352123016,base_link,101273.25,0.0
1676104316.4253612,3156,1676104316,411476304,base_link,101274.9921875,0.0
1676104316.4864924,3157,1676104316,470779304,base_link,101274.75,0.0
1676104316.5454552,3158,1676104316,530131592,base_link,101271.75,0.0
1676104316.6066308,3159,1676104316,594377592,base_link,101263.75,0.0
1676104316.646082,3160,1676104316,629017136,base_link,101269.9921875,0.0
1676104316.7054396,3161,1676104316,693266136,base_link,101267.4921875,0.0
1676104316.7656498,3162,1676104316,752617424,base_link,101268.25,0.0
1676104316.8058686,3163,1676104316,792153424,base_link,101269.0,0.0
1676104316.8638442,3164,1676104316,851503968,base_link,101273.25,0.0
1676104316.925256,3165,1676104316,910854512,base_link,101269.0,0.0
1676104316.9856606,3166,1676104316,970160512,base_link,101267.9921875,0.0
1676104317.0240378,3167,1676104317,9742800,base_link,101268.5,0.0
1676104317.083345,3168,1676104317,69048800,base_link,101272.5,0.0
1676104317.1438904,3169,1676104317,128399856,base_link,101273.25,0.0
1676104317.2061102,3170,1676104317,192647856,base_link,101271.75,0.0
1676104317.2685657,3171,1676104317,251999168,base_link,101267.25,0.0
1676104317.303261,3172,1676104317,291537168,base_link,101266.9921875,0.0
1676104317.363814,3173,1676104317,350888224,base_link,101266.75,0.0
1676104317.424966,3174,1676104317,410239280,base_link,101262.75,0.0
1676104317.4680235,3175,1676104317,454720280,base_link,101269.2421875,0.0
1676104317.524791,3176,1676104317,509128848,base_link,101271.25,0.0
1676104317.5840495,3177,1676104317,568434848,base_link,101270.2421875,0.0
1676104317.6453612,3178,1676104317,632726904,base_link,101271.0,0.0
1676104317.6871855,3179,1676104317,672264904,base_link,101269.7421875,0.0
1676104317.744839,3180,1676104317,731615960,base_link,101273.75,0.0
1676104317.8060725,3181,1676104317,790924960,base_link,101266.0,0.0
1676104317.8464997,3182,1676104317,830505528,base_link,101274.25,0.0
1676104317.9267025,3183,1676104317,909625096,base_link,101270.4921875,0.0
1676104317.9672961,3184,1676104317,954106096,base_link,101272.75,0.0
1676104318.0267308,3185,1676104318,13465920,base_link,101268.9921875,0.0
1676104318.083154,3186,1676104318,67820920,base_link,101277.75,0.0
1676104318.1272395,3187,1676104318,112346744,base_link,101272.0,0.0
1676104318.1861906,3188,1676104318,171652744,base_link,101269.7421875,0.0
1676104318.2438273,3189,1676104318,231014824,base_link,101271.75,0.0
1676104318.3100817,3190,1676104318,295255824,base_link,101273.5,0.0
1676104318.345964,3191,1676104318,329895648,base_link,101273.0,0.0
1676104318.4065223,3192,1676104318,394143648,base_link,101267.9921875,0.0
1676104318.4666917,3193,1676104318,453496472,base_link,101264.2421875,0.0
1676104318.5072346,3194,1676104318,493035472,base_link,101274.25,0.0
1676104318.5669196,3195,1676104318,552383552,base_link,101271.5,0.0
1676104318.626887,3196,1676104318,611735632,base_link,101271.5,0.0
1676104318.6881092,3197,1676104318,671041632,base_link,101266.2421875,0.0
1676104318.7485306,3198,1676104318,735338968,base_link,101271.0,0.0
1676104318.7878828,3199,1676104318,774874968,base_link,101263.9921875,0.0
1676104318.847238,3200,1676104318,834226304,base_link,101275.25,0.0
1676104318.9051774,3201,1676104318,888592304,base_link,101273.75,0.0
1676104318.9463482,3202,1676104318,933115640,base_link,101273.0,0.0
1676104319.0068886,3203,1676104318,992422640,base_link,101274.25,0.0
1676104319.0655859,3204,1676104319,51775232,base_link,101272.5,0.0
1676104319.1265426,3205,1676104319,111129080,base_link,101273.25,0.0
1676104319.1674628,3206,1676104319,155607080,base_link,101269.9921875,0.0
1676104319.223967,3207,1676104319,210018672,base_link,101276.9921875,0.0
1676104319.2851388,3208,1676104319,269327672,base_link,101268.9921875,0.0
1676104319.3276742,3209,1676104319,313856776,base_link,101272.0,0.0
1676104319.387844,3210,1676104319,373161776,base_link,101274.5,0.0
1676104319.4444988,3211,1676104319,432510368,base_link,101274.5,0.0
1676104319.5074618,3212,1676104319,491816368,base_link,101279.0,0.0
1676104319.5674877,3213,1676104319,551247216,base_link,101275.25,0.0
1676104319.6075108,3214,1676104319,590706216,base_link,101273.25,0.0
1676104319.6671255,3215,1676104319,655003576,base_link,101262.2421875,0.0
1676104319.7280753,3216,1676104319,714354680,base_link,101268.5,0.0
1676104319.7861664,3217,1676104319,768718680,base_link,101274.5,0.0
1676104319.8282297,3218,1676104319,813246504,base_link,101278.75,0.0
1676104319.8869467,3219,1676104319,872551504,base_link,101272.5,0.0
1676104319.9478788,3220,1676104319,931903864,base_link,101272.75,0.0
1676104319.9858727,3221,1676104319,971442864,base_link,101275.7421875,0.0
1676104320.068048,3222,1676104320,55750224,base_link,101274.4921875,0.0
1676104320.1068277,3223,1676104320,95044224,base_link,101266.0,0.0
1676104320.1668484,3224,1676104320,154398584,base_link,101271.25,0.0
1676104320.2281349,3225,1676104320,213750456,base_link,101271.5,0.0
1676104320.266766,3226,1676104320,253288456,base_link,101269.75,0.0
1676104320.3285754,3227,1676104320,312642072,base_link,101269.0,0.0
1676104320.386099,3228,1676104320,371948072,base_link,101274.0,0.0
1676104320.4284213,3229,1676104320,411532688,base_link,101269.7421875,0.0
1676104320.4865828,3230,1676104320,470838688,base_link,101272.25,0.0
1676104320.5456898,3231,1676104320,530193560,base_link,101270.75,0.0
1676104320.6077955,3232,1676104320,594443560,base_link,101274.5,0.0
1676104320.6472135,3233,1676104320,634026432,base_link,101272.75,0.0
1676104320.7065122,3234,1676104320,693333432,base_link,101272.0,0.0
1676104320.76792,3235,1676104320,752690560,base_link,101269.2421875,0.0
1676104320.8283432,3236,1676104320,812051688,base_link,101265.25,0.0
1676104320.8885598,3237,1676104320,876290688,base_link,101265.5,0.0
1676104320.9275997,3238,1676104320,910932816,base_link,101271.0,0.0
1676104320.987524,3239,1676104320,975182816,base_link,101273.0,0.0
1676104321.046208,3240,1676104321,34535944,base_link,101272.0,0.0
1676104321.0875857,3241,1676104321,74073944,base_link,101265.25,0.0
1676104321.1448493,3242,1676104321,133427584,base_link,101268.9921875,0.0
1676104321.2083457,3243,1676104321,192734584,base_link,101269.9921875,0.0
1676104321.2677395,3244,1676104321,252088968,base_link,101267.0,0.0
1676104321.308075,3245,1676104321,296568968,base_link,101264.75,0.0
1676104321.3682077,3246,1676104321,355924096,base_link,101258.0,0.0
1676104321.4286492,3247,1676104321,415277736,base_link,101258.75,0.0
1676104321.469192,3248,1676104321,454816736,base_link,101253.0,0.0
1676104321.529141,3249,1676104321,514170376,base_link,101246.75,0.0
1676104321.5860617,3250,1676104321,573476376,base_link,101246.5,0.0
1676104321.6470492,3251,1676104321,632829480,base_link,101249.5,0.0
1676104321.7069993,3252,1676104321,692198480,base_link,101249.25,0.0
1676104321.746385,3253,1676104321,731721864,base_link,101261.9921875,0.0
1676104321.8083026,3254,1676104321,795970864,base_link,101264.4921875,0.0
1676104321.8747442,3255,1676104321,850382760,base_link,101268.4921875,0.0
1676104321.9271598,3256,1676104321,914679656,base_link,101270.4921875,0.0
1676104321.96767,3257,1676104321,954216656,base_link,101267.9921875,0.0
1676104322.027551,3258,1676104322,13572296,base_link,101267.25,0.0
1676104322.0883372,3259,1676104322,72979296,base_link,101266.75,0.0
1676104322.1265054,3260,1676104322,112468192,base_link,101269.7421875,0.0
1676104322.2093816,3261,1676104322,196512192,base_link,101271.25,0.0
1676104322.247685,3262,1676104322,236067344,base_link,101266.5,0.0
1676104322.3064187,3263,1676104322,290432344,base_link,101269.7421875,0.0
1676104322.3688889,3264,1676104322,354729240,base_link,101272.5,0.0
1676104322.4085066,3265,1676104322,394268240,base_link,101278.75,0.0
1676104322.4673705,3266,1676104322,453834880,base_link,101281.5,0.0
1676104322.5299551,3267,1676104322,512977544,base_link,101278.25,0.0
1676104322.568623,3268,1676104322,552515544,base_link,101279.25,0.0
1676104322.6285806,3269,1676104322,616814184,base_link,101275.0,0.0
1676104322.6880872,3270,1676104322,676118184,base_link,101277.5,0.0
1676104322.748881,3271,1676104322,735474592,base_link,101279.5,0.0
1676104322.7882054,3272,1676104322,775010592,base_link,101278.9921875,0.0
1676104322.8493853,3273,1676104322,834366232,base_link,101278.75,0.0
1676104322.908476,3274,1676104322,893672232,base_link,101277.25,0.0
1676104322.9700692,3275,1676104322,957972128,base_link,101281.5,0.0
1676104323.0274343,3276,1676104323,12384304,base_link,101280.5,0.0
1676104323.0677102,3277,1676104323,51923304,base_link,101286.0,0.0
1676104323.1288202,3278,1676104323,111276968,base_link,101277.5,0.0
1676104323.187899,3279,1676104323,175524968,base_link,101277.5,0.0
1676104323.2285757,3280,1676104323,215112376,base_link,101276.5,0.0
1676104323.2890217,3281,1676104323,274418376,base_link,101271.25,0.0
1676104323.348289,3282,1676104323,333773504,base_link,101269.25,0.0
1676104323.409272,3283,1676104323,393079504,base_link,101273.25,0.0
1676104323.4476397,3284,1676104323,432667192,base_link,101274.25,0.0
1676104323.5063386,3285,1676104323,491973192,base_link,101287.2421875,0.0
1676104323.5671852,3286,1676104323,551369112,base_link,101282.4921875,0.0
1676104323.6083407,3287,1676104323,595810112,base_link,101282.9921875,0.0
1676104323.6909058,3288,1676104323,674934776,base_link,101287.5,0.0
1676104323.727383,3289,1676104323,714520696,base_link,101283.75,0.0
1676104323.7900703,3290,1676104323,773826696,base_link,101283.75,0.0
1676104323.8466296,3291,1676104323,833259104,base_link,101283.7421875,0.0
1676104323.8909369,3292,1676104323,877666104,base_link,101282.75,0.0
1676104323.9472725,3293,1676104323,932079280,base_link,101275.9921875,0.0
1676104324.0076702,3294,1676104323,996328280,base_link,101279.0,0.0
1676104324.0682452,3295,1676104324,55681456,base_link,101255.4921875,0.0
1676104324.1080778,3296,1676104324,95218456,base_link,101267.0,0.0
1676104324.1683521,3297,1676104324,154574632,base_link,101264.75,0.0
1676104324.227845,3298,1676104324,213931296,base_link,101263.7421875,0.0
1676104324.2694044,3299,1676104324,253468296,base_link,101266.25,0.0
1676104324.3292232,3300,1676104324,317767216,base_link,101273.0,0.0
1676104324.389539,3301,1676104324,377073216,base_link,101279.4921875,0.0
1676104324.4494767,3302,1676104324,436429648,base_link,101274.25,0.0
1676104324.5063367,3303,1676104324,490793648,base_link,101274.25,0.0
1676104324.5487778,3304,1676104324,535325336,base_link,101273.25,0.0
1676104324.6074684,3305,1676104324,594630336,base_link,101278.75,0.0
1676104324.6679432,3306,1676104324,653986768,base_link,101274.75,0.0
1676104324.7156818,3307,1676104324,693524768,base_link,101280.5,0.0
1676104324.7678633,3308,1676104324,752888112,base_link,101271.5,0.0
1676104324.829349,3309,1676104324,812245824,base_link,101280.25,0.0
1676104324.8889005,3310,1676104324,876495824,base_link,101272.75,0.0
1676104324.9276204,3311,1676104324,911140512,base_link,101278.0,0.0
1676104324.9871745,3312,1676104324,975414512,base_link,101277.5,0.0
1676104325.0485353,3313,1676104325,34745200,base_link,101270.2421875,0.0
1676104325.1076422,3314,1676104325,94051200,base_link,101271.75,0.0
1676104325.1698592,3315,1676104325,153408888,base_link,101277.25,0.0
1676104325.2073767,3316,1676104325,192959888,base_link,101272.25,0.0
1676104325.269411,3317,1676104325,257245832,base_link,101273.75,0.0
1676104325.3285966,3318,1676104325,316602520,base_link,101274.2421875,0.0
1676104325.3879988,3319,1676104325,375909520,base_link,101273.25,0.0
1676104325.4312787,3320,1676104325,415496952,base_link,101276.0,0.0
1676104325.4876528,3321,1676104325,474802952,base_link,101278.0,0.0
1676104325.5483563,3322,1676104325,534160152,base_link,101279.0,0.0
1676104325.588454,3323,1676104325,573698152,base_link,101275.25,0.0
1676104325.649526,3324,1676104325,633059840,base_link,101280.5,0.0
1676104325.7104125,3325,1676104325,697304840,base_link,101286.2578125,0.0
1676104325.7486014,3326,1676104325,736889760,base_link,101280.5078125,0.0
1676104325.8292394,3327,1676104325,816015960,base_link,101281.0,0.0
1676104325.8679414,3328,1676104325,855556960,base_link,101275.7421875,0.0
1676104325.927735,3329,1676104325,914911904,base_link,101274.5,0.0
1676104325.9906924,3330,1676104325,979159904,base_link,101274.0,0.0
1676104326.0282784,3331,1676104326,13805080,base_link,101277.75,0.0
1676104326.0889983,3332,1676104326,73112080,base_link,101272.25,0.0
1676104326.148232,3333,1676104326,132467512,base_link,101281.75,0.0
1676104326.2105713,3334,1676104326,196767968,base_link,101273.0,0.0
1676104326.250515,3335,1676104326,236304968,base_link,101274.75,0.0
1676104326.307604,3336,1676104326,295611968,base_link,101279.75,0.0
1676104326.3700817,3337,1676104326,354968656,base_link,101278.0,0.0
1676104326.4088733,3338,1676104326,394506656,base_link,101279.75,0.0
1676104326.4768384,3339,1676104326,458805856,base_link,101283.5,0.0
1676104326.5282812,3340,1676104326,513220800,base_link,101281.5,0.0
1676104326.590086,3341,1676104326,577472800,base_link,101283.25,0.0
1676104326.6487615,3342,1676104326,636826000,base_link,101282.75,0.0
1676104326.6910598,3343,1676104326,676366000,base_link,101274.0,0.0
1676104326.7471402,3344,1676104326,735722712,base_link,101285.75,0.0
1676104326.811049,3345,1676104326,795081168,base_link,101279.25,0.0
1676104326.8715503,3346,1676104326,859329168,base_link,101278.5,0.0
1676104326.9100518,3347,1676104326,893924168,base_link,101282.7421875,0.0
1676104326.9706697,3348,1676104326,958223624,base_link,101278.0,0.0
1676104327.0301707,3349,1676104327,17582336,base_link,101265.0,0.0
1676104327.0696175,3350,1676104327,57119336,base_link,101268.2421875,0.0
1676104327.1304348,3351,1676104327,116477048,base_link,101278.5,0.0
1676104327.1904912,3352,1676104327,175784048,base_link,101279.9921875,0.0
1676104327.250539,3353,1676104327,235141504,base_link,101279.5,0.0
1676104327.3110292,3354,1676104327,299441216,base_link,101285.0,0.0
1676104327.348988,3355,1676104327,334036216,base_link,101290.5,0.0
1676104327.4105074,3356,1676104327,397913928,base_link,101292.5,0.0
1676104327.468534,3357,1676104327,457844928,base_link,101295.0,0.0
1676104327.509645,3358,1676104327,492792928,base_link,101292.7421875,0.0
1676104327.5693653,3359,1676104327,557762896,base_link,101293.7421875,0.0
1676104327.6345744,3360,1676104327,617738608,base_link,101294.9921875,0.0
1676104327.690153,3361,1676104327,677664608,base_link,101294.2421875,0.0
1676104327.7293584,3362,1676104327,717665832,base_link,101291.75,0.0
1676104327.7906475,3363,1676104327,772597832,base_link,101294.4921875,0.0
1676104327.8503397,3364,1676104327,837567288,base_link,101294.0,0.0
1676104327.9106195,3365,1676104327,897544000,base_link,101294.4921875,0.0
1676104327.9703653,3366,1676104327,957470000,base_link,101292.25,0.0
1676104328.0108118,3367,1676104327,997470456,base_link,101294.4921875,0.0
1676104328.0703387,3368,1676104328,57396456,base_link,101295.2421875,0.0
1676104328.1306064,3369,1676104328,117373936,base_link,101294.2421875,0.0
1676104328.1697638,3370,1676104328,157341936,base_link,101293.9921875,0.0
1676104328.2360854,3371,1676104328,217300160,base_link,101293.25,0.0
1676104328.289482,3372,1676104328,277225160,base_link,101291.25,0.0
1676104328.3498616,3373,1676104328,337202384,base_link,101293.25,0.0
1676104328.389815,3374,1676104328,377152384,base_link,101294.9921875,0.0
1676104328.450392,3375,1676104328,437129608,base_link,101292.9921875,0.0
1676104328.5107365,3376,1676104328,497107088,base_link,101291.75,0.0
1676104328.5501132,3377,1676104328,537057088,base_link,101292.75,0.0
1676104328.6304708,3378,1676104328,617011056,base_link,101293.2421875,0.0
1676104328.670089,3379,1676104328,656977056,base_link,101292.75,0.0
1676104328.731009,3380,1676104328,716936536,base_link,101295.7421875,0.0
1676104328.789533,3381,1676104328,776861536,base_link,101294.7421875,0.0
1676104328.8308382,3382,1676104328,816863760,base_link,101292.7421875,0.0
1676104328.8904767,3383,1676104328,876799760,base_link,101292.7421875,0.0
1676104328.9514518,3384,1676104328,936765984,base_link,101296.25,0.0
1676104329.011235,3385,1676104328,996743464,base_link,101293.0,0.0
1676104329.0502024,3386,1676104329,36694464,base_link,101291.5,0.0
1676104329.1098151,3387,1676104329,96672456,base_link,101293.7421875,0.0
1676104329.1700187,3388,1676104329,156597456,base_link,101293.9921875,0.0
1676104329.2094092,3389,1676104329,196553456,base_link,101292.25,0.0
1676104329.2701738,3390,1676104329,256523424,base_link,101293.0,0.0
1676104329.330409,3391,1676104329,316501160,base_link,101293.2421875,0.0
1676104329.3900647,3392,1676104329,376426160,base_link,101295.7421875,0.0
1676104329.4488318,3393,1676104329,436403384,base_link,101291.75,0.0
1676104329.488704,3394,1676104329,476352384,base_link,101291.5,0.0
1676104329.5484025,3395,1676104329,536330864,base_link,101292.5,0.0
1676104329.6113057,3396,1676104329,596309600,base_link,101292.5,0.0
1676104329.6501055,3397,1676104329,636258600,base_link,101295.7421875,0.0
1676104329.71029,3398,1676104329,696235080,base_link,101293.9921875,0.0
1676104329.7708354,3399,1676104329,756161080,base_link,101295.4921875,0.0
1676104329.8311598,3400,1676104329,816137816,base_link,101291.75,0.0
1676104329.8705542,3401,1676104329,856164816,base_link,101292.5,0.0
1676104329.9313047,3402,1676104329,916065552,base_link,101293.4921875,0.0
1676104329.9922173,3403,1676104329,975990552,base_link,101293.0,0.0
1676104330.0524,3404,1676104330,40962032,base_link,101293.0,0.0
1676104330.108811,3405,1676104330,95894032,base_link,101292.75,0.0
1676104330.151721,3406,1676104330,140890280,base_link,101294.7421875,0.0
1676104330.2119627,3407,1676104330,200870760,base_link,101292.0,0.0
1676104330.2719316,3408,1676104330,260816760,base_link,101295.2421875,0.0
1676104330.3102593,3409,1676104330,295801752,base_link,101294.2421875,0.0
1676104330.3716056,3410,1676104330,355726752,base_link,101293.0,0.0
1676104330.4310303,3411,1676104330,415705000,base_link,101293.7421875,0.0
1676104330.4893384,3412,1676104330,475630000,base_link,101293.0,0.0
1676104330.5324657,3413,1676104330,520627736,base_link,101292.25,0.0
1676104330.5892067,3414,1676104330,575559736,base_link,101293.9921875,0.0
1676104330.6494095,3415,1676104330,635537472,base_link,101294.7421875,0.0
1676104330.690448,3416,1676104330,675486472,base_link,101291.75,0.0
1676104330.7523456,3417,1676104330,740457208,base_link,101293.9921875,0.0
1676104330.8098931,3418,1676104330,795441712,base_link,101293.2421875,0.0
1676104330.8703265,3419,1676104330,855366712,base_link,101292.4921875,0.0
1676104330.9320755,3420,1676104330,920339704,base_link,101291.75,0.0
1676104330.9711654,3421,1676104330,960288704,base_link,101292.0,0.0
1676104331.0317638,3422,1676104331,20267208,base_link,101294.4921875,0.0
1676104331.0914607,3423,1676104331,80192208,base_link,101294.9921875,0.0
1676104331.1506367,3424,1676104331,140169944,base_link,101293.9921875,0.0
1676104331.18966,3425,1676104331,175125944,base_link,101291.4921875,0.0
1676104331.2498734,3426,1676104331,235104936,base_link,101293.0,0.0
1676104331.3109622,3427,1676104331,300076696,base_link,101292.25,0.0
1676104331.3502538,3428,1676104331,335032696,base_link,101292.7421875,0.0
1676104331.4111044,3429,1676104331,400187176,base_link,101295.2421875,0.0
1676104331.4724796,3430,1676104331,459930176,base_link,101294.7421875,0.0
1676104331.5313177,3431,1676104331,514915168,base_link,101293.25,0.0
1676104331.5907657,3432,1676104331,575091168,base_link,101292.75,0.0
1676104331.6311164,3433,1676104331,619835160,base_link,101294.0,0.0
1676104331.6912365,3434,1676104331,679760160,base_link,101293.0,0.0
1676104331.750325,3435,1676104331,739781408,base_link,101292.75,0.0
1676104331.7922432,3436,1676104331,779688408,base_link,101292.5,0.0
1676104331.8520155,3437,1676104331,839667400,base_link,101292.9921875,0.0
1676104331.911549,3438,1676104331,899646160,base_link,101292.9921875,0.0
1676104331.9725668,3439,1676104331,959570160,base_link,101293.4921875,0.0
1676104332.0137427,3440,1676104331,999572896,base_link,101294.25,0.0
1676104332.0703242,3441,1676104332,54504896,base_link,101291.75,0.0
1676104332.1296778,3442,1676104332,114481888,base_link,101293.2421875,0.0
1676104332.1718817,3443,1676104332,159426888,base_link,101292.9921875,0.0
1676104332.24928,3444,1676104332,234384880,base_link,101292.9921875,0.0
1676104332.2920256,3445,1676104332,279328880,base_link,101292.25,0.0
1676104332.351014,3446,1676104332,339309872,base_link,101292.5,0.0
1676104332.4110653,3447,1676104332,399286120,base_link,101293.7421875,0.0
1676104332.4499218,3448,1676104332,439235120,base_link,101293.2421875,0.0
1676104332.5128553,3449,1676104332,499216368,base_link,101294.4921875,0.0
1676104332.5733356,3450,1676104332,559138368,base_link,101289.4921875,0.0
1676104332.6312444,3451,1676104332,619115848,base_link,101292.25,0.0
1676104332.6727605,3452,1676104332,659066848,base_link,101292.4921875,0.0
1676104332.7324505,3453,1676104332,719044352,base_link,101292.25,0.0
1676104332.791418,3454,1676104332,779201352,base_link,101294.7421875,0.0
1676104332.831859,3455,1676104332,818973344,base_link,101292.75,0.0
1676104332.8927298,3456,1676104332,878899344,base_link,101292.9921875,0.0
1676104332.9512255,3457,1676104332,938876848,base_link,101292.4921875,0.0
1676104333.0120792,3458,1676104332,998856096,base_link,101289.75,0.0
1676104333.0724385,3459,1676104333,58780096,base_link,101291.5,0.0
1676104333.1118362,3460,1676104333,98783600,base_link,101292.9921875,0.0
1676104333.1704412,3461,1676104333,158708600,base_link,101293.7421875,0.0
1676104333.232638,3462,1676104333,218687104,base_link,101293.7421875,0.0
1676104333.292191,3463,1676104333,278612104,base_link,101292.9921875,0.0
1676104333.3308432,3464,1676104333,318615352,base_link,101292.9921875,0.0
1676104333.393276,3465,1676104333,378540352,base_link,101293.7421875,0.0
1676104333.4523816,3466,1676104333,438518600,base_link,101293.25,0.0
1676104333.4918008,3467,1676104333,478468600,base_link,101293.25,0.0
1676104333.5522625,3468,1676104333,538447104,base_link,101294.5,0.0
1676104333.611472,3469,1676104333,598425608,base_link,101293.0,0.0
1676104333.6713014,3470,1676104333,658350608,base_link,101291.75,0.0
1676104333.7331088,3471,1676104333,718328856,base_link,101293.25,0.0
1676104333.771304,3472,1676104333,758279856,base_link,101294.4921875,0.0
1676104333.8331258,3473,1676104333,818258104,base_link,101291.5,0.0
1676104333.8912675,3474,1676104333,878183104,base_link,101293.7421875,0.0
1676104333.9337401,3475,1676104333,918185864,base_link,101292.25,0.0
1676104333.9906876,3476,1676104333,978112864,base_link,101292.0,0.0
1676104334.0512378,3477,1676104334,38089368,base_link,101290.75,0.0
1676104334.1119444,3478,1676104334,98067616,base_link,101292.25,0.0
1676104334.1505249,3479,1676104334,138018616,base_link,101293.25,0.0
1676104334.2112353,3480,1676104334,197996120,base_link,101291.75,0.0
1676104334.2718582,3481,1676104334,257921120,base_link,101292.7421875,0.0
1676104334.3327403,3482,1676104334,317899624,base_link,101292.0,0.0
1676104334.391716,3483,1676104334,377824624,base_link,101293.7421875,0.0
1676104334.4319274,3484,1676104334,417830872,base_link,101293.2421875,0.0
1676104334.4915667,3485,1676104334,477753872,base_link,101293.25,0.0
1676104334.5528824,3486,1676104334,542726120,base_link,101293.9921875,0.0
1676104334.5920439,3487,1676104334,577682120,base_link,101292.75,0.0
1676104334.651667,3488,1676104334,637717624,base_link,101292.9921875,0.0
1676104334.7123036,3489,1676104334,697644128,base_link,101291.2421875,0.0
1676104334.7727695,3490,1676104334,757564128,base_link,101291.25,0.0
1676104334.810709,3491,1676104334,797567632,base_link,101291.25,0.0
1676104334.8729742,3492,1676104334,857492632,base_link,101294.2421875,0.0
1676104334.9333875,3493,1676104334,922465880,base_link,101294.25,0.0
1676104334.9724863,3494,1676104334,962414880,base_link,101293.2421875,0.0
1676104335.0325537,3495,1676104335,22393384,base_link,101294.2421875,0.0
1676104335.0928333,3496,1676104335,82318384,base_link,101294.7421875,0.0
1676104335.1527526,3497,1676104335,142296888,base_link,101292.25,0.0
1676104335.2126489,3498,1676104335,202275392,base_link,101292.5,0.0
1676104335.2519085,3499,1676104335,242225392,base_link,101291.5,0.0
1676104335.3114548,3500,1676104335,302202640,base_link,101292.75,0.0
1676104335.3716533,3501,1676104335,362431640,base_link,101293.9921875,0.0
1676104335.4320002,3502,1676104335,422108144,base_link,101292.75,0.0
1676104335.4713173,3503,1676104335,457064144,base_link,101296.25,0.0
1676104335.5318742,3504,1676104335,522035392,base_link,101293.2421875,0.0
1676104335.5923588,3505,1676104335,581971392,base_link,101293.2421875,0.0
1676104335.6320066,3506,1676104335,621963896,base_link,101292.5,0.0
1676104335.69113,3507,1676104335,681888896,base_link,101294.4921875,0.0
1676104335.7513614,3508,1676104335,741867400,base_link,101294.0,0.0
1676104335.7944775,3509,1676104335,781817400,base_link,101294.4921875,0.0
1676104335.8718302,3510,1676104335,861771904,base_link,101292.5,0.0
1676104335.9129832,3511,1676104335,901774408,base_link,101293.7421875,0.0
1676104335.9735105,3512,1676104335,961700408,base_link,101292.2421875,0.0
1676104336.033935,3513,1676104336,21677656,base_link,101295.2421875,0.0
1676104336.0746868,3514,1676104336,61635656,base_link,101291.25,0.0
1676104336.1349056,3515,1676104336,121607160,base_link,101290.5,0.0
