Time,header.seq,header.stamp.secs,header.stamp.nsecs,header.frame_id,rssi,channels_0,channels_1,channels_2,channels_3,channels_4,channels_5,channels_6,channels_7,channels_8,channels_9,channels_10,channels_11,channels_12,channels_13,channels_14,channels_15,channels_16,channels_17
1676104290.0594108,1454,1676104289,997586880,,255,1499,1498,1066,1498,1499,1065,1065,1065,1065,1933,1514,1542,1514,1514,1514,1514,998,998
1676104290.10417,1455,1676104290,89591488,,255,1498,1498,1066,1498,1499,1065,1065,1065,1065,1933,1514,1542,1514,1514,1514,1514,998,998
1676104290.2032373,1456,1676104290,197595584,,255,1499,1498,1066,1498,1499,1065,1065,1065,1065,1933,1514,1542,1514,1514,1514,1514,998,998
1676104290.3057718,1457,1676104290,293599936,,255,1499,1498,1066,1498,1499,1065,1065,1065,1065,1933,1514,1542,1514,1514,1514,1514,998,998
1676104290.4053454,1458,1676104290,397604032,,255,1499,1498,1066,1498,1499,1065,1065,1065,1065,1933,1514,1542,1514,1514,1514,1514,998,998
1676104290.5086443,1459,1676104290,493608640,,255,1498,1498,1066,1498,1499,1065,1065,1065,1065,1933,1514,1542,1514,1514,1514,1514,998,998
1676104290.609917,1460,1676104290,597612992,,255,1498,1498,1066,1498,1499,1065,1065,1065,1065,1933,1514,1542,1514,1514,1514,1514,998,998
1676104290.702689,1461,1676104290,693617600,,255,1499,1498,1066,1498,1499,1065,1065,1065,1065,1933,1514,1542,1514,1514,1514,1514,998,998
1676104290.8037345,1462,1676104290,797622208,,255,1499,1498,1066,1498,1499,1065,1065,1065,1065,1933,1514,1542,1514,1514,1514,1514,998,998
1676104290.9037557,1463,1676104290,894626816,,255,1498,1498,1066,1498,1499,1065,1065,1065,1065,1933,1514,1542,1514,1514,1514,1514,998,998
1676104291.010087,1464,1676104291,1631424,,255,1499,1498,1066,1498,1499,1065,1065,1065,1065,1933,1514,1542,1514,1514,1514,1514,998,998
1676104291.1061249,1465,1676104291,93635776,,255,1499,1498,1066,1498,1499,1065,1065,1065,1065,1933,1514,1542,1514,1514,1514,1514,998,998
1676104291.2087808,1466,1676104291,197639872,,255,1499,1498,1066,1498,1499,1065,1065,1065,1065,1933,1514,1542,1514,1514,1514,1514,998,998
1676104291.3054237,1467,1676104291,293644480,,255,1499,1498,1066,1498,1499,1065,1065,1065,1065,1933,1514,1542,1514,1514,1514,1514,998,998
1676104291.4083061,1468,1676104291,401648832,,255,1499,1498,1066,1498,1499,1065,1065,1065,1065,1933,1514,1542,1514,1514,1514,1514,998,998
1676104291.5085933,1469,1676104291,493653440,,255,1498,1498,1066,1498,1499,1065,1065,1065,1065,1933,1514,1542,1514,1514,1514,1514,998,998
1676104291.6067853,1470,1676104291,601658048,,255,1499,1498,1066,1498,1499,1065,1065,1065,1065,1933,1514,1542,1514,1514,1514,1514,998,998
1676104291.7048416,1471,1676104291,693662656,,255,1499,1498,1066,1498,1499,1065,1065,1065,1065,1933,1514,1542,1514,1514,1514,1514,998,998
1676104291.8052714,1472,1676104291,789667264,,255,1498,1498,1066,1498,1499,1065,1065,1065,1065,1933,1514,1542,1514,1514,1514,1514,998,998
1676104291.9075491,1473,1676104291,897671872,,255,1499,1498,1066,1498,1499,1065,1065,1065,1065,1933,1514,1542,1514,1514,1514,1514,998,998
1676104292.0066113,1474,1676104292,1676736,,255,1499,1498,1066,1498,1499,1065,1065,1065,1065,1933,1514,1542,1514,1514,1514,1514,998,998
1676104292.1085577,1475,1676104292,93681344,,255,1499,1498,1066,1498,1499,1065,1065,1065,1065,1933,1514,1542,1514,1514,1514,1514,998,998
1676104292.2046998,1476,1676104292,189685184,,255,1499,1498,1066,1498,1499,1065,1065,1065,1065,1933,1514,1542,1514,1514,1514,1514,998,998
1676104292.3038626,1477,1676104292,297689792,,255,1499,1498,1066,1498,1499,1065,1065,1065,1065,1933,1514,1542,1514,1514,1514,1514,998,998
1676104292.403271,1478,1676104292,389694912,,255,1499,1498,1066,1498,1499,1065,1065,1065,1065,1933,1514,1542,1514,1514,1514,1514,998,998
1676104292.5068262,1479,1676104292,497699776,,255,1499,1498,1066,1498,1499,1065,1065,1065,1065,1933,1514,1542,1514,1514,1514,1514,998,998
1676104292.6065686,1480,1676104292,589704640,,255,1498,1498,1066,1498,1499,1065,1065,1065,1065,1933,1514,1542,1514,1514,1514,1514,998,998
1676104292.7044537,1481,1676104292,697708992,,255,1499,1498,1066,1498,1499,1065,1065,1065,1065,1933,1514,1542,1514,1514,1514,1514,998,998
1676104292.8055513,1482,1676104292,789713856,,255,1499,1498,1066,1498,1499,1065,1065,1065,1065,1933,1514,1542,1514,1514,1514,1514,998,998
1676104292.9038672,1483,1676104292,897719488,,255,1499,1498,1066,1498,1499,1065,1065,1065,1065,1933,1514,1542,1514,1514,1514,1514,998,998
1676104293.0026875,1484,1676104292,989724096,,255,1499,1498,1066,1498,1499,1065,1065,1065,1065,1933,1514,1542,1514,1514,1514,1514,998,998
1676104293.1038668,1485,1676104293,98728704,,255,1498,1498,1066,1498,1499,1065,1065,1065,1065,1933,1514,1542,1514,1514,1514,1514,998,998
1676104293.2054317,1486,1676104293,189731520,,255,1498,1498,1066,1498,1499,1065,1065,1065,1065,1933,1514,1542,1514,1514,1514,1514,998,998
1676104293.3026679,1487,1676104293,297735872,,255,1499,1498,1066,1498,1499,1065,1065,1065,1065,1933,1514,1542,1514,1514,1514,1514,998,998
1676104293.4050784,1488,1676104293,393740480,,255,1499,1498,1066,1498,1499,1065,1065,1065,1065,1933,1514,1542,1514,1514,1514,1514,998,998
1676104293.5064137,1489,1676104293,497745344,,255,1498,1498,1066,1498,1499,1065,1065,1065,1065,1933,1514,1542,1514,1514,1514,1514,998,998
1676104293.6075969,1490,1676104293,589749696,,255,1499,1498,1066,1498,1499,1065,1065,1065,1065,1933,1514,1542,1514,1514,1514,1514,998,998
1676104293.7059407,1491,1676104293,697755840,,255,1498,1498,1066,1498,1499,1065,1065,1065,1065,1933,1514,1542,1514,1514,1514,1514,998,998
1676104293.8062673,1492,1676104293,793759936,,255,1498,1498,1066,1498,1499,1065,1933,1065,1065,1933,1514,1542,1514,1514,1514,1514,998,998
1676104293.904515,1493,1676104293,897765312,,255,1499,1498,1066,1498,1499,1065,1933,1065,1065,1933,1514,1542,1514,1514,1514,1514,998,998
1676104294.0032952,1494,1676104293,993770176,,255,1499,1498,1066,1498,1499,1065,1933,1065,1065,1933,1514,1542,1514,1514,1514,1514,998,998
1676104294.102475,1495,1676104294,97777088,,255,1498,1498,1066,1498,1499,1065,1933,1065,1065,1933,1514,1542,1514,1514,1514,1514,998,998
1676104294.2094219,1496,1676104294,193781952,,255,1499,1498,1066,1498,1499,1065,1933,1065,1065,1933,1514,1542,1514,1514,1514,1514,998,998
1676104294.3036156,1497,1676104294,297787328,,255,1499,1498,1066,1498,1499,1065,1933,1065,1065,1933,1514,1542,1514,1514,1514,1514,998,998
1676104294.4039207,1498,1676104294,393793984,,255,1499,1498,1066,1498,1499,1065,1933,1065,1065,1933,1514,1542,1514,1514,1514,1514,998,998
1676104294.5059528,1499,1676104294,497800128,,255,1499,1498,1066,1498,1499,1065,1933,1065,1065,1933,1514,1542,1514,1514,1514,1514,998,998
1676104294.6043124,1500,1676104294,593806016,,255,1499,1498,1066,1498,1499,1065,1933,1065,1065,1933,1514,1542,1514,1514,1514,1514,998,998
1676104294.7028532,1501,1676104294,697812160,,255,1499,1498,1066,1498,1499,1065,1933,1065,1065,1933,1514,1542,1514,1514,1514,1514,998,998
1676104294.8030772,1502,1676104294,793817792,,255,1499,1498,1066,1498,1499,1065,1933,1065,1065,1933,1514,1542,1514,1514,1514,1514,998,998
1676104294.9031699,1503,1676104294,897824704,,255,1498,1498,1066,1498,1499,1065,1933,1065,1065,1933,1514,1542,1514,1514,1514,1514,998,998
1676104295.0068512,1504,1676104294,993832128,,255,1499,1498,1066,1498,1499,1065,1933,1065,1065,1933,1514,1542,1514,1514,1514,1514,998,998
1676104295.1059487,1505,1676104295,85839040,,255,1499,1498,1066,1498,1499,1065,1933,1065,1065,1933,1514,1542,1514,1514,1514,1514,998,998
1676104295.2044256,1506,1676104295,193846208,,255,1499,1498,1066,1498,1499,1065,1933,1065,1065,1933,1514,1542,1514,1514,1514,1514,998,998
1676104295.30502,1507,1676104295,285853120,,255,1498,1498,1066,1498,1499,1065,1933,1065,1065,1933,1514,1542,1514,1514,1514,1514,998,998
1676104295.4062436,1508,1676104295,397861056,,255,1499,1498,1066,1498,1499,1065,1933,1065,1065,1065,1514,1542,1514,1514,1514,1514,998,998
1676104295.506734,1509,1676104295,489869504,,255,1498,1498,1066,1498,1499,1065,1933,1065,1065,1065,1514,1542,1514,1514,1514,1514,998,998
1676104295.6055965,1510,1676104295,593877696,,255,1499,1498,1066,1498,1499,1065,1933,1065,1065,1065,1514,1542,1514,1514,1514,1514,998,998
1676104295.706371,1511,1676104295,701886656,,255,1498,1498,1066,1498,1499,1065,1933,1065,1065,1065,1514,1542,1514,1514,1514,1514,998,998
1676104295.8058586,1512,1676104295,797897152,,255,1499,1498,1066,1498,1499,1065,1933,1065,1065,1065,1514,1542,1514,1514,1514,1514,998,998
1676104295.9042957,1513,1676104295,889906368,,255,1499,1498,1066,1498,1499,1065,1933,1065,1065,1065,1514,1542,1514,1514,1514,1514,998,998
1676104296.0065827,1514,1676104295,993915840,,255,1499,1498,1066,1498,1499,1065,1933,1065,1065,1065,1514,1542,1514,1514,1514,1514,998,998
1676104296.1072884,1515,1676104296,89925568,,255,1499,1498,1066,1498,1499,1065,1933,1065,1065,1065,1514,1542,1514,1514,1514,1514,998,998
1676104296.2055545,1516,1676104296,197935552,,255,1499,1498,1066,1498,1499,1065,1933,1065,1065,1065,1514,1542,1514,1514,1514,1514,998,998
1676104296.3071284,1517,1676104296,301946048,,255,1499,1498,1066,1498,1499,1065,1933,1065,1065,1065,1514,1542,1514,1514,1514,1514,998,998
1676104296.4058888,1518,1676104296,397956544,,255,1499,1498,1066,1498,1499,1065,1933,1065,1065,1065,1514,1542,1514,1514,1514,1514,998,998
1676104296.5049195,1519,1676104296,489967552,,255,1499,1498,1066,1498,1499,1065,1933,1065,1065,1065,1514,1542,1514,1514,1514,1514,998,998
1676104296.60533,1520,1676104296,597978560,,255,1499,1498,1066,1498,1499,1065,1933,1065,1065,1065,1514,1542,1514,1514,1514,1514,998,998
1676104296.7080524,1521,1676104296,701989568,,255,1499,1498,1066,1498,1499,1065,1933,1065,1065,1065,1514,1542,1514,1514,1514,1514,998,998
1676104296.8063622,1522,1676104296,798000832,,255,1499,1498,1066,1498,1499,1065,1933,1065,1065,1065,1514,1542,1514,1514,1514,1514,998,998
1676104296.9067369,1523,1676104296,890012864,,255,1499,1498,1066,1498,1499,1065,1933,1065,1065,1065,1514,1542,1514,1514,1514,1514,998,998
1676104297.0070295,1524,1676104296,998024896,,255,1498,1498,1066,1498,1499,1065,1933,1065,1065,1065,1514,1542,1514,1514,1514,1514,998,998
1676104297.1076005,1525,1676104297,94037184,,255,1498,1498,1066,1498,1499,1065,1933,1065,1065,1065,1514,1542,1514,1514,1514,1514,998,998
1676104297.2085817,1526,1676104297,198049728,,255,1499,1498,1066,1498,1499,1065,1933,1065,1065,1065,1514,1542,1514,1514,1514,1514,998,998
1676104297.3067553,1527,1676104297,290062016,,255,1499,1498,1066,1498,1499,1065,1933,1065,1065,1065,1514,1542,1514,1514,1514,1514,998,998
1676104297.4071178,1528,1676104297,402074816,,255,1499,1498,1066,1498,1499,1065,1933,1065,1065,1065,1514,1542,1514,1514,1514,1514,998,998
1676104297.5077229,1529,1676104297,494087872,,255,1499,1498,1066,1498,1499,1065,1933,1065,1065,1065,1514,1542,1514,1514,1514,1514,998,998
1676104297.606793,1530,1676104297,598100928,,255,1499,1498,1066,1498,1499,1065,1933,1065,1065,1065,1514,1542,1514,1514,1514,1514,998,998
1676104297.7060041,1531,1676104297,694114496,,255,1499,1498,1066,1498,1499,1065,1933,1065,1065,1065,1514,1542,1514,1514,1514,1514,998,998
1676104297.8083506,1532,1676104297,802128064,,255,1499,1498,1066,1498,1499,1065,1933,1065,1065,1065,1514,1542,1514,1514,1514,1514,998,998
1676104297.906925,1533,1676104297,894142144,,255,1499,1498,1066,1498,1499,1065,1933,1065,1065,1065,1514,1542,1514,1514,1514,1514,998,998
1676104298.0063481,1534,1676104297,986156224,,255,1499,1498,1066,1498,1499,1065,1933,1065,1065,1065,1514,1542,1514,1514,1514,1514,998,998
1676104298.1077664,1535,1676104298,94170560,,255,1499,1498,1066,1498,1499,1065,1933,1065,1065,1065,1514,1542,1514,1514,1514,1514,998,998
1676104298.2071347,1536,1676104298,186185408,,255,1499,1498,1066,1498,1499,1065,1933,1065,1065,1065,1514,1542,1514,1514,1514,1514,998,998
1676104298.3071039,1537,1676104298,294200256,,255,1499,1498,1066,1498,1499,1065,1933,1065,1065,1065,1514,1542,1514,1514,1514,1514,998,998
1676104298.4078755,1538,1676104298,386215616,,255,1498,1498,1066,1498,1499,1065,1933,1065,1065,1065,1514,1542,1514,1514,1514,1514,998,998
1676104298.5081983,1539,1676104298,494230720,,255,1499,1498,1066,1498,1499,1065,1933,1065,1065,1065,1514,1542,1514,1514,1514,1514,998,998
1676104298.606249,1540,1676104298,590246848,,255,1499,1498,1066,1498,1499,1065,1933,1065,1065,1065,1514,1542,1514,1514,1514,1514,998,998
1676104298.7071822,1541,1676104298,694262720,,255,1499,1498,1066,1498,1499,1065,1933,1065,1065,1065,1514,1542,1514,1514,1514,1514,998,998
1676104298.8085098,1542,1676104298,802278848,,255,1499,1498,1066,1498,1499,1065,1933,1065,1065,1065,1514,1542,1514,1514,1514,1514,998,998
1676104298.9089146,1543,1676104298,894294464,,255,1498,1498,1066,1498,1499,1065,1933,1065,1065,1065,1514,1542,1514,1514,1514,1514,998,998
1676104299.011625,1544,1676104298,990310592,,255,1499,1498,1066,1498,1499,1065,1933,1065,1065,1065,1514,1542,1514,1514,1514,1514,998,998
1676104299.109578,1545,1676104299,94325952,,255,1499,1498,1066,1498,1499,1065,1933,1065,1065,1065,1514,1542,1514,1514,1514,1514,998,998
1676104299.20622,1546,1676104299,190341824,,255,1498,1498,1066,1498,1499,1065,1933,1065,1065,1065,1514,1542,1514,1514,1514,1514,998,998
1676104299.3087344,1547,1676104299,294358464,,255,1499,1498,1066,1498,1499,1065,1933,1065,1065,1065,1514,1542,1514,1514,1514,1514,998,998
1676104299.40787,1548,1676104299,390375104,,255,1499,1498,1066,1498,1499,1065,1933,1065,1065,1065,1514,1542,1514,1514,1514,1514,998,998
1676104299.5086336,1549,1676104299,498393024,,255,1498,1498,1066,1498,1499,1065,1933,1065,1065,1065,1514,1542,1514,1514,1514,1514,998,998
1676104299.60806,1550,1676104299,590409920,,255,1499,1498,1066,1498,1499,1065,1933,1065,1065,1065,1514,1542,1514,1514,1514,1514,998,998
1676104299.7095997,1551,1676104299,698427840,,255,1499,1498,1066,1498,1499,1065,1933,1065,1065,1065,1514,1542,1514,1514,1514,1514,998,998
1676104299.8089867,1552,1676104299,790443968,,255,1499,1498,1066,1498,1499,1065,1933,1065,1065,1065,1514,1542,1514,1514,1514,1514,998,998
1676104299.9084444,1553,1676104299,898462144,,255,1499,1498,1066,1498,1499,1065,1933,1065,1065,1065,1514,1542,1514,1514,1514,1514,998,998
1676104300.0096388,1554,1676104300,2500032,,255,1498,1498,1066,1498,1499,1065,1933,1065,1065,1065,1514,1542,1514,1514,1514,1514,998,998
1676104300.110352,1555,1676104300,98500032,,255,1499,1498,1066,1498,1499,1065,1933,1065,1065,1065,1514,1542,1514,1514,1514,1514,998,998
1676104300.2088969,1556,1676104300,191520256,,255,1499,1498,1066,1498,1499,1065,1933,1065,1065,1065,1514,1542,1514,1514,1514,1514,998,998
1676104300.307568,1557,1676104300,298539456,,255,1499,1498,1066,1498,1499,1065,1933,1065,1065,1065,1514,1542,1514,1514,1514,1514,998,998
1676104300.408523,1558,1676104300,390559168,,255,1499,1498,1066,1498,1499,1065,1933,1065,1065,1065,1514,1542,1514,1514,1514,1514,998,998
1676104300.5074959,1559,1676104300,498578112,,255,1499,1498,1066,1498,1499,1065,1933,1065,1065,1065,1514,1542,1514,1514,1514,1514,998,998
1676104300.6096663,1560,1676104300,594598080,,255,1499,1498,1066,1498,1499,1065,1933,1065,1065,1065,1514,1542,1514,1514,1514,1514,998,998
1676104300.7097857,1561,1676104300,698618304,,255,1499,1498,1066,1498,1499,1065,1933,1065,1065,1065,1514,1542,1514,1514,1514,1514,998,998
1676104300.8079562,1562,1676104300,790638784,,255,1499,1498,1066,1498,1499,1065,1933,1065,1065,1065,1514,1542,1514,1514,1514,1514,998,998
1676104300.9070451,1563,1676104300,898659520,,255,1499,1498,1066,1498,1499,1065,1933,1065,1065,1065,1514,1542,1514,1514,1514,1514,998,998
1676104301.010281,1564,1676104300,994700736,,255,1499,1498,1066,1498,1499,1065,1933,1065,1065,1065,1514,1542,1514,1514,1514,1514,998,998
1676104301.1092124,1565,1676104301,98700736,,255,1499,1498,1066,1498,1499,1065,1933,1065,1065,1065,1514,1542,1514,1514,1514,1514,998,998
1676104301.2098916,1566,1676104301,194722496,,255,1498,1498,1066,1498,1499,1065,1933,1065,1065,1065,1514,1542,1514,1514,1514,1514,998,998
1676104301.3086185,1567,1676104301,298744512,,255,1499,1498,1066,1498,1499,1065,1933,1065,1065,1065,1514,1542,1514,1514,1514,1514,998,998
1676104301.4112275,1568,1676104301,394787776,,255,1499,1498,1066,1498,1499,1065,1933,1065,1065,1065,1514,1542,1514,1514,1514,1514,998,998
1676104301.5091884,1569,1676104301,486787776,,255,1499,1498,1066,1498,1499,1065,1933,1065,1065,1065,1514,1542,1514,1514,1514,1514,998,998
1676104301.6092908,1570,1676104301,594811840,,255,1498,1498,1066,1498,1499,1065,1933,1065,1065,1065,1514,1542,1514,1514,1514,1514,998,998
1676104301.7111003,1571,1676104301,698856640,,255,1499,1498,1066,1498,1499,1065,1933,1065,1065,1065,1514,1542,1514,1514,1514,1514,998,998
1676104301.8085887,1572,1676104301,794856640,,255,1499,1498,1066,1498,1499,1065,1933,1065,1065,1065,1514,1542,1514,1514,1514,1514,998,998
1676104301.9104688,1573,1676104301,886878400,,255,1499,1498,1066,1498,1499,1065,1933,1065,1065,1065,1514,1542,1514,1514,1514,1514,998,998
1676104302.0114717,1574,1676104301,994923200,,255,1499,1498,1066,1498,1499,1065,1933,1065,1065,1065,1514,1542,1514,1514,1514,1514,998,998
1676104302.1103644,1575,1676104302,86946240,,255,1499,1498,1066,1498,1499,1065,1933,1065,1065,1065,1514,1542,1514,1514,1514,1514,998,998
1676104302.210755,1576,1676104302,194969792,,255,1499,1498,1066,1498,1499,1065,1933,1065,1065,1065,1514,1542,1514,1514,1514,1514,998,998
1676104302.3105807,1577,1676104302,286993088,,255,1499,1498,1066,1498,1499,1065,1933,1065,1065,1065,1514,1542,1514,1514,1514,1514,998,998
1676104302.408984,1578,1676104302,394993088,,255,1499,1498,1066,1498,1499,1065,1933,1065,1065,1065,1514,1542,1514,1514,1514,1514,998,998
1676104302.5116954,1579,1676104302,503040192,,255,1499,1498,1066,1498,1499,1065,1933,1065,1065,1065,1514,1542,1514,1514,1514,1514,998,998
1676104302.6109412,1580,1676104302,599064512,,255,1499,1498,1066,1498,1499,1065,1933,1065,1065,1065,1514,1542,1514,1514,1514,1514,998,998
1676104302.7093775,1581,1676104302,691064512,,255,1499,1498,1066,1498,1499,1065,1933,1065,1065,1065,1514,1542,1514,1514,1514,1514,998,998
1676104302.8114297,1582,1676104302,795113152,,255,1499,1498,1066,1498,1499,1065,1933,1065,1065,1065,1514,1542,1514,1514,1514,1514,998,998
1676104302.9116938,1583,1676104302,903137728,,255,1499,1498,1066,1498,1499,1065,1933,1065,1065,1065,1514,1542,1514,1514,1514,1514,998,998
1676104303.0101173,1584,1676104302,999162048,,255,1498,1498,1066,1498,1499,1065,1933,1065,1065,1065,1514,1542,1514,1514,1514,1514,998,998
1676104303.1102962,1585,1676104303,91188160,,255,1498,1498,1066,1498,1499,1065,1933,1065,1065,1065,1514,1542,1514,1514,1514,1514,998,998
1676104303.2116315,1586,1676104303,199213504,,255,1499,1498,1066,1498,1499,1065,1933,1065,1065,1065,1514,1542,1514,1514,1514,1514,998,998
1676104303.3109927,1587,1676104303,291239104,,255,1499,1498,1066,1498,1499,1065,1933,1065,1065,1065,1514,1542,1514,1514,1514,1514,998,998
1676104303.4112296,1588,1676104303,399264960,,255,1499,1498,1066,1498,1499,1065,1933,1065,1065,1065,1514,1542,1514,1514,1514,1514,998,998
1676104303.5102773,1589,1676104303,491290560,,255,1498,1498,1066,1498,1499,1065,1933,1065,1065,1065,1514,1542,1514,1514,1514,1514,998,998
1676104303.6118288,1590,1676104303,599316672,,255,1499,1498,1066,1498,1499,1065,1933,1065,1065,1065,1514,1542,1514,1514,1514,1514,998,998
1676104303.7116947,1591,1676104303,691342528,,255,1499,1498,1066,1498,1499,1065,1933,1065,1065,1065,1514,1542,1514,1514,1514,1514,998,998
1676104303.8105147,1592,1676104303,799369152,,255,1499,1498,1066,1498,1499,1065,1933,1065,1065,1065,1514,1542,1514,1514,1514,1514,998,998
1676104303.9133718,1593,1676104303,891395264,,255,1499,1498,1066,1498,1499,1065,1933,1065,1065,1065,1514,1542,1514,1514,1514,1514,998,998
1676104304.012191,1594,1676104303,999421888,,255,1498,1498,1066,1498,1499,1065,1933,1065,1065,1065,1514,1542,1514,1514,1514,1514,998,998
1676104304.1120656,1595,1676104304,91448512,,255,1498,1498,1066,1498,1499,1065,1933,1065,1065,1065,1514,1542,1514,1514,1514,1514,998,998
1676104304.2111175,1596,1676104304,199475648,,255,1499,1498,1066,1498,1499,1065,1933,1065,1065,1065,1514,1542,1514,1514,1514,1514,998,998
1676104304.3167539,1597,1676104304,291502528,,255,1499,1498,1066,1498,1499,1065,1933,1065,1065,1065,1514,1542,1514,1514,1514,1514,998,998
1676104304.411446,1598,1676104304,399529664,,255,1499,1498,1066,1498,1499,1065,1933,1065,1065,1065,1514,1542,1514,1514,1514,1514,998,998
1676104304.5118089,1599,1676104304,491557056,,255,1499,1498,1066,1498,1499,1065,1933,1065,1065,1065,1514,1542,1514,1514,1514,1514,998,998
1676104304.6105185,1600,1676104304,587585216,,255,1499,1498,1066,1498,1499,1065,1933,1065,1065,1065,1514,1542,1514,1514,1514,1514,998,998
1676104304.7116346,1601,1676104304,695613120,,255,1499,1498,1066,1498,1499,1065,1933,1065,1065,1065,1514,1542,1514,1514,1514,1514,998,998
1676104304.810888,1602,1676104304,799640768,,255,1499,1498,1066,1498,1499,1065,1933,1065,1065,1065,1514,1542,1514,1514,1514,1514,998,998
1676104304.9158883,1603,1676104304,895669184,,255,1498,1498,1066,1498,1499,1065,1933,1065,1065,1065,1514,1542,1514,1514,1514,1514,998,998
1676104305.0115855,1604,1676104304,991697088,,255,1499,1498,1066,1498,1499,1065,1933,1065,1065,1065,1514,1542,1514,1514,1514,1514,998,998
1676104305.1133573,1605,1676104305,95725504,,255,1499,1498,1066,1498,1499,1065,1933,1065,1065,1065,1514,1542,1514,1514,1514,1514,998,998
1676104305.2117774,1606,1676104305,187754432,,255,1499,1498,1066,1498,1499,1065,1933,1065,1065,1065,1514,1542,1514,1514,1514,1514,998,998
1676104305.3120296,1607,1676104305,295783616,,255,1499,1498,1066,1498,1499,1065,1933,1065,1065,1065,1514,1542,1514,1514,1514,1514,998,998
1676104305.4111452,1608,1676104305,391812800,,255,1498,1498,1066,1498,1499,1065,1933,1065,1065,1065,1514,1542,1514,1514,1514,1514,998,998
1676104305.51106,1609,1676104305,495842240,,255,1499,1498,1066,1498,1499,1065,1933,1065,1065,1065,1514,1542,1514,1514,1514,1514,998,998
1676104305.6111414,1610,1676104305,591871936,,255,1499,1498,1066,1498,1499,1065,1933,1065,1065,1065,1514,1542,1514,1514,1514,1514,998,998
1676104305.7153785,1611,1676104305,695901632,,255,1499,1498,1066,1498,1499,1065,1933,1065,1065,1065,1514,1542,1514,1514,1514,1514,998,998
1676104305.8125467,1612,1676104305,791931328,,255,1499,1498,1066,1498,1499,1065,1933,1065,1065,1065,1514,1542,1514,1514,1514,1514,998,998
1676104305.9140327,1613,1676104305,895961024,,255,1498,1498,1066,1498,1499,1065,1933,1065,1065,1065,1514,1542,1514,1514,1514,1514,998,998
1676104306.010947,1614,1676104305,991991744,,255,1499,1498,1066,1498,1499,1065,1933,1065,1065,1065,1514,1542,1514,1514,1514,1514,998,998
1676104306.1142108,1615,1676104306,96021952,,255,1499,1498,1066,1498,1499,1065,1933,1065,1065,1065,1514,1542,1514,1514,1514,1514,998,998
1676104306.2131183,1616,1676104306,192052416,,255,1499,1498,1066,1498,1499,1065,1933,1065,1065,1065,1514,1542,1514,1514,1514,1514,998,998
1676104306.311561,1617,1676104306,296083136,,255,1499,1498,1066,1498,1499,1065,1933,1065,1065,1065,1514,1542,1514,1514,1514,1514,998,998
1676104306.4118109,1618,1676104306,392114624,,255,1499,1498,1066,1498,1499,1065,1933,1065,1065,1065,1514,1542,1514,1514,1514,1514,998,998
1676104306.5119982,1619,1676104306,496145600,,255,1499,1498,1066,1498,1499,1065,1933,1065,1065,1065,1514,1542,1514,1514,1514,1514,998,998
1676104306.6164076,1620,1676104306,592176832,,255,1499,1498,1066,1498,1499,1065,1933,1065,1065,1065,1514,1542,1514,1514,1514,1514,998,998
1676104306.711943,1621,1676104306,700208320,,255,1498,1498,1066,1498,1499,1065,1933,1065,1065,1065,1514,1542,1514,1514,1514,1514,998,998
1676104306.813317,1622,1676104306,792239552,,255,1499,1498,1066,1498,1499,1065,1933,1065,1065,1065,1514,1542,1514,1514,1514,1514,998,998
1676104306.9128406,1623,1676104306,900271040,,255,1499,1498,1066,1498,1499,1065,1933,1065,1065,1065,1514,1542,1514,1514,1514,1514,998,998
1676104307.0148478,1624,1676104306,996302528,,255,1499,1498,1066,1498,1499,1065,1933,1065,1065,1065,1514,1542,1514,1514,1514,1514,998,998
1676104307.1140568,1625,1676104307,100334784,,255,1499,1498,1066,1498,1499,1065,1933,1065,1065,1065,1514,1542,1514,1514,1514,1514,998,998
1676104307.2157087,1626,1676104307,192367296,,255,1499,1498,1066,1498,1499,1065,1933,1065,1065,1065,1514,1542,1514,1514,1514,1514,998,998
1676104307.3133466,1627,1676104307,300399808,,255,1499,1498,1066,1498,1499,1065,1933,1065,1065,1065,1514,1542,1514,1514,1514,1514,998,998
1676104307.411975,1628,1676104307,396432576,,255,1499,1498,1066,1498,1499,1065,1933,1065,1065,1065,1514,1542,1514,1514,1514,1514,998,998
1676104307.5122082,1629,1676104307,500465600,,255,1499,1498,1066,1498,1499,1065,1933,1065,1065,1065,1514,1542,1514,1514,1514,1514,998,998
1676104307.6216202,1630,1676104307,596498112,,255,1499,1498,1066,1498,1499,1065,1933,1065,1065,1065,1514,1542,1514,1514,1514,1514,998,998
1676104307.7168903,1631,1676104307,700530624,,255,1499,1498,1066,1498,1499,1065,1933,1065,1065,1065,1514,1542,1514,1514,1514,1514,998,998
1676104307.8123224,1632,1676104307,796563392,,255,1499,1498,1066,1498,1499,1065,1933,1065,1065,1065,1514,1542,1514,1514,1514,1514,998,998
1676104307.9127567,1633,1676104307,900596928,,255,1499,1498,1066,1498,1499,1065,1933,1065,1065,1065,1514,1542,1514,1514,1514,1514,998,998
1676104308.0206861,1634,1676104307,996630720,,255,1498,1498,1066,1498,1499,1065,1933,1065,1065,1065,1514,1542,1514,1514,1514,1514,998,998
1676104308.1138513,1635,1676104308,100664256,,255,1499,1498,1066,1498,1499,1065,1933,1065,1065,1065,1514,1542,1514,1514,1514,1514,998,998
1676104308.2135131,1636,1676104308,196698048,,255,1499,1498,1066,1498,1499,1065,1933,1065,1065,1065,1514,1542,1514,1514,1514,1514,998,998
1676104308.3117924,1637,1676104308,300732096,,255,1499,1498,1066,1498,1499,1065,1933,1065,1065,1065,1514,1542,1514,1514,1514,1514,998,998
1676104308.4138646,1638,1676104308,397766144,,255,1499,1498,1066,1498,1499,1065,1933,1065,1065,1065,1514,1542,1514,1514,1514,1514,998,998
1676104308.514805,1639,1676104308,500800448,,255,1499,1498,1066,1498,1499,1065,1933,1065,1065,1065,1514,1542,1514,1514,1514,1514,998,998
1676104308.6139324,1640,1676104308,596834496,,255,1499,1498,1066,1498,1499,1065,1933,1065,1065,1065,1514,1542,1514,1514,1514,1514,998,998
1676104308.7169123,1641,1676104308,704869312,,255,1499,1498,1066,1498,1499,1065,1933,1065,1065,1065,1514,1542,1514,1514,1514,1514,998,998
1676104308.814637,1642,1676104308,796903872,,255,1499,1498,1066,1498,1499,1065,1933,1065,1065,1065,1514,1542,1514,1514,1514,1514,998,998
1676104308.9182715,1643,1676104308,904938944,,255,1499,1498,1066,1498,1499,1065,1933,1065,1065,1065,1514,1542,1514,1514,1514,1514,998,998
1676104309.0163937,1644,1676104308,996974016,,255,1498,1498,1066,1498,1499,1065,1933,1065,1065,1065,1514,1542,1514,1514,1514,1514,998,998
1676104309.1133242,1645,1676104309,93009088,,255,1498,1498,1066,1498,1499,1065,1933,1065,1065,1065,1514,1542,1514,1514,1514,1514,998,998
1676104309.2131257,1646,1676104309,197044672,,255,1498,1498,1066,1498,1499,1065,1933,1065,1065,1065,1514,1542,1514,1514,1514,1514,998,998
1676104309.3160124,1647,1676104309,293080000,,255,1499,1498,1066,1498,1499,1065,1933,1065,1065,1065,1514,1542,1514,1514,1514,1514,998,998
1676104309.4167287,1648,1676104309,397115584,,255,1499,1498,1066,1498,1499,1065,1933,1065,1065,1065,1514,1542,1514,1514,1514,1514,998,998
1676104309.5156178,1649,1676104309,493150656,,255,1499,1498,1066,1498,1499,1065,1933,1065,1065,1065,1514,1542,1514,1514,1514,1514,998,998
1676104309.6161408,1650,1676104309,597186496,,255,1499,1498,1066,1498,1499,1065,1933,1065,1065,1065,1514,1542,1514,1514,1514,1514,998,998
1676104309.7133486,1651,1676104309,693222592,,255,1499,1498,1066,1498,1499,1065,1933,1065,1065,1065,1514,1542,1514,1514,1514,1514,998,998
1676104309.8147314,1652,1676104309,801258432,,255,1498,1498,1066,1498,1499,1065,1933,1065,1065,1065,1514,1542,1514,1514,1514,1514,998,998
1676104309.9152598,1653,1676104309,893294528,,255,1498,1498,1066,1498,1499,1065,1933,1065,1065,1065,1514,1542,1514,1514,1514,1514,998,998
1676104310.016685,1654,1676104309,997331136,,255,1499,1498,1066,1498,1499,1065,1933,1065,1065,1065,1514,1542,1514,1514,1514,1514,998,998
1676104310.1167994,1655,1676104310,93367744,,255,1499,1498,1066,1498,1499,1065,1933,1065,1065,1065,1514,1542,1514,1514,1514,1514,998,998
1676104310.2150369,1656,1676104310,202404608,,255,1499,1498,1066,1498,1499,1065,1933,1065,1065,1065,1514,1542,1514,1514,1514,1514,998,998
1676104310.3162518,1657,1676104310,293441472,,255,1499,1498,1066,1498,1499,1065,1933,1065,1065,1065,1514,1542,1514,1514,1514,1514,998,998
1676104310.416567,1658,1676104310,401478080,,255,1499,1498,1066,1498,1499,1065,1933,1065,1065,1065,1514,1542,1514,1514,1514,1514,998,998
1676104310.5164373,1659,1676104310,493515712,,255,1499,1498,1066,1498,1499,1065,1933,1065,1065,1065,1514,1542,1514,1514,1514,1514,998,998
1676104310.6164794,1660,1676104310,601553088,,255,1499,1498,1066,1498,1499,1065,1933,1065,1065,1065,1514,1542,1514,1514,1514,1514,998,998
1676104310.716314,1661,1676104310,693590976,,255,1499,1498,1066,1498,1499,1065,1933,1065,1065,1065,1514,1542,1514,1514,1514,1514,998,998
1676104310.8167863,1662,1676104310,801628864,,255,1499,1498,1066,1498,1499,1065,1933,1065,1065,1065,1514,1542,1514,1514,1514,1514,998,998
1676104310.9190826,1663,1676104310,905666752,,255,1499,1498,1066,1498,1499,1065,1933,1065,1065,1065,1514,1542,1514,1514,1514,1514,998,998
1676104311.0175533,1664,1676104311,1704384,,255,1498,1498,1066,1498,1499,1065,1933,1065,1065,1065,1514,1542,1514,1514,1514,1514,998,998
1676104311.1185918,1665,1676104311,93742528,,255,1498,1498,1066,1498,1499,1065,1933,1065,1065,1065,1514,1542,1514,1514,1514,1514,998,998
1676104311.2167668,1666,1676104311,201780416,,255,1499,1498,1066,1498,1499,1065,1933,1065,1065,1065,1514,1542,1514,1514,1514,1514,998,998
1676104311.3179007,1667,1676104311,293818304,,255,1498,1498,1066,1498,1499,1065,1933,1065,1065,1065,1514,1542,1514,1514,1514,1514,998,998
1676104311.4191415,1668,1676104311,401856704,,255,1499,1498,1066,1498,1499,1065,1933,1065,1065,1065,1514,1542,1514,1514,1514,1514,998,998
1676104311.5167694,1669,1676104311,493895360,,255,1499,1498,1066,1498,1499,1065,1933,1065,1065,1065,1514,1542,1514,1514,1514,1514,998,998
1676104311.6173534,1670,1676104311,601934016,,255,1499,1498,1066,1498,1499,1065,1933,1065,1065,1065,1514,1542,1514,1514,1514,1514,998,998
1676104311.7177248,1671,1676104311,693972928,,255,1499,1498,1066,1498,1499,1065,1933,1065,1065,1065,1514,1542,1514,1514,1514,1514,998,998
1676104311.8175771,1672,1676104311,802011584,,255,1499,1498,1066,1498,1499,1065,1933,1065,1065,1065,1514,1542,1514,1514,1514,1514,998,998
1676104311.9167325,1673,1676104311,898052288,,255,1498,1498,1066,1498,1499,1065,1933,1065,1065,1065,1514,1542,1514,1514,1514,1514,998,998
1676104312.0181005,1674,1676104312,2091712,,255,1498,1498,1066,1498,1499,1065,1933,1065,1065,1065,1514,1542,1514,1514,1514,1514,998,998
1676104312.1169689,1675,1676104312,94130880,,255,1499,1498,1066,1498,1499,1065,1933,1065,1065,1065,1514,1542,1514,1514,1514,1514,998,998
1676104312.2161932,1676,1676104312,190170048,,255,1499,1498,1066,1498,1499,1065,1933,1065,1065,1065,1514,1542,1514,1514,1514,1514,998,998
1676104312.3180273,1677,1676104312,298209472,,255,1499,1498,1066,1498,1499,1065,1933,1065,1065,1065,1514,1542,1514,1514,1514,1514,998,998
1676104312.4186072,1678,1676104312,407249408,,255,1498,1498,1066,1498,1499,1065,1933,1065,1065,1065,1514,1542,1514,1514,1514,1514,998,998
1676104312.5186322,1679,1676104312,498289088,,255,1499,1498,1066,1498,1499,1065,1933,1065,1065,1065,1514,1542,1514,1514,1514,1514,998,998
1676104312.617172,1680,1676104312,594329280,,255,1499,1498,1066,1498,1499,1065,1933,1065,1065,1065,1514,1542,1514,1514,1514,1514,998,998
1676104312.7178545,1681,1676104312,698368960,,255,1499,1498,1066,1498,1499,1065,1933,1065,1065,1065,1514,1542,1514,1514,1514,1514,998,998
1676104312.8157535,1682,1676104312,794409152,,255,1499,1498,1066,1498,1499,1065,1933,1065,1065,1065,1514,1542,1514,1514,1514,1514,998,998
1676104312.9165518,1683,1676104312,898449344,,255,1499,1498,1066,1498,1499,1065,1933,1065,1065,1065,1514,1542,1514,1514,1514,1514,998,998
1676104313.0167208,1684,1676104312,994489792,,255,1499,1498,1066,1498,1499,1065,1933,1065,1065,1065,1514,1542,1514,1514,1514,1514,998,998
1676104313.1157713,1685,1676104313,99529216,,255,1499,1498,1066,1498,1499,1065,1933,1065,1065,1065,1514,1542,1514,1514,1514,1514,998,998
1676104313.217095,1686,1676104313,194569664,,255,1498,1498,1066,1498,1499,1065,1933,1065,1065,1065,1514,1542,1514,1514,1514,1514,998,998
1676104313.3169918,1687,1676104313,298610368,,255,1499,1498,1066,1498,1499,1065,1933,1065,1065,1065,1514,1542,1514,1514,1514,1514,998,998
1676104313.4181137,1688,1676104313,406651328,,255,1499,1498,1066,1498,1499,1065,1933,1065,1065,1065,1514,1542,1514,1514,1514,1514,998,998
1676104313.518606,1689,1676104313,498692800,,255,1499,1498,1066,1498,1499,1065,1933,1065,1065,1065,1514,1542,1514,1514,1514,1514,998,998
1676104313.616171,1690,1676104313,594734016,,255,1498,1498,1066,1498,1499,1065,1933,1065,1065,1065,1514,1542,1514,1514,1514,1514,998,998
1676104313.7197745,1691,1676104313,698775232,,255,1499,1498,1066,1498,1499,1065,1933,1065,1065,1065,1514,1542,1514,1514,1514,1514,998,998
1676104313.819463,1692,1676104313,806816704,,255,1499,1498,1066,1498,1499,1065,1933,1065,1065,1065,1514,1542,1514,1514,1514,1514,998,998
1676104313.9193842,1693,1676104313,902858432,,255,1499,1498,1066,1498,1499,1065,1933,1065,1065,1065,1514,1542,1514,1514,1514,1514,998,998
1676104314.0180845,1694,1676104313,994899392,,255,1499,1498,1066,1498,1499,1065,1933,1065,1065,1065,1514,1542,1514,1514,1514,1514,998,998
1676104314.1189604,1695,1676104314,98941376,,255,1499,1498,1066,1498,1499,1065,1933,1065,1065,1065,1514,1542,1514,1514,1514,1514,998,998
1676104314.2187364,1696,1676104314,194983360,,255,1499,1498,1066,1498,1499,1065,1933,1065,1065,1065,1514,1542,1514,1514,1514,1514,998,998
1676104314.3187459,1697,1676104314,303025344,,255,1499,1498,1066,1498,1499,1065,1933,1065,1065,1065,1514,1542,1514,1514,1514,1514,998,998
1676104314.4171827,1698,1676104314,395067328,,255,1499,1498,1066,1498,1499,1065,1933,1065,1065,1065,1514,1542,1514,1514,1514,1514,998,998
1676104314.517068,1699,1676104314,503109312,,255,1499,1498,1066,1498,1499,1065,1933,1065,1065,1065,1514,1542,1514,1514,1514,1514,998,998
1676104314.617435,1700,1676104314,595151552,,255,1499,1498,1066,1498,1499,1065,1933,1065,1065,1065,1514,1542,1514,1514,1514,1514,998,998
1676104314.7191727,1701,1676104314,703194048,,255,1499,1498,1066,1498,1499,1065,1933,1065,1065,1065,1514,1542,1514,1514,1514,1514,998,998
1676104314.817331,1702,1676104314,795236544,,255,1499,1498,1066,1498,1499,1065,1933,1065,1065,1065,1514,1542,1514,1514,1514,1514,998,998
1676104314.9197514,1703,1676104314,903278528,,255,1499,1498,1066,1498,1499,1065,1933,1065,1065,1065,1514,1542,1514,1514,1514,1514,998,998
1676104315.017568,1704,1676104314,999321280,,255,1499,1498,1066,1498,1499,1065,1933,1065,1065,1065,1514,1542,1514,1514,1514,1514,998,998
1676104315.1183429,1705,1676104315,103364288,,255,1499,1498,1066,1498,1499,1065,1933,1065,1065,1065,1514,1542,1514,1514,1514,1514,998,998
1676104315.217518,1706,1676104315,195407296,,255,1499,1498,1066,1498,1499,1065,1933,1065,1065,1065,1514,1542,1514,1514,1514,1514,998,998
1676104315.319147,1707,1676104315,304450304,,255,1499,1498,1066,1498,1499,1065,1933,1065,1065,1065,1514,1542,1514,1514,1514,1514,998,998
1676104315.4194887,1708,1676104315,399493568,,255,1499,1498,1066,1498,1499,1065,1933,1065,1065,1065,1514,1542,1514,1514,1514,1514,998,998
1676104315.5177608,1709,1676104315,503536832,,255,1499,1498,1066,1498,1499,1065,1933,1065,1065,1065,1514,1542,1514,1514,1514,1514,998,998
1676104315.6172342,1710,1676104315,599580096,,255,1499,1498,1066,1498,1499,1065,1933,1065,1065,1065,1514,1542,1514,1514,1514,1514,998,998
1676104315.719081,1711,1676104315,703623360,,255,1499,1498,1066,1498,1499,1065,1933,1065,1065,1065,1514,1542,1514,1514,1514,1514,998,998
1676104315.8192558,1712,1676104315,799666624,,255,1498,1498,1066,1498,1499,1065,1933,1065,1065,1065,1514,1542,1514,1514,1514,1514,998,998
1676104315.9197714,1713,1676104315,903710400,,255,1499,1498,1066,1498,1499,1065,1933,1065,1065,1065,1514,1542,1514,1514,1514,1514,998,998
1676104316.0187297,1714,1676104315,999753920,,255,1499,1498,1066,1498,1499,1065,1933,1065,1065,1065,1514,1542,1514,1514,1514,1514,998,998
1676104316.116211,1715,1676104316,103797952,,255,1499,1498,1066,1498,1499,1065,1933,1065,1065,1065,1514,1542,1514,1514,1514,1514,998,998
1676104316.2194202,1716,1676104316,199841728,,255,1498,1498,1066,1498,1499,1065,1933,1065,1065,1065,1514,1542,1514,1514,1514,1514,998,998
1676104316.3185325,1717,1676104316,291886016,,255,1498,1498,1066,1498,1499,1065,1933,1065,1065,1065,1514,1542,1514,1514,1514,1514,998,998
1676104316.419495,1718,1676104316,399930304,,255,1499,1498,1066,1498,1499,1065,1933,1065,1065,1065,1514,1542,1514,1514,1514,1514,998,998
1676104316.5183883,1719,1676104316,491974592,,255,1498,1498,1066,1498,1499,1065,1933,1065,1065,1065,1514,1542,1514,1514,1514,1514,998,998
1676104316.6188192,1720,1676104316,600019136,,255,1499,1498,1066,1498,1499,1065,1933,1065,1065,1065,1514,1542,1514,1514,1514,1514,998,998
1676104316.7203622,1721,1676104316,696063424,,255,1499,1498,1066,1498,1499,1065,1933,1065,1065,1065,1514,1542,1514,1514,1514,1514,998,998
1676104316.81902,1722,1676104316,800107968,,255,1498,1498,1066,1498,1499,1065,1933,1065,1065,1065,1514,1542,1514,1514,1514,1514,998,998
1676104316.9181924,1723,1676104316,896152512,,255,1499,1498,1066,1498,1499,1065,1933,1065,1065,1065,1514,1542,1514,1514,1514,1514,998,998
1676104317.020724,1724,1676104317,196800,,255,1499,1498,1066,1498,1499,1065,1933,1065,1065,1065,1514,1542,1514,1514,1514,1514,998,998
1676104317.1180623,1725,1676104317,96241856,,255,1498,1498,1066,1498,1499,1065,1933,1065,1065,1065,1514,1542,1514,1514,1514,1514,998,998
1676104317.219339,1726,1676104317,200287168,,255,1499,1498,1066,1498,1499,1065,1933,1065,1065,1065,1514,1542,1514,1514,1514,1514,998,998
1676104317.318753,1727,1676104317,296332224,,255,1499,1498,1066,1498,1499,1065,1933,1065,1065,1065,1514,1542,1514,1514,1514,1514,998,998
1676104317.4173808,1728,1676104317,404377280,,255,1499,1498,1066,1498,1499,1065,1933,1065,1065,1065,1514,1542,1514,1514,1514,1514,998,998
1676104317.5187778,1729,1676104317,496422848,,255,1499,1498,1066,1498,1499,1065,1933,1065,1065,1065,1514,1542,1514,1514,1514,1514,998,998
1676104317.61891,1730,1676104317,604467904,,255,1499,1498,1066,1498,1499,1065,1933,1065,1065,1065,1514,1542,1514,1514,1514,1514,998,998
1676104317.7194672,1731,1676104317,696512960,,255,1499,1498,1066,1498,1499,1065,1933,1065,1065,1065,1514,1542,1514,1514,1514,1514,998,998
1676104317.8193338,1732,1676104317,801558528,,255,1499,1498,1066,1498,1499,1065,1933,1065,1065,1065,1514,1542,1514,1514,1514,1514,998,998
1676104317.9184127,1733,1676104317,896604096,,255,1498,1498,1066,1498,1499,1065,1933,1065,1065,1065,1514,1542,1514,1514,1514,1514,998,998
1676104318.0211303,1734,1676104318,4649920,,255,1499,1498,1066,1498,1499,1065,1933,1065,1065,1065,1514,1542,1514,1514,1514,1514,998,998
1676104318.119751,1735,1676104318,96695744,,255,1499,1498,1066,1498,1499,1065,1933,1065,1065,1065,1514,1542,1514,1514,1514,1514,998,998
1676104318.219315,1736,1676104318,204741824,,255,1498,1498,1066,1498,1499,1065,1933,1065,1065,1065,1514,1542,1514,1514,1514,1514,998,998
1676104318.319426,1737,1676104318,296787648,,255,1499,1498,1066,1498,1499,1065,1933,1065,1065,1065,1514,1542,1514,1514,1514,1514,998,998
1676104318.4184506,1738,1676104318,404833472,,255,1498,1498,1066,1498,1499,1065,1933,1065,1065,1065,1514,1542,1514,1514,1514,1514,998,998
1676104318.5189657,1739,1676104318,496879552,,255,1499,1498,1066,1498,1499,1065,1933,1065,1065,1065,1514,1542,1514,1514,1514,1514,998,998
1676104318.6207223,1740,1676104318,604925632,,255,1498,1498,1066,1498,1499,1065,1933,1065,1065,1065,1514,1542,1514,1514,1514,1514,998,998
1676104318.7196288,1741,1676104318,696971968,,255,1498,1498,1066,1498,1499,1065,1933,1065,1065,1065,1514,1542,1514,1514,1514,1514,998,998
1676104318.820047,1742,1676104318,805018304,,255,1498,1498,1066,1498,1499,1065,1933,1065,1065,1065,1514,1542,1514,1514,1514,1514,998,998
1676104318.9191253,1743,1676104318,897064640,,255,1499,1498,1066,1498,1499,1065,1933,1065,1065,1065,1514,1542,1514,1514,1514,1514,998,998
1676104319.0202487,1744,1676104319,5111232,,255,1499,1498,1066,1498,1499,1065,1933,1065,1065,1065,1514,1542,1514,1514,1514,1514,998,998
1676104319.1186333,1745,1676104319,101158080,,255,1498,1498,1066,1498,1499,1065,1933,1065,1065,1065,1514,1542,1514,1514,1514,1514,998,998
1676104319.220957,1746,1676104319,205204672,,255,1498,1498,1066,1498,1499,1065,1933,1065,1065,1065,1514,1542,1514,1514,1514,1514,998,998
1676104319.3207889,1747,1676104319,297251776,,255,1498,1498,1066,1498,1499,1065,1933,1065,1065,1065,1514,1542,1514,1514,1514,1514,998,998
1676104319.4199202,1748,1676104319,405298368,,255,1499,1498,1066,1498,1499,1065,1933,1065,1065,1065,1514,1542,1514,1514,1514,1514,998,998
1676104319.518477,1749,1676104319,502345216,,255,1499,1498,1066,1498,1499,1065,1933,1065,1065,1065,1514,1542,1514,1514,1514,1514,998,998
1676104319.6261961,1750,1676104319,605392576,,255,1499,1498,1066,1498,1499,1065,1933,1065,1065,1065,1514,1542,1514,1514,1514,1514,998,998
1676104319.7206976,1751,1676104319,701439680,,255,1498,1498,1066,1498,1499,1065,1933,1065,1065,1065,1514,1542,1514,1514,1514,1514,998,998
1676104319.8201547,1752,1676104319,805485504,,255,1499,1498,1066,1498,1499,1065,1933,1065,1065,1065,1514,1542,1514,1514,1514,1514,998,998
1676104319.9205437,1753,1676104319,901532864,,255,1498,1498,1066,1498,1499,1065,1933,1065,1065,1065,1514,1542,1514,1514,1514,1514,998,998
1676104320.0207982,1754,1676104320,5580224,,255,1499,1498,1066,1498,1499,1065,1933,1065,1065,1065,1514,1542,1514,1514,1514,1514,998,998
1676104320.1213045,1755,1676104320,101627584,,255,1498,1498,1066,1498,1499,1065,1933,1065,1065,1065,1514,1542,1514,1514,1514,1514,998,998
1676104320.2204068,1756,1676104320,194675456,,255,1500,1498,1068,1498,1499,1065,1933,1065,1065,1065,1514,1542,1514,1514,1514,1514,998,998
1676104320.319978,1757,1676104320,301723072,,255,1500,1498,1242,1498,1499,1065,1933,1065,1065,1065,1514,1542,1514,1514,1514,1514,998,998
1676104320.421586,1758,1676104320,409770688,,255,1500,1498,1265,1498,1499,1065,1933,1065,1065,1065,1514,1542,1514,1514,1514,1514,998,998
1676104320.5199273,1759,1676104320,501818560,,255,1500,1498,1289,1498,1499,1065,1933,1065,1065,1065,1514,1542,1514,1514,1514,1514,998,998
1676104320.6201785,1760,1676104320,597866432,,255,1500,1498,1289,1498,1499,1065,1933,1065,1065,1065,1514,1542,1514,1514,1514,1514,998,998
1676104320.7211063,1761,1676104320,701914560,,255,1500,1498,1288,1498,1499,1065,1933,1065,1065,1065,1514,1542,1514,1514,1514,1514,998,998
1676104320.8194392,1762,1676104320,797962688,,255,1500,1498,1288,1498,1499,1065,1933,1065,1065,1065,1514,1542,1514,1514,1514,1514,998,998
1676104320.920631,1763,1676104320,902010816,,255,1500,1498,1289,1498,1499,1065,1933,1065,1065,1065,1514,1542,1514,1514,1514,1514,998,998
1676104321.0209312,1764,1676104320,998058944,,255,1500,1498,1289,1498,1499,1065,1933,1065,1065,1065,1514,1542,1514,1514,1514,1514,998,998
1676104321.120667,1765,1676104321,106107584,,255,1500,1498,1292,1498,1499,1065,1933,1065,1065,1065,1514,1542,1514,1514,1514,1514,998,998
1676104321.220324,1766,1676104321,198155968,,255,1502,1498,1314,1498,1499,1065,1933,1065,1065,1499,1514,1542,1514,1514,1514,1514,998,998
1676104321.3207457,1767,1676104321,302204096,,255,1503,1498,1315,1498,1499,1065,1933,1065,1065,1499,1514,1542,1514,1514,1514,1514,998,998
1676104321.4221632,1768,1676104321,410252736,,255,1500,1498,1312,1498,1499,1065,1933,1065,1065,1499,1514,1542,1514,1514,1514,1514,998,998
1676104321.5218074,1769,1676104321,506301376,,255,1501,1498,1263,1498,1499,1065,1933,1065,1065,1499,1514,1542,1514,1514,1514,1514,998,998
1676104321.6208823,1770,1676104321,598348480,,255,1538,1498,1213,1498,1499,1065,1933,1065,1065,1499,1514,1542,1514,1514,1514,1514,998,998
1676104321.7222369,1771,1676104321,707396864,,255,1539,1498,1125,1498,1499,1065,1933,1065,1065,1499,1514,1542,1514,1514,1514,1514,998,998
1676104321.8219717,1772,1676104321,798445760,,255,1522,1498,1090,1498,1499,1065,1933,1065,1065,1499,1514,1542,1514,1514,1514,1514,998,998
1676104321.9199312,1773,1676104321,906494656,,255,1502,1498,1123,1498,1499,1065,1933,1065,1065,1499,1514,1542,1514,1514,1514,1514,998,998
1676104322.0202985,1774,1676104321,998543296,,255,1502,1498,1138,1498,1499,1065,1933,1065,1065,1499,1514,1542,1514,1514,1514,1514,998,998
1676104322.1225333,1775,1676104322,106592192,,255,1503,1498,1153,1498,1499,1065,1933,1065,1065,1499,1514,1542,1514,1514,1514,1514,998,998
1676104322.2205765,1776,1676104322,198641344,,255,1511,1498,1187,1498,1499,1065,1933,1065,1065,1499,1514,1542,1514,1514,1514,1514,998,998
1676104322.3209155,1777,1676104322,306690240,,255,1518,1498,1211,1498,1499,1065,1933,1065,1065,1499,1514,1542,1514,1514,1514,1514,998,998
1676104322.4209971,1778,1676104322,398738880,,255,1523,1498,1217,1498,1499,1065,1933,1065,1065,1499,1514,1542,1514,1514,1514,1514,998,998
1676104322.5198696,1779,1676104322,506788544,,255,1533,1502,1223,1497,1499,1065,1933,1065,1065,1499,1514,1542,1514,1514,1514,1514,998,998
1676104322.6194186,1780,1676104322,602837184,,255,1539,1530,1246,1497,1499,1065,1933,1065,1065,1499,1514,1542,1514,1514,1514,1514,998,998
1676104322.7212374,1781,1676104322,706886592,,255,1532,1500,1242,1498,1499,1065,1933,1065,1065,1499,1514,1542,1514,1514,1514,1514,998,998
1676104322.8201063,1782,1676104322,798935232,,255,1516,1500,1242,1498,1499,1065,1933,1065,1065,1499,1514,1542,1514,1514,1514,1514,998,998
1676104322.9198961,1783,1676104322,906984128,,255,1499,1500,1242,1498,1499,1065,1933,1065,1065,1499,1514,1542,1514,1514,1514,1514,998,998
1676104323.0215402,1784,1676104323,3034304,,255,1467,1498,1242,1499,1499,1065,1933,1065,1065,1499,1514,1542,1514,1514,1514,1514,998,998
1676104323.124954,1785,1676104323,107083968,,255,1418,1497,1243,1499,1499,1065,1933,1065,1065,1499,1514,1542,1514,1514,1514,1514,998,998
1676104323.2223384,1786,1676104323,203133376,,255,1414,1497,1262,1500,1499,1065,1933,1065,1065,1499,1514,1542,1514,1514,1514,1514,998,998
1676104323.32005,1787,1676104323,307181504,,255,1409,1498,1260,1499,1499,1065,1933,1065,1065,1499,1514,1542,1514,1514,1514,1514,998,998
1676104323.4217231,1788,1676104323,403232192,,255,1399,1498,1208,1499,1499,1065,1933,1065,1065,1499,1514,1542,1514,1514,1514,1514,998,998
1676104323.5217416,1789,1676104323,507282112,,255,1416,1497,1168,1505,1499,1065,1933,1065,1065,1499,1514,1542,1514,1514,1514,1514,998,998
1676104323.620901,1790,1676104323,603331776,,255,1440,1496,1145,1515,1499,1065,1933,1065,1065,1499,1514,1542,1514,1514,1514,1514,998,998
1676104323.7223406,1791,1676104323,707381696,,255,1469,1496,1164,1506,1499,1065,1933,1065,1065,1499,1514,1542,1514,1514,1514,1514,998,998
1676104323.8221998,1792,1676104323,803431104,,255,1500,1496,1223,1499,1499,1065,1933,1065,1065,1499,1514,1542,1514,1514,1514,1514,998,998
1676104323.9222882,1793,1676104323,907481280,,255,1499,1496,1252,1498,1499,1065,1933,1065,1065,1499,1514,1542,1514,1514,1514,1514,998,998
1676104324.020721,1794,1676104324,3531456,,255,1497,1497,1272,1498,1499,1065,1933,1065,1065,1499,1514,1542,1514,1514,1514,1514,998,998
1676104324.1222248,1795,1676104324,107581632,,255,1479,1497,1276,1498,1499,1065,1933,1065,1065,1499,1514,1542,1514,1514,1514,1514,998,998
1676104324.2206883,1796,1676104324,203631296,,255,1452,1497,1245,1498,1499,1065,1933,1065,1065,1499,1514,1542,1514,1514,1514,1514,998,998
1676104324.323367,1797,1676104324,299681216,,255,1422,1497,1202,1498,1499,1065,1933,1065,1065,1499,1514,1542,1514,1514,1514,1514,998,998
1676104324.4227045,1798,1676104324,403731648,,255,1407,1498,1180,1498,1499,1065,1933,1065,1065,1499,1514,1542,1514,1514,1514,1514,998,998
1676104324.5213504,1799,1676104324,495782336,,255,1425,1501,1170,1498,1499,1065,1933,1065,1065,1499,1514,1542,1514,1514,1514,1514,998,998
1676104324.6220126,1800,1676104324,603832768,,255,1440,1506,1161,1498,1499,1065,1933,1065,1065,1499,1514,1542,1514,1514,1514,1514,998,998
1676104324.7209666,1801,1676104324,699890112,,255,1460,1530,1178,1498,1499,1065,1933,1065,1065,1499,1514,1542,1514,1514,1514,1514,998,998
1676104324.8212955,1802,1676104324,803941824,,255,1473,1515,1192,1498,1499,1065,1933,1065,1065,1499,1514,1542,1514,1514,1514,1514,998,998
1676104324.923024,1803,1676104324,911992512,,255,1482,1497,1193,1499,1499,1065,1933,1065,1065,1499,1514,1542,1514,1514,1514,1514,998,998
1676104325.023026,1804,1676104325,4043200,,255,1493,1496,1226,1499,1499,1065,1933,1065,1065,1499,1514,1542,1514,1514,1514,1514,998,998
1676104325.1234884,1805,1676104325,112093888,,255,1495,1496,1226,1499,1499,1065,1933,1065,1065,1499,1514,1542,1514,1514,1514,1514,998,998
1676104325.2221296,1806,1676104325,204144832,,255,1496,1496,1227,1499,1499,1065,1933,1065,1065,1499,1514,1542,1514,1514,1514,1514,998,998
1676104325.3219175,1807,1676104325,300195520,,255,1486,1497,1241,1498,1499,1065,1933,1065,1065,1499,1514,1542,1514,1514,1514,1514,998,998
1676104325.4236429,1808,1676104325,408245952,,255,1454,1502,1220,1498,1499,1065,1933,1065,1065,1499,1514,1542,1514,1514,1514,1514,998,998
1676104325.521089,1809,1676104325,500297152,,255,1438,1500,1217,1498,1499,1065,1933,1065,1065,1499,1514,1542,1514,1514,1514,1514,998,998
1676104325.6214578,1810,1676104325,604347840,,255,1420,1499,1212,1498,1499,1065,1933,1065,1065,1499,1514,1542,1514,1514,1514,1514,998,998
1676104325.7231922,1811,1676104325,712397760,,255,1422,1498,1212,1499,1499,1065,1933,1065,1065,1499,1514,1542,1514,1514,1514,1514,998,998
1676104325.8211513,1812,1676104325,808448960,,255,1437,1497,1213,1499,1499,1065,1933,1065,1065,1499,1514,1542,1514,1514,1514,1514,998,998
1676104325.9233866,1813,1676104325,912499904,,255,1449,1496,1224,1500,1499,1065,1933,1065,1065,1499,1514,1542,1514,1514,1514,1514,998,998
1676104326.0214527,1814,1676104326,9550080,,255,1455,1496,1223,1500,1499,1065,1933,1065,1065,1499,1514,1542,1514,1514,1514,1514,998,998
1676104326.1237571,1815,1676104326,112600512,,255,1462,1496,1222,1499,1499,1065,1933,1065,1065,1499,1514,1542,1514,1514,1514,1514,998,998
1676104326.2229986,1816,1676104326,209651968,,255,1465,1496,1220,1498,1499,1065,1933,1065,1065,1499,1514,1542,1514,1514,1514,1514,998,998
1676104326.321814,1817,1676104326,304702656,,255,1465,1497,1195,1498,1499,1065,1933,1065,1065,1499,1514,1542,1514,1514,1514,1514,998,998
1676104326.423798,1818,1676104326,408753856,,255,1468,1497,1195,1498,1499,1065,1933,1065,1065,1499,1514,1542,1514,1514,1514,1514,998,998
1676104326.527498,1819,1676104326,500804800,,255,1473,1497,1197,1498,1499,1065,1933,1065,1065,1499,1514,1542,1514,1514,1514,1514,998,998
1676104326.6237967,1820,1676104326,608856000,,255,1487,1497,1218,1498,1499,1065,1933,1065,1065,1499,1514,1542,1514,1514,1514,1514,998,998
1676104326.72264,1821,1676104326,704907712,,255,1485,1497,1217,1498,1499,1065,1933,1065,1065,1499,1514,1542,1514,1514,1514,1514,998,998
1676104326.822734,1822,1676104326,808959168,,255,1482,1497,1208,1498,1499,1065,1933,1065,1065,1499,1514,1542,1514,1514,1514,1514,998,998
1676104326.9230225,1823,1676104326,905010624,,255,1474,1497,1195,1498,1499,1065,1933,1065,1065,1499,1514,1542,1514,1514,1514,1514,998,998
1676104327.0246236,1824,1676104327,9062336,,255,1468,1497,1173,1498,1499,1065,1933,1065,1065,1499,1514,1542,1514,1514,1514,1514,998,998
1676104327.1235301,1825,1676104327,105114048,,255,1466,1497,1135,1498,1499,1065,1933,1065,1065,1499,1514,1542,1514,1514,1514,1514,998,998
1676104327.2234917,1826,1676104327,209165504,,255,1465,1497,1077,1498,1499,1065,1933,1065,1065,1499,1514,1542,1514,1514,1514,1514,998,998
1676104327.3220787,1827,1676104327,305217216,,255,1467,1497,1066,1498,1499,1065,1933,1065,1065,1499,1514,1542,1514,1514,1514,1514,998,998
1676104327.4229586,1828,1676104327,397268928,,255,1493,1497,1066,1498,1499,1065,1065,1065,1065,1499,1514,1542,1514,1514,1514,1514,998,998
1676104327.5246441,1829,1676104327,505320896,,255,1498,1497,1066,1498,1499,1065,1065,1065,1065,1499,1514,1542,1514,1514,1514,1514,998,998
1676104327.6241634,1830,1676104327,609372608,,255,1498,1497,1066,1498,1499,1065,1065,1065,1065,1499,1514,1542,1514,1514,1514,1514,998,998
1676104327.7228882,1831,1676104327,705424832,,255,1498,1497,1066,1498,1499,1065,1065,1065,1065,1499,1514,1542,1514,1514,1514,1514,998,998
1676104327.824566,1832,1676104327,801476288,,255,1498,1497,1066,1498,1499,1065,1065,1065,1065,1499,1514,1542,1514,1514,1514,1514,998,998
1676104327.924235,1833,1676104327,905528000,,255,1498,1497,1066,1498,1499,1065,1065,1065,1065,1499,1514,1542,1514,1514,1514,1514,998,998
1676104328.022045,1834,1676104327,997579456,,255,1498,1497,1066,1498,1499,1065,1065,1065,1065,1499,1514,1542,1514,1514,1514,1514,998,998
1676104328.1255314,1835,1676104328,105631936,,255,1498,1497,1066,1498,1499,1065,1065,1065,1065,1499,1514,1542,1514,1514,1514,1514,998,998
1676104328.223679,1836,1676104328,201684160,,255,1498,1497,1066,1498,1499,1065,1065,1065,1065,1499,1514,1542,1514,1514,1514,1514,998,998
1676104328.322326,1837,1676104328,309736384,,255,1498,1497,1066,1498,1499,1065,1065,1065,1065,1499,1514,1542,1514,1514,1514,1514,998,998
1676104328.4226286,1838,1676104328,401788608,,255,1498,1497,1066,1498,1499,1065,1065,1065,1065,1499,1514,1542,1514,1514,1514,1514,998,998
1676104328.5252116,1839,1676104328,505841088,,255,1498,1497,1066,1498,1499,1065,1065,1065,1065,1499,1514,1542,1514,1514,1514,1514,998,998
1676104328.6256983,1840,1676104328,613893056,,255,1498,1497,1066,1498,1499,1065,1065,1065,1065,1499,1514,1542,1514,1514,1514,1514,998,998
1676104328.726244,1841,1676104328,709945536,,255,1498,1497,1066,1498,1499,1065,1065,1065,1065,1499,1514,1542,1514,1514,1514,1514,998,998
1676104328.8222141,1842,1676104328,801997760,,255,1498,1497,1066,1498,1499,1065,1065,1065,1065,1499,1514,1542,1514,1514,1514,1514,998,998
1676104328.9223945,1843,1676104328,910049984,,255,1498,1497,1066,1498,1499,1065,1065,1065,1065,1499,1514,1542,1514,1514,1514,1514,998,998
1676104329.0230424,1844,1676104329,2102464,,255,1498,1497,1066,1498,1499,1065,1065,1065,1065,1499,1514,1542,1514,1514,1514,1514,998,998
1676104329.12538,1845,1676104329,110155456,,255,1498,1497,1066,1498,1499,1065,1065,1065,1065,1499,1514,1542,1514,1514,1514,1514,998,998
1676104329.2264714,1846,1676104329,202207424,,255,1498,1497,1066,1498,1499,1065,1065,1065,1065,1499,1514,1542,1514,1514,1514,1514,998,998
1676104329.322422,1847,1676104329,310260160,,255,1498,1497,1066,1498,1499,1065,1065,1065,1065,1499,1514,1542,1514,1514,1514,1514,998,998
1676104329.428647,1848,1676104329,402312384,,255,1498,1497,1066,1498,1499,1065,1065,1065,1065,1499,1514,1542,1514,1514,1514,1514,998,998
1676104329.5276206,1849,1676104329,510364864,,255,1498,1497,1066,1498,1499,1065,1065,1065,1065,1499,1514,1542,1514,1514,1514,1514,998,998
1676104329.622923,1850,1676104329,602417600,,255,1498,1497,1066,1498,1499,1065,1065,1065,1065,1499,1514,1542,1514,1514,1514,1514,998,998
1676104329.7235093,1851,1676104329,710470080,,255,1498,1497,1066,1498,1499,1065,1065,1065,1065,1499,1514,1542,1514,1514,1514,1514,998,998
1676104329.8261273,1852,1676104329,806522816,,255,1498,1497,1066,1498,1499,1065,1065,1065,1065,1499,1514,1542,1514,1514,1514,1514,998,998
1676104329.9257386,1853,1676104329,910575552,,255,1498,1497,1066,1498,1499,1065,1065,1065,1065,1499,1514,1542,1514,1514,1514,1514,998,998
1676104330.0263445,1854,1676104330,2628032,,255,1498,1497,1066,1498,1499,1065,1065,1065,1065,1499,1514,1542,1514,1514,1514,1514,998,998
1676104330.12346,1855,1676104330,110681280,,255,1498,1497,1066,1498,1499,1065,1065,1065,1065,1499,1514,1542,1514,1514,1514,1514,998,998
1676104330.223064,1856,1676104330,206733760,,255,1498,1497,1066,1498,1499,1065,1065,1065,1065,1499,1514,1542,1514,1514,1514,1514,998,998
1676104330.326869,1857,1676104330,310786752,,255,1498,1497,1066,1498,1499,1065,1065,1065,1065,1499,1514,1542,1514,1514,1514,1514,998,998
1676104330.4261856,1858,1676104330,406840000,,255,1498,1497,1066,1498,1499,1065,1065,1065,1065,1499,1514,1542,1514,1514,1514,1514,998,998
1676104330.526628,1859,1676104330,510892736,,255,1498,1497,1066,1498,1499,1065,1065,1065,1065,1499,1514,1542,1514,1514,1514,1514,998,998
1676104330.6255198,1860,1676104330,606945472,,255,1498,1497,1066,1498,1499,1065,1065,1065,1065,1499,1514,1542,1514,1514,1514,1514,998,998
1676104330.7252383,1861,1676104330,710998208,,255,1498,1497,1066,1498,1499,1065,1065,1065,1065,1499,1514,1542,1514,1514,1514,1514,998,998
1676104330.8261888,1862,1676104330,807051712,,255,1498,1497,1066,1498,1499,1065,1065,1065,1065,1499,1514,1542,1514,1514,1514,1514,998,998
1676104330.92592,1863,1676104330,911104704,,255,1498,1497,1066,1498,1499,1065,1065,1065,1065,1499,1514,1542,1514,1514,1514,1514,998,998
1676104331.0258965,1864,1676104331,7158208,,255,1498,1498,1066,1498,1499,1065,1065,1065,1065,1499,1514,1542,1514,1514,1514,1514,998,998
1676104331.123434,1865,1676104331,112210944,,255,1498,1498,1066,1498,1499,1065,1065,1065,1065,1499,1514,1542,1514,1514,1514,1514,998,998
1676104331.2263129,1866,1676104331,207263936,,255,1498,1498,1066,1498,1499,1065,1065,1065,1065,1499,1514,1542,1514,1514,1514,1514,998,998
1676104331.3261497,1867,1676104331,311317696,,255,1498,1498,1066,1498,1499,1065,1065,1065,1065,1499,1514,1542,1514,1514,1514,1514,998,998
1676104331.4242592,1868,1676104331,407370176,,255,1498,1498,1066,1498,1499,1065,1065,1065,1065,1499,1514,1542,1514,1514,1514,1514,998,998
1676104331.5251303,1869,1676104331,499423168,,255,1498,1498,1066,1498,1499,1065,1065,1065,1065,1499,1514,1542,1514,1514,1514,1514,998,998
1676104331.623562,1870,1676104331,607476160,,255,1498,1498,1066,1498,1499,1065,1065,1065,1065,1499,1514,1542,1514,1514,1514,1514,998,998
1676104331.7271893,1871,1676104331,699529408,,255,1498,1498,1066,1498,1499,1065,1065,1065,1065,1499,1514,1542,1514,1514,1514,1514,998,998
1676104331.8253314,1872,1676104331,811582400,,255,1498,1498,1066,1498,1499,1065,1065,1065,1065,1499,1514,1542,1514,1514,1514,1514,998,998
1676104331.9238586,1873,1676104331,903636160,,255,1498,1498,1066,1498,1499,1065,1065,1065,1065,1499,1514,1542,1514,1514,1514,1514,998,998
1676104332.0249522,1874,1676104332,7688896,,255,1498,1498,1066,1498,1499,1065,1065,1065,1065,1499,1514,1542,1514,1514,1514,1514,998,998
1676104332.1228578,1875,1676104332,103741888,,255,1498,1498,1066,1498,1499,1065,1065,1065,1065,1499,1514,1542,1514,1514,1514,1514,998,998
1676104332.2264645,1876,1676104332,211794880,,255,1498,1498,1066,1498,1499,1065,1065,1065,1065,1499,1514,1542,1514,1514,1514,1514,998,998
1676104332.325918,1877,1676104332,303847872,,255,1498,1498,1066,1498,1499,1065,1065,1065,1065,1499,1514,1542,1514,1514,1514,1514,998,998
1676104332.4266946,1878,1676104332,407901120,,255,1498,1497,1066,1498,1499,1065,1065,1065,1065,1499,1514,1542,1514,1514,1514,1514,998,998
1676104332.5260592,1879,1676104332,503954368,,255,1498,1498,1066,1498,1499,1065,1065,1065,1065,1499,1514,1542,1514,1514,1514,1514,998,998
1676104332.6272688,1880,1676104332,612006848,,255,1498,1497,1066,1498,1499,1065,1065,1065,1065,1499,1514,1542,1514,1514,1514,1514,998,998
1676104332.7256422,1881,1676104332,704060352,,255,1498,1497,1066,1498,1499,1065,1065,1065,1065,1499,1514,1542,1514,1514,1514,1514,998,998
1676104332.8266397,1882,1676104332,812113344,,255,1498,1497,1066,1498,1499,1065,1065,1065,1065,1499,1514,1542,1514,1514,1514,1514,998,998
1676104332.925145,1883,1676104332,904166848,,255,1498,1498,1066,1498,1499,1065,1065,1065,1065,1499,1514,1542,1514,1514,1514,1514,998,998
1676104333.0265574,1884,1676104333,12220096,,255,1498,1498,1066,1498,1499,1065,1065,1065,1065,1499,1514,1542,1514,1514,1514,1514,998,998
1676104333.1270502,1885,1676104333,116273600,,255,1498,1497,1066,1498,1499,1065,1065,1065,1065,1499,1514,1542,1514,1514,1514,1514,998,998
1676104333.2272696,1886,1676104333,212327104,,255,1498,1498,1066,1498,1499,1065,1065,1065,1065,1499,1514,1542,1514,1514,1514,1514,998,998
1676104333.3271742,1887,1676104333,316380352,,255,1498,1497,1066,1498,1499,1065,1065,1065,1065,1499,1514,1542,1514,1514,1514,1514,998,998
1676104333.4268165,1888,1676104333,412433600,,255,1498,1498,1066,1498,1499,1065,1065,1065,1065,1499,1514,1542,1514,1514,1514,1514,998,998
1676104333.5271595,1889,1676104333,504487104,,255,1498,1497,1066,1498,1499,1065,1065,1065,1065,1499,1514,1542,1514,1514,1514,1514,998,998
1676104333.6294775,1890,1676104333,612540608,,255,1498,1497,1066,1498,1499,1065,1065,1065,1065,1499,1514,1542,1514,1514,1514,1514,998,998
1676104333.7263927,1891,1676104333,704593856,,255,1498,1497,1066,1498,1499,1065,1065,1065,1065,1499,1514,1542,1514,1514,1514,1514,998,998
1676104333.8270571,1892,1676104333,800647104,,255,1498,1498,1066,1498,1499,1065,1065,1065,1065,1499,1514,1542,1514,1514,1514,1514,998,998
1676104333.92621,1893,1676104333,908700864,,255,1498,1497,1066,1498,1499,1065,1065,1065,1065,1499,1514,1542,1514,1514,1514,1514,998,998
1676104334.0255678,1894,1676104334,12754368,,255,1498,1498,1066,1498,1499,1065,1065,1065,1065,1499,1514,1542,1514,1514,1514,1514,998,998
1676104334.126497,1895,1676104334,108807616,,255,1498,1497,1066,1498,1499,1065,1065,1065,1065,1499,1514,1542,1514,1514,1514,1514,998,998
1676104334.227659,1896,1676104334,200861120,,255,1498,1497,1066,1498,1499,1065,1065,1065,1065,1499,1514,1542,1514,1514,1514,1514,998,998
1676104334.3263493,1897,1676104334,308914624,,255,1498,1498,1066,1498,1499,1065,1065,1065,1065,1499,1514,1542,1514,1514,1514,1514,998,998
1676104334.4254968,1898,1676104334,400967872,,255,1498,1498,1066,1498,1499,1065,1065,1065,1065,1499,1514,1542,1514,1514,1514,1514,998,998
1676104334.5256152,1899,1676104334,509021120,,255,1498,1498,1066,1498,1499,1065,1065,1065,1065,1499,1514,1542,1514,1514,1514,1514,998,998
1676104334.625937,1900,1676104334,601074624,,255,1498,1498,1066,1498,1499,1065,1065,1065,1065,1499,1514,1542,1514,1514,1514,1514,998,998
1676104334.7273185,1901,1676104334,709128128,,255,1498,1498,1066,1498,1499,1065,1065,1065,1065,1499,1514,1542,1514,1514,1514,1514,998,998
1676104334.827451,1902,1676104334,801181632,,255,1498,1498,1066,1498,1499,1065,1065,1065,1065,1499,1514,1542,1514,1514,1514,1514,998,998
1676104334.9256058,1903,1676104334,909234880,,255,1498,1497,1066,1498,1499,1065,1065,1065,1065,1499,1514,1542,1514,1514,1514,1514,998,998
1676104335.027012,1904,1676104335,17288384,,255,1498,1497,1066,1498,1499,1065,1065,1065,1065,1499,1514,1542,1514,1514,1514,1514,998,998
1676104335.1264508,1905,1676104335,109341888,,255,1498,1497,1066,1498,1499,1065,1065,1065,1065,1499,1514,1542,1514,1514,1514,1514,998,998
1676104335.2256553,1906,1676104335,201395392,,255,1498,1498,1066,1498,1499,1065,1065,1065,1065,1499,1514,1542,1514,1514,1514,1514,998,998
1676104335.3268027,1907,1676104335,309448640,,255,1498,1497,1066,1498,1499,1065,1065,1065,1065,1499,1514,1542,1514,1514,1514,1514,998,998
1676104335.4256117,1908,1676104335,405502144,,255,1498,1498,1066,1498,1499,1065,1065,1065,1065,1499,1514,1542,1514,1514,1514,1514,998,998
1676104335.5257883,1909,1676104335,509555392,,255,1498,1498,1066,1498,1499,1065,1065,1065,1065,1499,1514,1542,1514,1514,1514,1514,998,998
1676104335.6258273,1910,1676104335,605608896,,255,1498,1497,1066,1498,1499,1065,1065,1065,1065,1499,1514,1542,1514,1514,1514,1514,998,998
1676104335.7274652,1911,1676104335,709662400,,255,1498,1498,1066,1498,1499,1065,1065,1065,1065,1499,1514,1542,1514,1514,1514,1514,998,998
1676104335.8266952,1912,1676104335,805715904,,255,1498,1498,1066,1498,1499,1065,1065,1065,1065,1499,1514,1542,1514,1514,1514,1514,998,998
1676104335.925975,1913,1676104335,913769408,,255,1498,1497,1066,1498,1499,1065,1065,1065,1065,1499,1514,1542,1514,1514,1514,1514,998,998
1676104336.0304613,1914,1676104336,17822656,,255,1498,1498,1066,1498,1499,1065,1065,1065,1065,1499,1514,1542,1514,1514,1514,1514,998,998
1676104336.127643,1915,1676104336,113876160,,255,1498,1498,1066,1498,1499,1065,1065,1065,1065,1499,1514,1542,1514,1514,1514,1514,998,998
