Time,header.seq,header.stamp.secs,header.stamp.nsecs,header.frame_id,type_mask,orientation.x,orientation.y,orientation.z,orientation.w,body_rate.x,body_rate.y,body_rate.z,thrust
1676104290.0592923,1170,1676104289,937586880,,0,6.035045012756129e-17,6.035045012756128e-17,0.014300130671806802,-0.99989777677809,0.5140146017074585,1.1762549877166748,0.018993703648447845,0.0
1676104290.074133,1171,1676104290,62591488,,0,6.035042432005973e-17,6.035042432005972e-17,0.014300509993443402,-0.9998977346312415,0.5138674378395081,1.176326036453247,0.018984545022249076,0.0
1676104290.194623,1172,1676104290,187595584,,0,6.034908749147885e-17,6.034908749147882e-17,0.014322047033032553,-0.9998974396033019,0.5133480429649353,1.1759800910949707,0.018965508788823936,0.0
1676104290.3161094,1173,1676104290,311604032,,0,6.034887070846571e-17,6.034887070846571e-17,0.014325545221458916,-0.9998973974564535,0.5132315158843994,1.176469326019287,0.018979433923959586,0.0
1676104290.4426847,1174,1676104290,436608640,,0,6.034846294994106e-17,6.034846294994103e-17,0.014332120129826586,-0.9998973131627564,0.5132707357406616,1.1767637729644775,0.018982056528329704,0.0
1676104290.5664542,1175,1676104290,561612992,,0,6.034868489445448e-17,6.034868489445447e-17,0.01432849550085469,-0.9998973131627564,0.5133023858070374,1.1770551204681396,0.01899574697017655,0.0
1676104290.68966,1176,1676104290,686617600,,0,6.034911846048071e-17,6.03491184604807e-17,0.01432154127085042,-0.9998974396033019,0.5132492780685425,1.1771113872528076,0.018997624516486976,0.0
1676104290.8150673,1177,1676104290,811626816,,0,6.034934556649446e-17,6.034934556649443e-17,0.014317874495029902,-0.9998974817501505,0.5130621194839478,1.1770230531692505,0.018970357254147384,0.0
1676104290.941404,1178,1676104290,936631424,,0,6.035018689104536e-17,6.035018689104534e-17,0.014304345356657965,-0.9998976924843931,0.5131041407585144,1.1770316362380981,0.018982032313942764,0.0
1676104291.0668554,1179,1676104291,61635776,,0,6.035035205905536e-17,6.035035205905535e-17,0.014301690105201713,-0.9998977346312415,0.5130196213722229,1.1769773960113525,0.018989222124218795,0.0
1676104291.192016,1180,1676104291,186639872,,0,6.035086820908658e-17,6.035086820908656e-17,0.01429338717604509,-0.999897861071787,0.5127941370010376,1.1770439147949219,0.01897343993186936,0.0
1676104291.3159213,1181,1676104291,311648832,,0,6.035190050914905e-17,6.035190050914903e-17,0.014276739170883276,-0.9998980718060296,0.5131641626358032,1.177309274673462,0.018977381289005134,0.0
1676104291.4394336,1182,1676104291,435653440,,0,6.035176114864061e-17,6.035176114864061e-17,0.01427901510070293,-0.9998980718060296,0.5133492946624756,1.177588939666748,0.019006488844752166,0.0
1676104291.5669615,1183,1676104291,560658048,,0,6.035218439166621e-17,6.03521843916662e-17,0.014272187311244139,-0.9998981560997267,0.5132197141647339,1.1776400804519653,0.019001279026269767,0.0
1676104291.6904478,1184,1676104291,685662656,,0,6.035284506370619e-17,6.035284506370619e-17,0.014261524158570895,-0.9998982825402722,0.5133880972862244,1.1779589653015137,0.019034512341022346,0.0
1676104291.8166974,1185,1676104291,810671872,,0,6.035219987616717e-17,6.035219987616714e-17,0.014271934430153016,-0.9998981560997267,0.5134490132331848,1.1781781911849976,0.019031044095754478,0.0
1676104291.9400468,1186,1676104291,935676736,,0,6.035206051565873e-17,6.035206051565871e-17,0.014274168213124102,-0.9998981139528781,0.5134823322296143,1.178489327430725,0.01900354959070668,0.0
1676104292.0658596,1187,1676104292,60681344,,0,6.03530153932165e-17,6.035301539321648e-17,0.014258826760266134,-0.9998983668339692,0.5133554935455322,1.1788825988769531,0.01903179287910447,0.0
1676104292.1905677,1188,1676104292,185685184,,0,6.035370703425835e-17,6.035370703425834e-17,0.014247657845410757,-0.9998984932745147,0.5136947631835938,1.1792211532592773,0.01904547028243527,0.0
1676104292.3158612,1189,1676104292,310694912,,0,6.035369154975742e-17,6.03536915497574e-17,0.01424791072650188,-0.9998984932745147,0.5139248967170715,1.1795899868011475,0.019076393917202804,0.0
1676104292.4411824,1190,1676104292,434699776,,0,6.035390833277053e-17,6.03539083327705e-17,0.014244454684923974,-0.9998985775682118,0.5138076543807983,1.1794304847717285,0.019047081470489356,0.0
1676104292.5669312,1191,1676104292,559704640,,0,6.035342831324149e-17,6.035342831324147e-17,0.01425212541135293,-0.9998984089808177,0.5139778852462769,1.1796408891677856,0.019094724208116386,0.0
1676104292.6900308,1192,1676104292,685708992,,0,6.035375348776116e-17,6.035375348776114e-17,0.014246899202137614,-0.9998984932745147,0.5139898657798767,1.1796201467514038,0.019052391871809814,0.0
1676104292.8182516,1193,1676104292,814719488,,0,6.035436770629834e-17,6.035436770629832e-17,0.014236994692737516,-0.9998986197150602,0.5143781900405884,1.1797218322753906,0.019074456766247604,0.0
1676104292.942624,1194,1676104292,934724096,,0,6.035411995428334e-17,6.035411995428332e-17,0.014240998643346011,-0.9998985775682118,0.5141757130622864,1.1795796155929565,0.019064357504248473,0.0
1676104293.0667908,1195,1676104293,64728704,,0,6.035439867530022e-17,6.035439867530019e-17,0.01423653107740395,-0.9998986618619088,0.5141972899436951,1.1796334981918335,0.019086301326751563,0.0
1676104293.1906235,1196,1676104293,184731520,,0,6.035415608478552e-17,6.035415608478551e-17,0.014240408587466911,-0.9998985775682118,0.5144620537757874,1.1799970865249634,0.0191147960722445,0.0
1676104293.3169992,1197,1676104293,314740480,,0,6.035432125279551e-17,6.03543212527955e-17,0.014237795482859226,-0.9998986618619088,0.514643132686615,1.1797668933868408,0.0191069189459084,0.0
1676104293.4397085,1198,1676104293,434745344,,0,6.035340766724024e-17,6.035340766724023e-17,0.014252504732989585,-0.9998984511276662,0.5145455598831177,1.179879069328308,0.019098894670605514,0.0
1676104293.564971,1199,1676104293,558749696,,0,6.035331476023461e-17,6.035331476023462e-17,0.014253979872687417,-0.9998984089808177,0.5149560570716858,1.1799439191818237,0.01911275461316094,0.0
1676104293.6913316,1200,1676104293,683755840,,0,6.035231342917403e-17,6.0352313429174e-17,0.014270122115667097,-0.9998981982465751,0.5153406262397766,1.1798456907272339,0.01913693174719796,0.0
1676104293.8173943,1201,1676104293,813765312,,0,6.035169921063686e-17,6.035169921063684e-17,0.014279984478218629,-0.9998980296591811,0.5155866146087646,1.179697036743164,0.019114736467599723,0.0
1676104293.9397035,1202,1676104293,933770176,,0,6.037855965826207e-17,6.037855965826207e-17,0.013847389225102796,-0.9999040988053667,0.5012577176094055,1.188364863395691,0.01894483901560292,0.0
1676104294.0666971,1203,1676104294,63777088,,0,6.028936377136521e-17,6.02893637713652e-17,0.015283163766474995,-0.9998831939685052,0.3149265646934509,0.5394291281700134,0.012072347104549342,0.0
1676104294.19169,1204,1676104294,188781952,,0,6.028936377136521e-17,6.02893637713652e-17,0.015283163766474995,-0.9998831939685052,0.15769287943840027,0.22923170030117035,0.010783002711832496,0.0
1676104294.3171556,1205,1676104294,308793984,,0,6.028936377136521e-17,6.02893637713652e-17,0.015283163766474995,-0.9998831939685052,0.12110745906829834,0.19942140579223633,0.011836197227239584,0.0
1676104294.4400885,1206,1676104294,433800128,,0,6.028936377136521e-17,6.02893637713652e-17,0.015283163766474995,-0.9998831939685052,0.07314734160900116,0.10794094949960709,0.012519879266619668,0.0
1676104294.5675962,1207,1676104294,563806016,,0,6.028936377136521e-17,6.02893637713652e-17,0.015283163766474995,-0.9998831939685052,0.04459889605641365,0.0735161155462265,0.012936584651470176,0.0
1676104294.6907244,1208,1676104294,682812160,,0,6.028936377136521e-17,6.02893637713652e-17,0.015283163766474995,-0.9998831939685052,0.039719972759485245,0.06290238350629807,0.01634406112134456,0.0
1676104294.8164322,1209,1676104294,812824704,,0,6.01540498791779e-17,6.015404987917789e-17,0.017457435387454992,-0.9998476220283621,0.03516226261854172,0.05368059501051903,0.017456334084272378,0.0
1676104294.9420743,1210,1676104294,937832128,,0,6.012915596317167e-17,6.012915596317166e-17,0.017856903217641183,-0.9998405413578122,0.04952192306518555,0.06116772070527077,0.00011801623622886087,0.0
1676104295.0684211,1211,1676104295,62839040,,0,6.01322322173578e-17,6.013223221735779e-17,0.0178075492580349,-0.999841426441631,0.046458445489406586,0.05662311241030693,0.0004579142550937762,0.0
1676104295.1918411,1212,1676104295,187846208,,0,6.009300997648462e-17,6.00930099764846e-17,0.01843667526575701,-0.9998300046456845,0.052068643271923065,0.0553680919110775,-0.0002459133393131264,0.0
1676104295.3182259,1213,1676104295,312861056,,0,6.009021244331536e-17,6.009021244331534e-17,0.01848156165942112,-0.9998292038555628,0.046911679208278656,0.05237425118684769,0.00044895458268001036,0.0
1676104295.4410114,1214,1676104295,437869504,,0,6.007473310387876e-17,6.007473310387876e-17,0.01872972230345328,-0.9998245677022266,0.049025461077690125,0.051781926304101944,7.616267248521856e-05,0.0
1676104295.5669441,1215,1676104295,558877696,,0,0.12051910824607576,-0.2454826069359816,0.030773563587077706,0.9613877798252011,0.45662185549736023,-2.332430601119995,0.40743732452392606,0.39352938532829285
1676104295.6929214,1216,1676104295,686886656,,0,-0.03450882803635584,-0.09964324207466763,-0.0034578960392278608,0.9944186443248253,-1.9426628351211548,1.5397014617919922,0.12075790017843227,0.07407159358263016
1676104295.8175144,1217,1676104295,805906368,,0,-0.09545891349121821,0.006328791845820053,0.0006069146185568084,0.9954130570685913,-1.2494134902954102,1.5648797750473022,0.12948186695575695,0.12895935773849487
1676104295.9428189,1218,1676104295,937915840,,0,-0.135588873298917,0.10955310807575556,0.015086928039808043,0.9845741098901962,-0.7152988910675049,1.3727556467056274,0.20008580386638625,0.17707538604736328
1676104296.0662997,1219,1676104296,59925568,,0,-0.12346544757004722,0.14062659983209352,0.0176776105240757,0.9821751112729561,-0.1179162785410881,0.6816419959068298,0.17127358913421623,0.14175449311733246
1676104296.191545,1220,1676104296,176935552,,0,-0.1067536169330749,0.14370974124088612,0.015595387620243506,0.9837214791448208,0.09951194375753403,0.22084513306617737,0.10693949460983274,0.14866814017295837
1676104296.3175743,1221,1676104296,305956544,,0,-0.06162103957555358,0.09754498492915495,0.0060513602154970555,0.993303185832136,0.4292583763599396,-0.3307814598083496,0.016533806920051616,0.1624009907245636
1676104296.4453337,1222,1676104296,434967552,,0,-0.013521465340662281,0.017586686271675298,0.00023783466614687827,0.9997538874372739,0.562740683555603,-0.8710826635360718,-0.026320144534110915,0.15831299126148224
1676104296.5671663,1223,1676104296,553978560,,0,0.013563564444696228,-0.04049682836765094,0.0005498056388245435,0.9990874614686196,0.4390318989753723,-0.8823044300079346,-0.013399144634604346,0.15903668105602264
1676104296.6940897,1224,1676104296,684989568,,0,0.02389722095882834,-0.07471849148585577,0.0017910724743188484,0.996916688036066,0.21874436736106873,-0.602873682975769,0.00011391870793893866,0.15719252824783325
1676104296.817814,1225,1676104296,808012864,,0,0.02279665084037549,-0.08000588738853232,0.0018302268965854748,0.9965320137497071,0.05286145582795143,-0.2161320447921753,0.000798839377239373,0.15790404379367828
1676104296.9444582,1226,1676104296,937024896,,0,0.0067791941424317085,-0.060146545251290116,0.00040848725576748176,0.998166426388111,-0.1636892557144165,0.18384407460689545,-0.007674170192331098,0.16243602335453033
1676104297.068456,1227,1676104297,64037184,,0,-0.015898023395248356,-0.025193510175781524,-0.0004007322356416388,0.9995560922772122,-0.28851574659347534,0.41947945952415466,-0.0057655591517687356,0.15984320640563965
1676104297.1947038,1228,1676104297,185049728,,0,-0.037272246745067336,0.010421458936292375,0.0003887203838159043,0.9992507383597508,-0.3344201147556305,0.5202111601829529,0.0064902296289800964,0.160086989402771
1676104297.3181891,1229,1676104297,308074816,,0,-0.05288604529412057,0.036306432613649346,0.001924087928219278,0.9979384962313641,-0.25519147515296936,0.4093966782093048,0.015499302186071822,0.15830598771572113
1676104297.4424653,1230,1676104297,433087872,,0,-0.06006635823782011,0.04379135795369432,0.002637676220357226,0.9972298812673505,-0.12179309874773026,0.1363898664712906,0.012829417362809164,0.15929840505123138
1676104297.5704982,1231,1676104297,564100928,,0,-0.06170838233364733,0.043996082319068944,0.0027227707075007115,0.9971203416080706,-0.05377404764294624,0.004445104394108058,0.007348407059907912,0.16197963058948517
1676104297.6931024,1232,1676104297,688114496,,0,-0.05127373011668197,0.02667345230948716,0.001369941163998044,0.9983274273494227,0.039513975381851196,-0.09900957345962524,0.005205655936151755,0.1616312563419342
1676104297.819315,1233,1676104297,803142144,,0,-0.04024379712843776,0.006878681778341679,0.00027703123526203914,0.9991661917816379,0.12509463727474213,-0.2418885976076126,-0.0011962049175053538,0.16307669878005981
1676104297.9467182,1234,1676104297,935156224,,0,-0.025944027997565875,-0.012791725915193806,-0.00033199072572036634,0.9995815068268643,0.1702081263065338,-0.2700350284576416,0.0017765488009900186,0.16122516989707947
1676104298.0680695,1235,1676104298,56170560,,0,-0.017303736367647822,-0.023377371192582968,-0.00040465189255319386,0.9995768706735281,0.1355220228433609,-0.17187315225601196,0.007857797667384168,0.16253416240215302
1676104298.1952739,1236,1676104298,185185408,,0,-0.01302529518856258,-0.025556317162480635,-0.00033304439693317026,0.9995884610568686,0.09706422686576843,-0.0569453202188015,0.015091551467776305,0.16354720294475555
1676104298.3193896,1237,1676104298,314215616,,0,-0.016636912092753572,-0.01697421704627863,-0.0002825103255685847,0.9997174725601604,0.012981599196791649,0.03251932933926582,0.01985620334744453,0.1627228558063507
1676104298.447592,1238,1676104298,434230720,,0,-0.02074517208689858,-0.00979437375800062,-0.00020323210351963427,0.9997368179636269,-0.09586898237466812,0.13054290413856506,0.02431430853903292,0.16175973415374756
1676104298.5699773,1239,1676104298,552246848,,0,-0.02544974490475379,-0.0021598626671454004,-5.4959490458308474e-05,0.9996737662782547,-0.0793399065732956,0.12823469936847687,0.021029591560363752,0.16234683990478516
1676104298.695714,1240,1676104298,684262720,,0,-0.032710028200780214,0.004603401283638271,0.00015063283657784345,0.9994542654912099,-0.1010337695479393,0.10385066270828247,0.01703368872404097,0.16246414184570312
1676104298.8198197,1241,1676104298,802294464,,0,-0.03452296962112025,0.005008564206729559,0.0001730128131371315,0.9993913402463831,-0.032736342400312424,0.037219371646642685,0.007768180221319194,0.16226278245449066
1676104298.9436128,1242,1676104298,934310592,,0,-0.03568273762248469,0.0025394990880181424,9.070001799537674e-05,0.9993599408442425,-0.03899916261434555,-0.018978122621774673,0.0013456018641591096,0.16119031608104706
1676104299.0708241,1243,1676104299,62325952,,0,-0.03185219495379176,-0.0030074713521029096,-9.584193351385977e-05,0.9994880672637156,0.0444185771048069,-0.061301860958337784,-0.008628656156361096,0.1621178239583969
1676104299.1966012,1244,1676104299,183341824,,0,-0.027411934242571483,-0.008820842143493702,-0.00024188076360412314,0.9995853000432303,0.07500709593296051,-0.08519081771373749,-0.015958666801452626,0.16052734851837158
1676104299.3205144,1245,1676104299,307375104,,0,-0.024473253791227997,-0.011369493024539339,-0.0002783799344145118,0.9996357919677463,0.059651292860507965,-0.05797738954424858,-0.022352281957864754,0.159779354929924
1676104299.447031,1246,1676104299,433393024,,0,-0.021929543311081247,-0.012729488190833376,-0.00027922287138473464,0.9996784445784394,0.037955548614263535,-0.025245439261198047,-0.022645507007837292,0.16203515231609344
1676104299.5704818,1247,1676104299,563409920,,0,-0.020072520567738113,-0.01345679626997838,-0.00027020344580342857,0.999707947372397,0.03671145439147949,-0.02257410623133183,-0.02272195182740688,0.16196779906749725
1676104299.6964617,1248,1676104299,681427840,,0,-0.021085027809677734,-0.009974599609133774,-0.00021035492091796837,0.9997279249785912,0.018452269956469536,0.008481199853122233,-0.019577259197831154,0.159603089094162
1676104299.8204255,1249,1676104299,813462144,,0,-0.023799853836234203,-0.006801666315222234,-0.0001619281919789578,0.9996935752970548,-0.008706912398338318,0.004714524839073417,-0.021126119419932365,0.16018731892108917
1676104299.9476497,1250,1676104299,936480832,,0,-0.017909014173830104,-0.010426638718120034,-0.00018675268575183416,0.9997852446925659,0.07857167720794678,-0.030031085014343265,-0.02622120082378387,0.1666834056377411
1676104300.0714488,1251,1676104300,60500032,,0,-0.018437723010069237,-0.010820885278174746,-0.00019956532769914196,0.9997714205262543,0.00973824318498373,-0.007719262503087524,-0.02897847257554531,0.16064900159835815
1676104300.1960068,1252,1676104300,188520256,,0,-0.02021081787786477,-0.00774938298501623,-0.00015665983591508207,0.9997656885548569,-0.0033327669370919466,0.02368955500423908,-0.02830014564096928,0.16030627489089966
1676104300.3215604,1253,1676104300,314559168,,0,-0.020341339752985674,-0.010359905110403606,-0.00021077638940306868,0.9997393889213861,0.021802708506584167,-0.042620569467544556,-0.02399374730885028,0.16290125250816345
1676104300.4461524,1254,1676104300,431578112,,0,-0.02252758272530404,-0.010337976566104542,-0.00023298777856832446,0.9996927323600846,-0.02295696921646595,-0.01582722738385201,-0.01853622309863567,0.1608157902956009
1676104300.571881,1255,1676104300,563598080,,0,-0.02417624429122722,-0.006819396309010652,-0.00016492061822320702,0.9996844294309278,-0.009277348406612873,0.05951905995607376,-0.011957306414842613,0.16288846731185913
1676104300.6953988,1256,1676104300,687618304,,0,-0.026840486197036523,-0.005637680336284173,-0.00015134933300268422,0.9996238222627692,-0.004777918104082346,0.04776695743203163,-0.009384998120367532,0.15983393788337708
1676104300.8224757,1257,1676104300,806659520,,0,-0.025585682320636093,-0.005468750499096446,-0.00013996968390477573,0.999657624035275,0.029243960976600647,0.031847141683101654,-0.008182141929864887,0.158254936337471
1676104300.945774,1258,1676104300,931679744,,0,-0.024785040371443398,-0.005379166714042033,-0.00013335262868856537,0.9996783181378939,0.04917285591363907,0.02998252958059311,-0.006719611119478944,0.15773606300354004
1676104301.072245,1259,1676104301,63700736,,0,-0.022247098741186577,-0.004998731478680989,-0.00011122553322033535,0.9997399789772653,0.06922492384910583,0.02453485317528248,-0.007323913741856816,0.15786945819854736
1676104301.1977751,1260,1676104301,183722496,,0,-0.018113377327542094,-0.00687392445281613,-0.0001245439373497825,0.9998123029693099,0.07474610209465027,-0.022670844569802284,-0.006259312387555835,0.1602438986301422
1676104301.3214521,1261,1676104301,304766016,,0,-0.019811192655541106,-0.006853564232262827,-0.00013579714590216462,0.9997802292175931,-0.028604336082935333,-0.010459206067025661,-0.004255321342498063,0.160743847489357
1676104301.446095,1262,1676104301,434787776,,0,-0.024361594935721497,-0.008169207743033244,-0.00019910171236556368,0.9996698044744946,-0.06953123211860657,-0.015314703807234764,-0.002412303350865839,0.15993447601795197
1676104301.572273,1263,1676104301,564811840,,0,-0.029573115315821803,-0.010076424419502569,-0.000298146806366154,0.9995117537925787,-0.07777061313390732,-0.014866016805171967,-0.0037481493782252056,0.1636974811553955
1676104301.697877,1264,1676104301,683834368,,0,-0.03295927149198348,-0.010046176811706418,-0.0003313163761442197,0.9994061759370589,-0.10931368917226791,-0.011953936889767647,-0.005453527905046938,0.16071557998657227
1676104301.8220217,1265,1676104301,805878400,,0,-0.034369900169862785,-0.011349857861489327,-0.00039032196405946134,0.9993446415382331,-0.11179333180189133,-0.029117705300450325,-0.0070093949325382675,0.15195457637310028
1676104301.9483416,1266,1676104301,931900160,,0,-0.03722432709539947,-0.009142659015110188,-0.00034058868281659614,0.9992650682882445,-0.09144734591245651,0.014033496379852295,-0.0017968949396163243,0.15709787607192993
1676104302.072954,1267,1676104301,993923200,,0,-0.0402462837924999,-0.008712032810073241,-0.0003509146607018031,0.9991517354125987,-0.13692854344844818,2.323570966720581,0.048569623380899145,0.16069085896015167
1676104302.501475,1268,1676104301,994016384,,0,-0.0402462837924999,-0.008712032810073241,-0.0003509146607018031,0.9991517354125987,2.294558525085449,-2.1468183994293213,-0.06822591274976704,0.16069085896015167
1676104302.6274257,1269,1676104301,994064512,,0,-0.0402462837924999,-0.008712032810073241,-0.0003509146607018031,0.9991517354125987,2.8013014793395996,-7.405893325805664,-0.6951494216918936,0.16069085896015167
1676104302.7557645,1270,1676104301,994088832,,0,-0.0402462837924999,-0.008712032810073241,-0.0003509146607018031,0.9991517354125987,3.717580556869507,-4.826462268829346,-0.23256467282772006,0.16069085896015167
1676104302.8782592,1271,1676104301,994113152,,0,-0.0402462837924999,-0.008712032810073241,-0.0003509146607018031,0.9991517354125987,1.8333098888397217,0.637046754360199,-0.09572065621614465,0.16069085896015167
1676104303.0059264,1272,1676104301,994137728,,0,-0.0402462837924999,-0.008712032810073241,-0.0003509146607018031,0.9991517354125987,0.2145141065120697,2.443898916244507,-1.0759459733963015,0.16069085896015167
1676104303.1273031,1273,1676104301,994188160,,0,-0.0402462837924999,-0.008712032810073241,-0.0003509146607018031,0.9991517354125987,-0.93801349401474,2.465545415878296,-1.3513343334198,0.16069085896015167
1676104303.2543538,1274,1676104301,994213504,,0,-0.0402462837924999,-0.008712032810073241,-0.0003509146607018031,0.9991517354125987,-5.933014392852783,0.0699897482991217,-1.2134376764297485,0.16069085896015167
1676104303.3792758,1275,1676104301,994239104,,0,-0.0402462837924999,-0.008712032810073241,-0.0003509146607018031,0.9991517354125987,-5.953428268432617,-1.2958869934082031,-0.31485828757286055,0.16069085896015167
1676104303.5037394,1276,1676104301,994264960,,0,-0.0402462837924999,-0.008712032810073241,-0.0003509146607018031,0.9991517354125987,-3.086838722229004,-0.8673276305198669,-0.35250502824783314,0.16069085896015167
1676104303.6297152,1277,1676104301,994316672,,0,-0.0402462837924999,-0.008712032810073241,-0.0003509146607018031,0.9991517354125987,2.1027698516845703,-0.21170791983604434,-0.21188408136367795,0.16069085896015167
1676104303.7521617,1278,1676104301,994342528,,0,-0.0402462837924999,-0.008712032810073241,-0.0003509146607018031,0.9991517354125987,3.14434552192688,1.6015514135360718,0.07281694561243038,0.16069085896015167
1676104303.8794355,1279,1676104301,994369152,,0,-0.0402462837924999,-0.008712032810073241,-0.0003509146607018031,0.9991517354125987,5.51405668258667,5.5410308837890625,0.011097177863120354,0.16069085896015167
1676104304.0055914,1280,1676104301,994395264,,0,-0.0402462837924999,-0.008712032810073241,-0.0003509146607018031,0.9991517354125987,2.8370442390441895,3.6236233711242676,-0.8862599730491643,0.16069085896015167
1676104304.1288023,1281,1676104301,994448512,,0,-0.0402462837924999,-0.008712032810073241,-0.0003509146607018031,0.9991517354125987,-0.6995176672935486,-1.9569299221038818,-0.8285735249519346,0.16069085896015167
1676104304.2560494,1282,1676104301,994475648,,0,-0.0402462837924999,-0.008712032810073241,-0.0003509146607018031,0.9991517354125987,-0.8436880111694336,-2.382136344909668,1.0523761510849001,0.16069085896015167
1676104304.3786001,1283,1676104301,994502528,,0,-0.0402462837924999,-0.008712032810073241,-0.0003509146607018031,0.9991517354125987,-1.991453766822815,-4.398377418518066,0.8738331198692327,0.16069085896015167
1676104304.5056365,1284,1676104301,994529664,,0,-0.0402462837924999,-0.008712032810073241,-0.0003509146607018031,0.9991517354125987,0.8019449710845947,-0.9960895776748657,0.2628923058509828,0.16069085896015167
1676104304.6297858,1285,1676104304,619585216,,0,0.19768727532469435,-0.21355570998592688,0.04417415407111646,0.9556998940312619,1.4408018589019775,0.133057177066803,0.12142306566238402,0.07907025516033173
1676104304.7532246,1286,1676104304,737613120,,0,0.15270044769622426,-0.22760030233957856,0.03616410336477257,0.9610269606550993,-0.2131410539150238,-0.2449990063905716,0.10718630254268649,0.1887611299753189
1676104304.8793502,1287,1676104304,863640768,,0,-0.003568436686159799,-0.12172710541302696,-0.00043765287493720766,0.9925571023197961,-1.8264384269714355,1.2076793909072876,-0.03917128220200553,0.22698785364627838
1676104305.0053754,1288,1676104304,993669184,,0,-0.15946574654953777,0.05037940823559512,0.008148798131641698,0.9858834438860357,-2.087225914001465,2.0510928630828857,0.16056492924690222,0.16153770685195923
1676104305.1302354,1289,1676104305,121725504,,0,-0.21156622134407524,0.09885720334993936,0.021514828199901498,0.9721132255405563,-1.2568120956420898,1.0660920143127441,0.25317785143852223,0.16418702900409698
1676104305.2534108,1290,1676104305,241754432,,0,-0.21509739494779528,0.10629645401854418,0.023558950352679884,0.9705045646265925,-0.29109880328178406,0.25361496210098267,0.16080683469772336,0.17582274973392487
1676104305.3793101,1291,1676104305,369783616,,0,-0.15082443088290978,0.0856984988978607,0.013125582297505083,0.98475146382873,0.6522002816200256,-0.1329929232597351,0.047575227916240706,0.17874391376972198
1676104305.5047576,1292,1676104305,492812800,,0,-0.05518711109903404,0.03704657803016071,0.00204901118720555,0.9977864304019368,1.2130093574523926,-0.552184522151947,-0.036011721938848426,0.17346777021884918
1676104305.6290252,1293,1676104305,612871936,,0,0.009201524991589629,0.00135761057663057,-1.2475467159276374e-05,0.9999567402191568,1.0162584781646729,-0.5186604261398315,-0.03282663971185678,0.16646961867809296
1676104305.7555792,1294,1676104305,740901632,,0,0.053291841078483906,-0.022912047594509436,0.0012230593969375465,0.9983153312039,0.7172619700431824,-0.3315754234790802,-0.013262717053294142,0.16429299116134644
1676104305.880849,1295,1676104305,870931328,,0,0.06417134274476963,-0.025838510069596317,0.0016620609710270068,0.997602965170369,0.29777032136917114,-0.06248764321208,-0.009186469949781888,0.16882239282131195
1676104306.0048542,1296,1676104305,989961024,,0,0.04632796339714444,-0.013667427450317357,0.0006339307484522925,0.9988325573288257,-0.11880076676607132,0.1495482623577118,-0.02217537537217142,0.16706982254981995
1676104306.1307356,1297,1676104306,112021952,,0,0.026066257150969885,-0.0013374657001315043,3.485544371842928e-05,0.9996593099092154,-0.2650015652179718,0.17866140604019165,-0.02960360050201418,0.1660812646150589
1676104306.2540007,1298,1676104306,239052416,,0,-0.011211433308216017,0.0118707835042451,0.00013314189444584815,0.9998666724038889,-0.44710084795951843,0.16177569329738617,-0.026337865740060827,0.16151458024978638
1676104306.3809419,1299,1676104306,363083136,,0,-0.04075526757436368,0.013930679300294308,0.0005682659584722829,0.9990718671346706,-0.42719927430152893,0.04205881804227829,-0.021924471482634548,0.15919309854507446
1676104306.505593,1300,1676104306,491114624,,0,-0.05926118220968996,0.010100160339203672,0.0005996232137644314,0.9981912508818839,-0.29611334204673767,-0.04607144370675087,-0.01905508525669574,0.16308990120887756
1676104306.629126,1301,1676104306,616176832,,0,-0.06401333420970241,0.005935256184561701,0.000380754629447354,0.9979313312671172,-0.09417977184057236,-0.0684371218085289,-0.018251564353704446,0.1614360511302948
1676104306.7561073,1302,1676104306,740208320,,0,-0.06527160466439286,0.0033361100862774723,0.0002182363815893124,0.9978619575544684,-0.03252088651061058,-0.04084194824099541,-0.01410746574401855,0.16283440589904785
1676104306.8804362,1303,1676104306,870239552,,0,-0.05279017636028197,-0.0001440210497178464,-7.628579580561462e-06,0.998605638696443,0.12282723933458328,-0.03508614003658295,-0.011534940451383587,0.16483436524868011
1676104307.005167,1304,1676104306,993271040,,0,-0.03808102369456714,-0.0019761998722250813,-7.527427144055682e-05,0.9992726968678249,0.19006086885929108,-0.014906442724168302,-0.008955134078860281,0.1637183576822281
1676104307.1314611,1305,1676104307,118334784,,0,-0.02451819155136372,-0.0006093986484410446,-1.4962131221468048e-05,0.9996991808279068,0.19563697278499603,0.009342866018414497,-0.005444897338747979,0.16479326784610748
1676104307.2590153,1306,1676104307,240367296,,0,-0.018299306832658888,-0.0013423376124015577,-2.457161268195717e-05,0.999831690519625,0.117344930768013,-0.009611948393285275,-0.004201369360089301,0.16307134926319122
1676104307.381692,1307,1676104307,368399808,,0,-0.017410060354095154,-0.0006080005584505985,-1.062100582480604e-05,0.9998482542310897,0.02423030138015747,0.0023993193171918392,-0.0002797064953483644,0.16225507855415344
1676104307.5062869,1308,1676104307,491432576,,0,-0.01728270377315187,-0.005084562877128917,-8.791832599382688e-05,0.999837717518962,0.006397003307938576,-0.044899579137563705,-0.00010300646681570829,0.1634044200181961
1676104307.6304643,1309,1676104307,609498112,,0,-0.01968938299498856,-0.003060139766217843,-6.02699933706505e-05,0.9998014712292427,-0.01048781257122755,-0.003701843786984682,0.0013625216670334343,0.1674923598766327
1676104307.758205,1310,1676104307,740530624,,0,-0.025330836132758907,-0.005112678117808222,-0.00012955941232257692,0.9996660112581286,-0.05490864813327789,-0.03872087970376015,0.0020915251225233126,0.1618267446756363
1676104307.880945,1311,1676104307,869563392,,0,-0.030480104300519603,-0.0035000231314035045,-0.00010675796727816468,0.9995292447347107,-0.04924803599715233,0.0033821247052401304,0.0013692548964172597,0.1638418287038803
1676104308.0053692,1312,1676104307,987596928,,0,-0.03091488065304586,-0.00040400783602434606,-1.2475467159282798e-05,0.9995219533299183,-0.0013453097781166434,0.05543455854058266,0.0011126575991511278,0.16373705863952637
1676104308.1313627,1313,1676104308,119664256,,0,-0.032169264378050205,-0.0025479956292602532,-8.201776720225263e-05,0.9994792164255284,0.001539665274322033,0.019554201513528824,-0.000255543593084442,0.1639769822359085
1676104308.2581453,1314,1676104308,241698048,,0,-0.03255437462087342,-0.0013445384681472347,-4.3790575602902994e-05,0.9994690590350372,-0.0011496738297864795,0.05863422900438309,-0.00017866372945719186,0.16484294831752777
1676104308.3821006,1315,1676104308,371732096,,0,-0.029919004623383087,-0.0013627630288611469,-4.0798149358609226e-05,0.999551371830179,0.026900965720415115,0.02830405905842781,-0.00022550713038072337,0.16407282650470734
1676104308.5066056,1316,1676104308,496766144,,0,-0.03015080702183694,-0.0010159050023286177,-3.064075886747346e-05,0.9995448390686599,0.025664731860160828,-0.012722361832857132,-0.000911492330487816,0.16274583339691162
1676104308.6305113,1317,1676104308,619834496,,0,-0.028131851805975647,-3.930983877056431e-05,-1.095818061343388e-06,0.9996042239782116,0.013449987396597862,0.01760271191596985,-0.0007340383017435692,0.16674913465976715
1676104308.757685,1318,1676104308,737869312,,0,-0.028590974548962023,-0.0013844778754673703,-3.9618037600341744e-05,0.9995902312245061,-0.017092125490307808,-0.006863390561193228,-0.0006509517552331081,0.1650693565607071
1676104308.8815486,1319,1676104308,868903872,,0,-0.026580738462386424,-0.003761312518746793,-0.00010001447151644155,0.9996395851841123,0.0030767202842980623,-0.031436044722795486,-0.0015104915946721992,0.16361971199512482
1676104309.0079615,1320,1676104308,997938944,,0,-0.028232075694645538,-0.004421508656355532,-0.00012488111213783347,0.9995916220705069,-0.024263814091682434,-0.03383392468094826,-0.0014987260801717598,0.16155581176280975
1676104309.1307225,1321,1676104309,121009088,,0,-0.027095231627603987,-0.003944578869873304,-0.00010692655467219827,0.9996250866682246,-0.011933163739740849,0.030410390347242355,-0.0011936923256143964,0.16300129890441895
1676104309.2578034,1322,1676104309,237044672,,0,-0.027117583945293934,-0.004287331529943068,-0.00011628315504164566,0.999623063619496,0.002699170960113406,-0.0011504685971885924,-0.0034532800782471895,0.16270548105239868
1676104309.3820465,1323,1676104309,369080000,,0,-0.026998196411441747,-0.00030460844507845103,-8.21863545972469e-06,0.9996354547929582,-0.0005774105666205287,0.05400364100933075,-0.0013232203200459545,0.16346335411071777
1676104309.5081005,1324,1676104309,494115584,,0,-0.025100542459772838,-0.002469289023844192,-6.19980141596321e-05,0.9996819006200173,0.027895430102944374,-0.017471836879849434,-0.0019446327351033666,0.16312237083911896
1676104309.633079,1325,1676104309,621186496,,0,-0.026120708245068045,0.0008523923522634354,2.2253536013681274e-05,0.9996584248253967,0.014768356457352638,0.032381460070610046,-0.00043460822780616977,0.1640441119670868
1676104309.7579954,1326,1676104309,739222592,,0,-0.025139974787821828,0.00010186761576175419,2.5709577590821404e-06,0.9996839236687458,0.015858208760619164,-0.0009139637113548816,-0.0006458690622821449,0.1624385416507721
1676104309.8831775,1327,1676104309,867258432,,0,-0.02500758626829305,-0.00041388336946605506,-1.0368124733770633e-05,0.9996871689760811,0.003250596346333623,-0.00822274386882782,-0.0015245807589963068,0.15972517430782318
1676104310.0065176,1328,1676104309,989294528,,0,-0.02496427247891401,0.0003861612798578951,9.60948146041208e-06,0.9996882647941424,0.006549268029630184,0.00905880331993103,-0.002310127252712847,0.16361522674560547
1676104310.132703,1329,1676104310,112367744,,0,-0.025119161488647037,0.003104259614074532,7.801381659356382e-05,0.9996796246901977,0.0164649598300457,0.05007297918200493,-0.0027412394993007244,0.16494888067245483
1676104310.2562895,1330,1676104310,239404608,,0,-0.023762715877251026,0.0006342218251248241,1.5088571766845926e-05,0.999717430413312,0.024832870811223984,-0.005549833644181491,-0.004047031514346599,0.16612361371517181
1676104310.3822515,1331,1676104310,367441472,,0,-0.023851545628843798,0.0005325162113119745,1.2686201401723637e-05,0.999715365217735,0.00024000856501515955,0.0050737839192152015,-0.004824265837669373,0.16228652000427246
1676104310.5097904,1332,1676104310,490478080,,0,-0.02415683632603246,0.0011814486036561764,2.8575563290313394e-05,0.9997074837570633,-0.00044007619726471603,-0.000614826509263367,-0.00481750164180994,0.16077874600887299
1676104310.6338277,1333,1676104310,623553088,,0,-0.02365896877546343,-0.000790757854672438,-1.8713200738922655e-05,0.9997197906368286,0.015522954985499382,-0.011854493990540506,-0.007271538488566874,0.164036825299263
1676104310.759764,1334,1676104310,738590976,,0,-0.02491475915153682,-0.0004455053596503708,-1.1084621158467796e-05,0.9996894870527492,-0.016285639256238937,-0.02278836816549301,-0.008447949774563309,0.16601136326789856
1676104310.8817918,1335,1676104310,868628864,,0,-0.0230972658715576,0.0013313688950764748,3.076719941284598e-05,0.9997323503976848,0.016348492354154587,0.0037416527047753325,-0.00839314330369234,0.1607542335987091
1676104311.0067816,1336,1676104310,989666752,,0,-0.024874847403086018,0.00018811060452717052,4.6783001846088934e-06,0.9996905828708105,-0.008034580387175083,-0.011588275432586672,-0.00847829971462488,0.1650661677122116
1676104311.1341317,1337,1676104311,117742528,,0,-0.025479133111967027,-0.00031184321504315024,-7.965754368649012e-06,0.9996753257116495,-0.010032648220658302,-0.007116935215890408,-0.009947829879820345,0.16423992812633514
1676104311.259547,1338,1676104311,240780416,,0,-0.023710457736364564,-0.0013860834069778325,-3.2874541838576066e-05,0.9997179361754941,0.027280058711767197,-0.00896092038601637,-0.01191490702331066,0.15906266868114471
1676104311.3828702,1339,1676104311,368818304,,0,-0.02446011582829374,-0.0005822613463560933,-1.4245634796785842e-05,0.9997006559676046,0.024063117802143097,-0.005697029177099468,-0.011850745417177677,0.16377924382686615
1676104311.5095215,1340,1676104311,488895360,,0,-0.024361197174838672,-0.0010726715389167282,-2.613104607685729e-05,0.9997026790163331,0.0016666218871250749,-0.02506714873015881,-0.014247107319533821,0.1629544049501419
1676104311.6323016,1341,1676104311,620934016,,0,-0.02281872393519418,7.164569120141043e-05,1.6437270918411564e-06,0.9997396418024772,0.03664636239409447,0.017608435824513435,-0.012965007685124876,0.1623881459236145
1676104311.759166,1342,1676104311,739972928,,0,-0.024352164578367183,0.0013796507442237363,3.359103826309383e-05,0.9997024682820905,-0.012654181569814682,0.027899622917175293,-0.01107115484774113,0.16188760101795197
1676104311.8863316,1343,1676104311,869011584,,0,-0.022266602195334995,-0.000739584336590625,-1.647941776785158e-05,0.9997517800948483,0.02833763137459755,-0.02008221112191677,-0.011568257585167883,0.16144755482673645
1676104312.007477,1344,1676104311,990052288,,0,-0.021724639821600455,-0.002524093756343021,-5.4833049912729896e-05,0.9997607995204296,0.01827726885676384,-0.021212657913565636,-0.013837812468409537,0.1618737131357193
1676104312.133217,1345,1676104312,120130880,,0,-0.021386745244366078,-0.0024686634065616076,-5.281000118422826e-05,0.9997682173657676,0.007805208209902048,-0.01782775111496449,-0.01646745018661022,0.1628582626581192
1676104312.260698,1346,1676104312,249170048,,0,-0.019948406989224385,-0.0008963732472291829,-1.7870263768687136e-05,0.9998006282922725,0.013427427038550377,0.03501437231898308,-0.017039386555552486,0.1622723788022995
1676104312.384232,1347,1676104312,359209472,,0,-0.022377488578133632,0.0001792465954497238,4.003950608476819e-06,0.9997495884587257,-0.021451188251376152,0.03189530596137047,-0.019969433546066288,0.16432048380374908
1676104312.50813,1348,1676104312,497249408,,0,-0.02536703171455116,-0.002241424721548075,-5.689824548976938e-05,0.9996757050332861,-0.04921627417206764,-0.0101778618991375,-0.023422721773386,0.16343829035758972
1676104312.6352444,1349,1676104312,621329280,,0,-0.027868148194466095,-0.0003665577269443858,-1.0199537339705802e-05,0.9996115575298525,-0.04319656267762184,0.012425241991877552,-0.025177085772156715,0.16453197598457336
1676104312.7597845,1350,1676104312,738368960,,0,-0.02940462077655385,-0.0008841697589517553,-2.6004605531289407e-05,0.9995671768983706,-0.0800829604268074,0.018387788906693455,-0.02584156766533852,0.16113154590129852
1676104312.8854856,1351,1676104312,868409152,,0,-0.03166936324204052,0.0013107143051281057,4.1514645783148496e-05,0.9994975503046306,-0.06237170845270157,0.03463802486658096,-0.02298485115170479,0.16342498362064362
1676104313.0090091,1352,1676104312,998449344,,0,-0.03322667085527183,0.0010274927514909607,3.4181094142255586e-05,0.9994473112612056,-0.05064757913351059,0.024518985301256176,-0.022140331566333774,0.16482913494110107
1676104313.1352038,1353,1676104313,121529216,,0,-0.03280690404917152,0.0006438273553182623,2.1157717952392996e-05,0.9994615147491538,-0.01748250052332878,-0.0012298222864046715,-0.01846482791006565,0.16409391164779663
1676104313.2580035,1354,1676104313,240569664,,0,-0.03041067263595397,0.001274063669080835,3.8775100629941724e-05,0.9995367047268972,0.020359696820378304,0.0019714778754860145,-0.012449083849787712,0.16311028599739075
1676104313.3845532,1355,1676104313,370610368,,0,-0.029404009647250443,0.0015106115392592115,4.442277833041749e-05,0.9995664604019459,0.01660410314798355,-0.004694577772170306,-0.006466890219599008,0.16371220350265503
1676104313.5089836,1356,1676104313,489651328,,0,-0.02642527586038694,-0.00039638320771092343,-1.049456527927108e-05,0.9996507119521192,0.016847578808665276,-0.028250856325030327,-0.0019113435409963096,0.16434571146965027
1676104313.6357956,1357,1676104313,619734016,,0,-0.026257552476737837,0.000684201402013666,1.795455746556676e-05,0.9996549687838188,0.0023682392202317715,-0.006940492428839207,0.001121601555496455,0.164202481508255
1676104313.7612252,1358,1676104313,738775232,,0,-0.024477168179783446,0.00037417840399064147,9.188012975309459e-06,0.9997003187928165,0.025028303265571594,-0.016961460933089256,0.0012569872196763776,0.16057541966438293
1676104313.8854957,1359,1676104313,868816704,,0,-0.025860509407429975,0.00212921532283278,5.508593100366705e-05,0.9996632717129754,0.012074974365532398,0.015012760646641254,0.002323244931176303,0.16463427245616913
1676104314.0113082,1360,1676104313,988899392,,0,-0.02847459919768935,0.002199753342171824,6.263021688709445e-05,0.9995920856858406,-0.026463495567440987,0.009969773702323437,0.004284325055778026,0.16489870846271515
1676104314.1354604,1361,1676104314,110941376,,0,-0.02662620700939558,0.0014724778609799647,3.923871596358286e-05,0.9996443899248425,0.0045484439469873905,-0.030343668535351753,0.005828109569847587,0.16193638741970062
1676104314.258975,1362,1676104314,239983360,,0,-0.02578526411194787,0.0034546283413791194,8.909843775193292e-05,0.9996615436921865,0.011844122782349586,0.03048042021691799,0.008981449529528614,0.1638549119234085
1676104314.383494,1363,1676104314,369025344,,0,-0.024397448732914107,0.0003641724787363511,8.892985035724226e-06,0.9997022996946965,0.02050318568944931,-0.010948548093438147,0.009504825808107855,0.16595584154129028
1676104314.510254,1364,1676104314,488109312,,0,-0.027558914132763634,0.003563659604298771,9.824430387879924e-05,0.9996137913128237,-0.02523062191903591,0.050493501126766205,0.011468390934169286,0.1673150658607483
1676104314.6349673,1365,1676104314,619151552,,0,-0.028242327915545814,0.002427636083714164,6.861506937564108e-05,0.9995981548320261,-0.0315682590007782,-0.01031750626862049,0.012028013356029989,0.16655181348323822
1676104314.7608612,1366,1676104314,741194048,,0,-0.028673027877567654,-0.0007463811744575147,-2.141059904361259e-05,0.9995885453505656,-0.044768765568733215,-0.06652683019638062,0.009891233406960973,0.16498976945877075
1676104314.8848813,1367,1676104314,869236544,,0,-0.02964209456031045,-0.004192391802405232,-0.00012433320310719918,0.9995517932986641,-0.04711262881755829,-0.07377814501523972,0.00999382697045804,0.16338305175304413
1676104315.0109098,1368,1676104314,998321280,,0,-0.030050767525629286,-0.0008373907083717096,-2.5161668561103775e-05,0.9995480422291466,-0.022060496732592583,0.017752746120095256,0.014199595898389815,0.167133167386055
1676104315.135038,1369,1676104315,109364288,,0,-0.030821778264685296,-0.0009510739296957504,-2.929205971515012e-05,0.9995244399939806,-0.021792810410261154,0.0005356618203222774,0.018300481140613556,0.16601897776126862
1676104315.2622924,1370,1676104315,236407296,,0,-0.028290766498285973,-0.0026787140799167915,-7.582218047119937e-05,0.9995961739301461,0.04449198767542839,-0.030481206253170964,0.02137629128992558,0.16210435330867767
1676104315.387168,1371,1676104315,368450304,,0,-0.026935858588316104,-0.0032575562631873803,-8.779188544825903e-05,0.9996318301639863,0.04469001293182373,-0.00666266959160566,0.025848189368844032,0.1644642949104309
1676104315.510535,1372,1676104315,489536832,,0,-0.024183052324350744,-0.002988891835899193,-7.228184519624767e-05,0.9997030583379697,0.05421844497323036,0.012245626188814644,0.026069659739732742,0.16245250403881073
1676104315.634346,1373,1676104315,617580096,,0,-0.02465329722553244,-0.001994930195121128,-4.9185372212317646e-05,0.9996940389123884,0.010464244522154331,0.01986857131123543,0.02511082589626312,0.16358329355716705
1676104315.762847,1374,1676104315,736623360,,0,-0.024370052622837517,-0.005117136464127266,-0.0001247125247437882,0.9996899085212343,0.00906425528228283,-0.045182306319475174,0.021399438381195075,0.1652095466852188
1676104315.885262,1375,1676104315,866666624,,0,-0.025252102527018015,-0.006549849432081771,-0.00016542638040535306,0.9996596470840035,0.009298130869865417,-0.042399656027555466,0.017817778512835506,0.16144344210624695
1676104316.0111756,1376,1676104315,998753920,,0,-0.028733248480100136,-0.006720482923911648,-0.0001932011535740442,0.9995645216469145,-0.04824363812804222,-0.027084512636065483,0.012778984382748607,0.1606641262769699
1676104316.136575,1377,1676104316,120797952,,0,-0.02978779094725655,-0.004017002960683211,-0.00011969704977102377,0.9995481686696922,-0.05437636747956276,0.03484935685992241,0.010507466271519657,0.16151519119739532
1676104316.2611496,1378,1676104316,246841728,,0,-0.03318461883717009,-0.0014916902384559732,-4.9522547000380264e-05,0.9994481541981758,-0.06577592343091965,0.05538874864578247,0.009958659298717969,0.16183970868587494
1676104316.3868458,1379,1676104316,366886016,,0,-0.03149969846918188,-0.0034863451619727022,-0.00010983468721945862,0.9994976767451761,0.003753755707293749,0.013499142602086069,0.010047506541013716,0.16337652504444122
1676104316.5114872,1380,1676104316,499974592,,0,-0.03214930257692423,-0.0021763789634056067,-7.000591537666179e-05,0.9994806915652262,-0.005111270118504763,0.03784540668129921,0.01163954939693212,0.162178635597229
1676104316.6376324,1381,1676104316,617019136,,0,-0.028204805366569972,-0.003426309610446968,-9.668487048406365e-05,0.9995963003706916,0.03044472634792328,0.010662134736776354,0.013021413236856459,0.1639317274093628
1676104316.761633,1382,1676104316,750063424,,0,-0.027509552270623284,-0.004556065104404593,-0.00012538687431998778,0.999611178208216,0.018189046531915665,-0.019322445616126057,0.014415474608540537,0.16141612827777863
1676104316.887174,1383,1676104316,870107968,,0,-0.023513069556808874,-0.005284096594691616,-0.00012429105625869953,0.9997095489526404,0.06126676872372627,-0.023241907358169556,0.009590348228812221,0.16228081285953522
1676104317.0102093,1384,1676104316,989196800,,0,-0.022711535279807866,-0.006764961678525309,-0.00015370955651929094,0.9997191584341009,0.049718908965587616,-0.013547235168516636,0.004389782436192037,0.16468608379364014
1676104317.137258,1385,1676104317,119241856,,0,-0.023269429162279524,-0.009414169013217368,-0.0002191214654082101,0.999684850899413,0.010322046466171741,-0.04969814047217369,-0.003562156343832606,0.16488710045814514
1676104317.2606068,1386,1676104317,238287168,,0,-0.02231539507502045,-0.0048905220793073,-0.00010916033764328958,0.9997390095997495,0.019109226763248444,0.036294855177402496,-0.007299381308257584,0.16576355695724487
1676104317.387216,1387,1676104317,367332224,,0,-0.023603278959145872,-0.005145850321764327,-0.00012146721740845302,0.9997081581066395,-0.002425540704280138,0.0009802707936614737,-0.01198316179215908,0.16081640124320984
1676104317.5112805,1388,1676104317,489422848,,0,-0.024367856376903394,-0.0035243984978219757,-8.58952772652957e-05,0.9996968627512386,0.006784415803849697,0.011675322428345679,-0.016343824565410614,0.16072462499141693
1676104317.6374526,1389,1676104317,621467904,,0,-0.025709885790475152,-0.0029863096828833934,-7.679155798694759e-05,0.9996649997337644,-0.014043472707271576,0.00026466537383384775,-0.018395956605672836,0.16302739083766937
1676104317.76054,1390,1676104317,737512960,,0,-0.02704556420081193,-0.003217500952033838,-8.707538902355987e-05,0.9996290063251361,-0.022408945485949516,-0.004760034848004582,-0.021540110930800438,0.16269700229167938
1676104317.888284,1391,1676104317,870558528,,0,-0.028857313655592524,-0.005252188796190839,-0.00015164436094227044,0.9995697478561297,-0.021585969254374504,-0.030495561659336094,-0.021998606622219082,0.16168005764484406
1676104318.0103798,1392,1676104317,998649920,,0,-0.02911994779082111,-0.004276169200532761,-0.0001245860841982692,0.999566797576734,-0.009856126271188259,-0.019430108368396763,-0.019029151648283,0.1647695153951645
1676104318.1364684,1393,1676104318,121695744,,0,-0.030987267865363318,-0.0016501900477262712,-5.1166274092311095e-05,0.9995184129946435,-0.02944103255867958,0.0038525373674929125,-0.013344781473279,0.16292165219783783
1676104318.2604232,1394,1676104318,247741824,,0,-0.030374526444999814,-0.0010588144453797575,-3.215804541390022e-05,0.999538011279201,-0.016327928751707077,0.021578101441264153,-0.009236998856067661,0.16179248690605164
1676104318.386811,1395,1676104318,369787648,,0,-0.028834715042256587,-0.001687526887150858,-4.8679610030190275e-05,0.9995827712323196,0.010537235997617245,0.00113658292684704,-0.0044377949088811874,0.16241373121738434
1676104318.512069,1396,1676104318,500879552,,0,-0.026255507037496045,-0.0031161812453026645,-8.184917980821732e-05,0.9996504169241796,0.05549389868974686,-0.0264645554125309,0.0001478289050282943,0.15946592390537262
1676104318.6363485,1397,1676104318,619925632,,0,-0.024893868144110085,-0.004719181969220356,-0.00011754756049697578,0.9996789503406215,0.051001664251089096,-0.039642687886953354,0.004031891468912368,0.16408340632915497
1676104318.7625976,1398,1676104318,748971968,,0,-0.02165772972395589,-0.006616059496914353,-0.00014334143178561067,0.9997435193125401,0.045934002846479416,-0.018734510987997055,0.006461171898990872,0.16079071164131165
1676104318.8880496,1399,1676104318,867018304,,0,-0.021439340560040626,-0.006287395738048368,-0.00013482776838640343,0.999750347101999,0.017305897548794746,0.00021704257233068412,0.005260176956653595,0.1618935465812683
1676104319.01414,1400,1676104319,1111232,,0,-0.022099514307136095,-0.0043674711282085015,-9.655842993851099e-05,0.9997462167108448,-0.0117814214900136,0.011348550207912922,0.006953236646950243,0.16799384355545044
1676104319.1359854,1401,1676104319,119158080,,0,-0.023776387261236747,-0.0013182809815249473,-3.1357255292171915e-05,0.9997164188889477,-0.024007584899663925,0.030419213697314262,0.006804636213928458,0.16798453032970428
1676104319.262938,1402,1676104319,250204672,,0,-0.02598222950592944,0.0032585901780647912,8.471516550680029e-05,0.9996570761262443,-0.03360523283481598,0.058563873171806335,0.005885652266442769,0.16570986807346344
1676104319.3880346,1403,1676104319,366251776,,0,-0.02588935102270159,0.0013841486032132586,3.586696808267678e-05,0.9996638617688546,3.737596489372663e-05,-0.020135080441832542,0.006325817201286557,0.16274316608905792
1676104319.5126064,1404,1676104319,500345216,,0,-0.02528060038205646,1.695225272443102e-05,4.214684850318632e-07,0.9996804254803193,0.021871501579880714,-0.041453342884778976,0.0042294510640204005,0.16202741861343384
1676104319.6361678,1405,1676104319,621392576,,0,-0.02254543915963799,-0.0015305739989298123,-3.451826893050159e-05,0.9997446151306014,0.05146266892552376,-0.03347604721784592,0.0029786431696265975,0.16249963641166687
1676104319.7664664,1406,1676104319,749439680,,0,-0.02006574908383478,-0.00312162148148311,-6.263021688729514e-05,0.9997938005028136,0.05045172944664955,-0.009460905566811562,0.002690770430490376,0.16411058604717255
1676104319.8883433,1407,1676104319,870485504,,0,-0.020618993642080075,-0.0032778690685361057,-6.760354501155372e-05,0.9997819993852306,0.01906534470617771,0.017512522637844086,0.005341773852705954,0.16518893837928772
1676104320.0114028,1408,1676104319,991580224,,0,-0.018884064062700177,-0.0026146640410703945,-4.939610645486311e-05,0.99981824567495,0.026270238682627678,0.032494235783815384,0.007474137470126148,0.16390837728977203
1676104320.1381836,1409,1676104320,121627584,,0,-0.02124898234310765,-0.0020057968380473488,-4.265261069307853e-05,0.9997722213163761,0.0034873951226472855,0.03109496831893921,0.0090922936797142,0.16330227255821228
1676104320.2621388,1410,1676104320,239675456,,0,-0.019055340293969845,-0.004146944987364837,-7.906748780650525e-05,0.9998098163052478,0.03134049475193024,-0.0015650385757908214,0.008307666517794132,0.16249197721481323
1676104320.387637,1411,1676104320,367723072,,0,-0.02118781804629523,-0.0037468686620532065,-7.94046625945974e-05,0.9997685123937071,-0.00030156932189129293,-0.008104505017399786,0.008728316053748133,0.16340133547782898
1676104320.515459,1412,1676104320,500818560,,0,-0.02090827841500222,-0.002090008217005639,-4.370628190588246e-05,0.9997791755463804,0.005492120981216431,0.010784923098981382,0.008879564702510832,0.16112658381462097
1676104320.636599,1413,1676104320,617866432,,0,-0.022008352649440555,-0.002981393648131302,-6.566478998004296e-05,0.9997533395282432,-0.006317852530628443,-0.023135755211114883,0.005636508576571944,0.16151419281959534
1676104320.7631314,1414,1676104320,746914560,,0,-0.02001195916842275,-0.00417856697754915,-8.361934744568114e-05,0.9997910188108119,0.003266657469794154,-0.01406170055270195,-0.00030192895792424505,0.16511517763137817
1676104320.888716,1415,1676104320,870962688,,0,-0.024323653552438578,-0.001441083727195533,-3.5066177961148204e-05,0.9997031004848183,-0.057610295712947845,0.06386101990938187,-0.00433582719415427,0.1645682454109192
1676104321.014156,1416,1676104320,998058944,,0,-0.024852007762460163,-0.00407949883449077,-0.00010140531751731036,0.999682785703836,-0.02801378257572651,-0.01193717308342457,-0.011728937737643717,0.16379471123218536
1676104321.1380115,1417,1676104321,127107584,,0,-0.025256487116352165,-0.003154764050936356,-7.969969053419861e-05,0.9996760000612257,0.00801367498934269,0.024283977225422856,-0.015511501580476764,0.1627236008644104
1676104321.264642,1418,1676104321,252155968,,0,6.133852645534578e-17,6.133852645534577e-17,-0.0017356493685270313,-0.9999985077460312,-0.00634713564068079,0.0005775964818894846,-0.013887792825698853,0.2792056202888489
1676104321.3879366,1419,1676104321,375204096,,0,6.133852645534578e-17,6.133852645534577e-17,-0.0017356493685270313,-0.9999985077460312,0.14785432815551758,0.033525969833135605,0.0015686387196183163,0.2780373692512512
1676104321.5120027,1420,1676104321,499301376,,0,6.133852645534578e-17,6.133852645534577e-17,-0.0017356493685270313,-0.9999985077460312,0.029173647984862328,0.030823370441794395,-0.005667244549840692,0.23014019429683685
1676104321.6370845,1421,1676104321,622348480,,0,-0.04529585556574148,-7.861967754094272e-05,-0.001733879200889617,-0.9989721476910939,0.7022758722305298,0.0007822728366591024,-0.009398912079632282,0.13317756354808807
1676104321.7623987,1422,1676104321,751396864,,0,-0.03523488389311879,-6.115507718924198e-05,-0.0017345956973142608,-0.9993775582269201,0.10358577221632004,-0.042466480284929276,-0.00690744817256927,0.018691588193178177
1676104321.8894284,1423,1676104321,875445760,,0,6.133852645534578e-17,6.133852645534577e-17,-0.0017356493685270313,-0.9999985077460312,-0.43133091926574707,-0.06193976476788521,-0.008483220823109143,0.0151869161054492
1676104322.0133607,1424,1676104321,998543296,,0,6.133852645534578e-17,6.133852645534577e-17,-0.0017356493685270313,-0.9999985077460312,-0.0845278948545456,-0.036854248493909836,-0.0055473065003752665,0.07242990285158157
1676104322.1392286,1425,1676104322,127592192,,0,6.133852645534578e-17,6.133852645534577e-17,-0.0017356493685270313,-0.9999985077460312,-0.02481694146990776,-0.009456695057451725,-0.0012744686100631941,0.09579439461231232
1676104322.2639492,1426,1676104322,250641344,,0,-0.006293204100608655,-1.0922619209339885e-05,-0.0017356072216785426,-0.9999787408740795,0.0746304839849472,-0.00014206724881660177,0.0012328835437074304,0.14719626307487488
1676104322.389528,1427,1676104322,374690240,,0,-0.017620174247722983,-3.058214840614637e-05,-0.0017353964874359665,-0.999843238756117,0.1535634994506836,0.02010158821940422,-0.0018597398884594464,0.1647196263074875
1676104322.5135438,1428,1676104322,502788544,,0,-0.03020298218611528,-5.2422777013392105e-05,-0.0017348485784053438,-0.9995422681109006,0.19045045971870422,0.03453076258301735,-0.0011491279583424373,0.16588784754276276
1676104322.6400824,1429,1676104322,626837184,,0,-0.036536994643522405,0.028262483658029393,-0.0017337949071925905,-0.9989310123669471,0.08235879242420197,-0.2397996336221695,0.010297969914972812,0.19859813153743744
1676104322.762946,1430,1676104322,749886592,,0,-0.0239120500640591,-4.1502791982022305e-05,-0.0017351436063449157,-0.9997125835257332,-0.08095748722553253,0.20128397643566132,0.010019801557064032,0.19392523169517517
1676104322.8887055,1431,1676104322,873935232,,0,6.133852645534578e-17,6.133852645534577e-17,-0.0017356493685270313,-0.9999985077460312,-0.28915175795555115,0.06032096967101097,0.017980642616748803,0.19392523169517517
1676104323.0152547,1432,1676104323,2034304,,0,0.01980383012794186,3.437273059421848e-05,-0.0017353121937389387,-0.9998024406067585,-0.3936651051044464,0.04225678369402886,0.029160864651203152,0.19392523169517517
1676104323.138531,1433,1676104323,126083968,,0,0.08900512989778299,0.00015448400486066702,-0.0017287794322197794,-0.9960296654623058,-0.87299644947052,0.018994767218828205,0.03124183043837547,0.19742991030216217
1676104323.2632105,1434,1676104323,249133376,,0,0.08900512989778299,0.00015448400486066702,-0.0017287794322197794,-0.9960296654623058,-0.2525497078895569,0.04034287482500077,0.03157560899853706,0.21728971600532532
1676104323.3900821,1435,1676104323,378181504,,0,0.10625160450337263,0.00018441353565946134,-0.001725829152824015,-0.9943378066693814,-0.20966559648513794,-0.005274995695799586,0.02626868151128292,0.1822429895401001
1676104323.5149226,1436,1676104323,501282112,,0,0.09393564736069354,0.00016303981510837605,-0.001727978642098079,-0.9955767132813591,0.11505215615034103,-0.027123183012008664,0.019113957881927494,0.10981308668851852
1676104323.6390805,1437,1676104323,625331776,,0,0.05690904298545989,-4.180703954471756e-05,0.0007334394577866378,-0.998379099385697,0.4263756573200226,-0.033012416213750846,-0.04976298287510871,0.07827103137969971
1676104323.766074,1438,1676104323,749381696,,0,0.0024756365697205115,-4.958016964414034e-06,0.002002733947540719,-0.9999949252639077,0.6980019807815552,-0.03220301494002342,0.011408751830458645,0.12616822123527527
1676104323.891084,1439,1676104323,877431104,,0,6.110958294749334e-17,6.110958294749333e-17,0.002002733947540731,-0.9999979598370005,0.24425089359283447,0.02638698555529118,0.01459078304469585,0.1927570104598999
1676104324.012989,1440,1676104324,1531456,,0,6.110958294749334e-17,6.110958294749333e-17,0.002002733947540731,-0.9999979598370005,0.0993315577507019,0.023475816473364833,0.018767755478620526,0.21728971600532532
1676104324.1391895,1441,1676104324,124581632,,0,0.02104137816259962,-4.2140263065753676e-05,0.0020023124790555804,-0.9997766045886212,-0.20777097344398499,0.054456621408462524,0.013895832002162926,0.23014019429683685
1676104324.2662663,1442,1676104324,253631296,,0,0.06308688062498216,-0.0001263483493015138,0.0019987299969322636,-0.9980059733358301,-0.597927451133728,-0.011990069411695004,0.007013704627752306,0.17056074738502502
1676104324.3896587,1443,1676104324,376681216,,0,0.10502064784069527,-0.00021032857913750702,0.001991649326382388,-0.9944679982844316,-0.5927538871765137,-0.04348491504788399,0.003664935473352676,0.128504678606987
1676104324.5145793,1444,1676104324,500782336,,0,0.07913761752818135,-0.00015849058964713698,0.001996454067112595,-0.9968616021050622,0.10173430293798447,-0.0576225146651268,0.0035932883620262215,0.10981308668851852
1676104324.6398258,1445,1676104324,628832768,,0,0.059387654365359026,0.003574879885625892,0.0019991936122658667,-0.9982265277940875,0.2587429881095886,-0.12186966091394424,0.0040107383392751364,0.09929906576871872
1676104324.76368,1446,1676104324,752890112,,0,0.026048840624367388,0.0307394806160672,0.0020011323672973285,-0.9991859586535895,0.41591426730155945,-0.30664733052253723,-0.005761769600212537,0.13434579968452454
1676104324.889481,1447,1676104324,875941824,,0,0.014853290277810597,-2.9747113970027648e-05,0.00200252321329824,-0.9998876615344474,0.20448972284793854,0.2215009331703186,0.0037812949158251012,0.1355140209197998
1676104325.0135186,1448,1676104325,43200,,0,6.110958294749334e-17,6.110958294749333e-17,0.002002733947540731,-0.9999979598370005,0.24362610280513763,0.053511932492256165,0.0065248897299170425,0.17289718985557556
1676104325.1406913,1449,1676104325,128093888,,0,6.110958294749334e-17,6.110958294749333e-17,0.002002733947540731,-0.9999979598370005,0.06353410333395004,0.02456098236143589,0.012698081322014328,0.1752336472272873
1676104325.2667253,1450,1676104325,252144832,,0,6.110958294749334e-17,6.110958294749333e-17,0.002002733947540731,-0.9999979598370005,0.022478332743048668,0.01050462666898966,0.013294268399477003,0.18808411061763763
1676104325.3900275,1451,1676104325,376195520,,0,0.02227890709946665,-4.461902459380309e-05,0.002002228185358619,-0.9997497991929682,-0.27916449308395386,0.019202904775738716,0.011359227821230887,0.1857476681470871
1676104325.5144987,1452,1676104325,499297152,,0,0.06061598211836052,-0.00012139872877950726,0.001999025024871779,-0.9981590928364701,-0.46364498138427734,-0.003919002600014209,0.008910020813345909,0.16588784754276276
1676104325.6418343,1453,1676104325,628347840,,0,0.08777210803952859,-0.00017578396842676488,0.0019950210742632544,-0.9961385307720093,-0.3922613561153412,-0.002124132588505744,0.006372511852532625,0.15887850522994995
1676104325.767479,1454,1676104325,751397760,,0,0.07913761752818135,-0.00015849058964713698,0.001996454067112595,-0.9968616021050622,0.013944067992269993,-0.0067256991751492015,0.004950835835188628,0.15887850522994995
1676104325.8898084,1455,1676104325,875448960,,0,0.05443714349118611,-0.0001090233603854968,0.001999741521296483,-0.9985151915595387,0.22252286970615387,0.004483215510845185,0.004579895175993442,0.17289718985557556
1676104326.015304,1456,1676104326,3550080,,0,0.044546766456267324,-8.921697576340845e-05,0.0020007530456606828,-0.9990052751140234,0.1612834632396698,0.010728728026151657,0.005024755839258431,0.1717289686203003
1676104326.1416066,1457,1676104326,127600512,,0,0.03341490921743361,-6.692129290114583e-05,0.002001638129479462,-0.999439514094231,0.1708696335554123,0.021394062787294388,0.002025326713919637,0.17056074738502502
1676104326.2677445,1458,1676104326,250651968,,0,0.03094055203505604,-6.19664040230821e-05,0.0020017645700249756,-0.9995191294910681,0.06693525612354279,0.009061949327588081,-6.480317824753112e-05,0.15070094168186188
1676104326.3900723,1459,1676104326,379702656,,0,0.027228664598722432,-5.45314365279584e-05,0.002001975304267569,-0.9996272361574986,0.07186999171972275,-0.019154613837599754,-0.0015033036470413184,0.1390186846256256
1676104326.5148158,1460,1676104326,502804800,,0,0.019803818932685225,-3.9661501537706465e-05,0.002002354625904191,-0.9998018505508792,0.12100996822118759,-0.0016308524645864966,-0.0021640819031745195,0.14135514199733734
1676104326.6411145,1461,1676104326,626856000,,0,0.0012378192315180166,-2.479049641208071e-06,0.0020027339475407833,-0.9999972011937273,0.24846629798412323,0.014626097865402699,-0.0040185977704823034,0.16588784754276276
1676104326.764033,1462,1676104326,750907712,,0,0.007426849287702804,-1.4874215529491236e-05,0.002002691800692222,-0.9999703536512258,0.03015531413257122,0.02451161853969097,-0.0020414888858795196,0.1647196263074875
1676104326.8910182,1463,1676104326,878959168,,0,0.013615595387727556,-2.726835244198098e-05,0.0020025232132981434,-0.999905278917125,-0.044805217534303665,0.011707067489624023,-0.003944994881749155,0.15070094168186188
1676104327.0166738,1464,1676104327,3062336,,0,0.023516405743286315,-4.70964690328337e-05,0.0020021438916615958,-0.9997213922170719,-0.09907149523496628,0.0022792068775743237,-0.00878310576081276,0.12616822123527527
1676104327.140327,1465,1676104327,126114048,,0,0.02846600650894919,-5.7010198056003135e-05,0.0020019331574190327,-0.9995927178885682,-0.03566265478730202,0.01926040649414063,0.014218920841813086,0.06308411061763763
1676104327.2645097,1466,1676104327,250165504,,0,0.03094055203505604,-6.19664040230821e-05,0.0020017645700249756,-0.9995191294910681,0.04706097021698952,0.28474870324134827,0.016029600054025615,0.0
1676104327.3912363,1467,1676104327,378217216,,0,0.0012378193961541436,-2.4281770779664215e-06,0.001961640770242611,-0.9999973276342727,0.2436959594488144,-0.005896386690437794,0.0019870968535542497,0.0
1676104327.517825,1468,1676104327,503320896,,0,6.111210692114604e-17,6.111210692114604e-17,0.0019616407702426697,-0.9999980862775459,0.3134450912475586,0.16317495703697205,-0.00039363442920150373,0.0
1676104327.6408105,1469,1676104327,627372608,,0,6.111210692114604e-17,6.111210692114604e-17,0.0019616407702426697,-0.9999980862775459,0.37987416982650757,0.6155023574829102,0.003082572948187514,0.0
1676104327.767726,1470,1676104327,752424832,,0,6.11603359800642e-17,6.116033598006418e-17,0.001175222723877855,-0.9999993085361528,0.36589816212654114,0.9386775493621826,0.010637113824486618,0.0
1676104327.8919058,1471,1676104327,877476288,,0,6.111094042207547e-17,6.111094042207545e-17,0.0019806489989209913,-0.9999980441306975,0.2902412414550781,1.1855708360671997,0.011235307902097556,0.0
1676104328.015567,1472,1676104328,2579456,,0,6.113020830274129e-17,6.113020830274129e-17,0.0016665285369693939,-0.9999985920397281,0.24747253954410553,1.2312253713607788,0.009546991437673418,0.0
1676104328.14206,1473,1676104328,127631936,,0,6.11630612522291e-17,6.116306125222908e-17,0.0011307577986988532,-0.9999993506830013,0.31326425075531006,1.1514045000076294,0.01115158200263963,0.0
1676104328.2648501,1474,1676104328,252684160,,0,6.116633880492741e-17,6.11663388049274e-17,0.0010772734479385401,-0.9999993928298498,0.3183053135871887,1.1236222982406616,0.01123951002955423,0.0
1676104328.3918724,1475,1676104328,377736384,,0,6.116039275656762e-17,6.116039275656762e-17,0.0011742954932105563,-0.9999993085361528,0.29697030782699585,1.161834716796875,0.010849357582628585,0.0
1676104328.5190732,1476,1676104328,501841088,,0,6.116792854702359e-17,6.116792854702358e-17,0.0010513952829528605,-0.9999994771235469,0.30344870686531067,1.1544331312179565,0.010939821600913861,0.0
1676104328.642058,1477,1676104328,631893056,,0,6.117491721844645e-17,6.117491721844644e-17,0.000937345910882376,-0.9999995614172439,0.3079882562160492,1.150041937828064,0.011101594194769719,0.0
1676104328.7661624,1478,1676104328,751945536,,0,6.117985677424532e-17,6.117985677424531e-17,0.0008567611365295066,-0.9999996457109409,0.3042665123939514,1.1581658124923706,0.011045772582292415,0.0
1676104328.8921103,1479,1676104328,881997760,,0,6.118755257121098e-17,6.118755257121095e-17,0.0007311635279670471,-0.9999997300046378,0.3099939227104187,1.152235746383667,0.011197460815310338,0.0
1676104329.0170126,1480,1676104329,2102464,,0,6.119197597697862e-17,6.11919759769786e-17,0.00065900812331639,-0.999999814298335,0.30822381377220154,1.1571499109268188,0.011180658824741698,0.0
1676104329.1420796,1481,1676104329,132155456,,0,6.119891819489866e-17,6.119891819489863e-17,0.0005456752476705933,-0.9999998564451834,0.31056517362594604,1.1552202701568604,0.011218683794140673,0.0
1676104329.2653463,1482,1676104329,251207424,,0,6.120390936570066e-17,6.120390936570064e-17,0.0004641632426505914,-0.9999998564451834,0.3104795813560486,1.1567906141281128,0.011243783868849135,0.0
1676104329.3914044,1483,1676104329,381260160,,0,6.120983476805918e-17,6.120983476805916e-17,0.00036747837216655264,-0.9999999407388804,0.3114069700241089,1.156556248664856,0.011306205764412738,0.0
1676104329.5172074,1484,1676104329,506364864,,0,6.121423236632525e-17,6.121423236632524e-17,0.0002956601423040391,-0.9999999407388804,0.3121393620967865,1.1571004390716553,0.011343807913362838,0.0
1676104329.6410794,1485,1676104329,626417600,,0,6.121933192863381e-17,6.12193319286338e-17,0.00021242011649497288,-0.9999999828857289,0.31244584918022156,1.1577097177505493,0.01132407598197446,0.0
1676104329.7672064,1486,1676104329,756470080,,0,6.122480311896484e-17,6.122480311896483e-17,0.000123110944500425,-1.0000000250325776,0.31279394030570984,1.1577579975128174,0.011365878395736075,0.0
1676104329.8910103,1487,1676104329,876522816,,0,6.12277658201441e-17,6.122776582014409e-17,7.468421556138319e-05,-0.999999982885729,0.31275391578674316,1.1587516069412231,0.011353585869073726,0.0
1676104330.017375,1488,1676104330,5628032,,0,6.123219438741207e-17,6.123219438741205e-17,2.3602235167369225e-06,-0.9999999828857289,0.31298738718032837,1.1592319011688232,0.011401475407183028,0.0
1676104330.1415331,1489,1676104330,130681280,,0,6.123640101016659e-17,6.123640101016658e-17,-6.633913955606919e-05,-0.999999982885729,0.31300675868988037,1.1598832607269287,0.011403881944715834,0.0
1676104330.268176,1490,1676104330,255733760,,0,6.124040633440893e-17,6.124040633440892e-17,-0.0001317510484449571,-0.9999999828857289,0.31339141726493835,1.160050630569458,0.011404723860323287,0.0
1676104330.3919528,1491,1676104330,380786752,,0,6.12443806896494e-17,6.124438068964939e-17,-0.00019665719515176778,-0.9999999828857289,0.3135022222995758,1.1608660221099854,0.011434634216129638,0.0
1676104330.516041,1492,1676104330,505892736,,0,6.12476066273446e-17,6.124760662734458e-17,-0.000249340755790371,-0.999999982885729,0.31373611092567444,1.1611366271972656,0.011437884531915046,0.0
1676104330.6416538,1493,1676104330,630945472,,0,6.125102870205164e-17,6.125102870205164e-17,-0.00030526962376432605,-0.9999999407388804,0.31371960043907166,1.1619154214859009,0.011429050937294818,0.0
1676104330.765911,1494,1676104330,755998208,,0,6.125516306380181e-17,6.125516306380179e-17,-0.00037278887507876697,-0.9999999407388804,0.3140935003757477,1.162628412246704,0.011439345777034617,0.0
1676104330.8928783,1495,1676104330,880051712,,0,6.12591890340454e-17,6.125918903404537e-17,-0.00043858010560431007,-0.999999898592032,0.3139253258705139,1.1632336378097534,0.011490810662507869,0.0
1676104331.01947,1496,1676104331,5158208,,0,6.126237367973808e-17,6.126237367973808e-17,-0.0004906314635152476,-0.9999998564451834,0.31413549184799194,1.1635318994522095,0.011490885168313838,0.0
1676104331.1407683,1497,1676104331,130210944,,0,6.126727710503477e-17,6.126727710503475e-17,-0.0005707104756859289,-0.9999998564451834,0.3143059015274048,1.163925051689148,0.01147664990276084,0.0
1676104331.2681653,1498,1676104331,255263936,,0,6.127041013572434e-17,6.127041013572432e-17,-0.0006219188966267007,-0.999999814298335,0.3142813742160797,1.163922905921936,0.011511328630149222,0.0
1676104331.3910654,1499,1676104331,380317696,,0,6.127322315339454e-17,6.127322315339452e-17,-0.0006679011083520456,-0.9999997721514864,0.3140524923801422,1.164281964302063,0.011470085009932376,0.0
1676104331.5163348,1500,1676104331,505423168,,0,6.127543743702853e-17,6.127543743702851e-17,-0.0007041052512229354,-0.9999997300046379,0.3140746057033539,1.1643517017364502,0.011500576511025287,0.0
1676104331.6413045,1501,1676104331,629476160,,0,6.127889564223778e-17,6.127889564223775e-17,-0.000760582028227534,-0.9999997300046379,0.31413015723228455,1.1645617485046387,0.011462982743978358,0.0
1676104331.7687728,1502,1676104331,754529408,,0,6.128019117881615e-17,6.128019117881615e-17,-0.0007817818930284865,-0.9999996878577894,0.3140842616558075,1.1648648977279663,0.011471324600279189,0.0
1676104331.893587,1503,1676104331,879582400,,0,6.128244159295231e-17,6.128244159295231e-17,-0.0008185760917785312,-0.9999996457109409,0.31403592228889465,1.1653276681900024,0.011463551782071448,0.0
1676104332.017469,1504,1676104332,4688896,,0,6.128460942308348e-17,6.128460942308347e-17,-0.0008539794445276553,-0.9999996457109409,0.3140738904476166,1.165396809577942,0.011477924883365489,0.0
1676104332.1432571,1505,1676104332,129741888,,0,6.128790762178305e-17,6.128790762178303e-17,-0.0009078852637730794,-0.9999996035640923,0.31379058957099915,1.1656532287597656,0.011477585881948329,0.0
1676104332.267153,1506,1676104332,254794880,,0,6.12928833080841e-17,6.12928833080841e-17,-0.000989228681399093,-0.9999995192703954,0.31396403908729553,1.1659311056137085,0.011488874442875243,0.0
1676104332.39239,1507,1676104332,378847872,,0,6.129600601577306e-17,6.129600601577303e-17,-0.0010402685149458204,-0.9999994771235468,0.31420210003852844,1.1664814949035645,0.011501496657729007,0.0
1676104332.517273,1508,1676104332,503954368,,0,6.129808610039892e-17,6.12980861003989e-17,-0.0010742810216940798,-0.9999994349766984,0.3139929473400116,1.166546106338501,0.01151946000754819,0.0
1676104332.6434362,1509,1676104332,634006848,,0,6.130030038403288e-17,6.130030038403287e-17,-0.0011105273114134808,-0.9999993506830013,0.31371137499809265,1.1665657758712769,0.011476334184408046,0.0
1676104332.7666657,1510,1676104332,754060352,,0,6.130173011961938e-17,6.130173011961938e-17,-0.001133876665488497,-0.9999993506830013,0.3132147192955017,1.1669304370880127,0.011485882103443004,0.0
1676104332.8948605,1511,1676104332,884113344,,0,6.130336631521839e-17,6.130336631521838e-17,-0.0011606399142929096,-0.9999993085361528,0.3130074441432953,1.1670823097229004,0.011493158526718474,0.0
1676104333.017635,1512,1676104333,4220096,,0,6.13051315483252e-17,6.130513154832517e-17,-0.0011894683586743636,-0.9999993085361528,0.31292739510536194,1.16693913936615,0.011462475173175193,0.0
1676104333.1416068,1513,1676104333,129273600,,0,6.130742325446385e-17,6.130742325446385e-17,-0.0012269369070005854,-0.9999992663893044,0.3124435842037201,1.167025089263916,0.01144558750092969,0.0
1676104333.2691944,1514,1676104333,253327104,,0,6.130817167200913e-17,6.130817167200912e-17,-0.0012392016399172484,-0.9999992242424558,0.3120797574520111,1.1671427488327026,0.011411369778215743,0.0
1676104333.3933954,1515,1676104333,378380352,,0,6.131052531615155e-17,6.131052531615153e-17,-0.00127768171260768,-0.9999991820956072,0.31203463673591614,1.1674129962921143,0.011454387567937232,0.0
1676104333.5181327,1516,1676104333,508487104,,0,6.131154213171307e-17,6.131154213171306e-17,-0.0012942875709209825,-0.9999991820956072,0.3117538392543793,1.167816162109375,0.011436860077082969,0.0
1676104333.644384,1517,1676104333,633540608,,0,6.131235764876241e-17,6.13123576487624e-17,-0.001307648121898933,-0.9999991399487588,0.3114832937717438,1.1677619218826294,0.011416576802730418,0.0
1676104333.766694,1518,1676104333,753593856,,0,6.131396287535954e-17,6.131396287535952e-17,-0.0013338634616727016,-0.9999991399487587,0.31115400791168213,1.1680594682693481,0.011432020924985267,0.0
1676104333.8927863,1519,1676104333,883647104,,0,6.131653330251506e-17,6.131653330251505e-17,-0.0013759260164865734,-0.9999990556550618,0.3108590841293335,1.1681934595108032,0.011417482048272944,0.0
1676104334.0189986,1520,1676104334,7754368,,0,6.131935148168559e-17,6.131935148168557e-17,-0.001422034668757507,-0.9999989713613646,0.31060609221458435,1.1683539152145386,0.011405414901673652,0.0
1676104334.1438615,1521,1676104334,132807616,,0,6.132129736730332e-17,6.132129736730331e-17,-0.001453855539383191,-0.9999989292145163,0.31070655584335327,1.1684261560440063,0.011410490609705306,0.0
1676104334.2674158,1522,1676104334,257861120,,0,6.132342390543198e-17,6.132342390543198e-17,-0.001488626689404705,-0.9999988870676676,0.310697078704834,1.1683616638183594,0.011388415470719195,0.0
1676104334.39589,1523,1676104334,382914624,,0,6.132483815651756e-17,6.132483815651755e-17,-0.001511723162388655,-0.9999988870676676,0.31077978014945984,1.168556809425354,0.011390186846256114,0.0
1676104334.5179324,1524,1676104334,508021120,,0,6.132587561808033e-17,6.132587561808031e-17,-0.001528708342338557,-0.9999988449208191,0.3106018602848053,1.168461561203003,0.011416433379053927,0.0
1676104334.642153,1525,1676104334,633074624,,0,6.132636596061e-17,6.132636596060999e-17,-0.001536758390404114,-0.9999988027739707,0.3107146620750427,1.16856050491333,0.011439309455454207,0.0
1676104334.7693024,1526,1676104334,757128128,,0,6.132692340264373e-17,6.132692340264371e-17,-0.0015458621096825032,-0.9999988027739706,0.31052088737487793,1.168656826019287,0.01140921842306838,0.0
1676104334.8927226,1527,1676104334,882181632,,0,6.132727954616528e-17,6.132727954616526e-17,-0.0015517205216254851,-0.9999987606271222,0.3103843927383423,1.1687999963760376,0.01141894049942479,0.0
1676104335.0170093,1528,1676104335,7288384,,0,6.132888477276241e-17,6.132888477276239e-17,-0.001577935861399309,-0.9999987606271221,0.3105050027370453,1.168923020362854,0.011407010257243966,0.0
1676104335.143106,1529,1676104335,132341888,,0,6.132820345472118e-17,6.132820345472116e-17,-0.0015668090933923893,-0.9999987606271222,0.3103993833065033,1.169312596321106,0.011385731399059152,0.0
1676104335.2697198,1530,1676104335,257395392,,0,6.132887961126209e-17,6.132887961126207e-17,-0.001577851567702287,-0.9999987606271222,0.3104315996170044,1.1692006587982178,0.011407723650336122,0.0
1676104335.3932526,1531,1676104335,382448640,,0,6.132866798974929e-17,6.132866798974928e-17,-0.0015744376729728913,-0.9999987184802736,0.31050050258636475,1.169296383857727,0.011416463181376313,0.0
1676104335.5191407,1532,1676104335,507555392,,0,6.132904477927209e-17,6.132904477927207e-17,-0.0015805489660069393,-0.9999987606271222,0.3105958104133606,1.1693625450134277,0.011413166299462174,0.0
1676104335.6422846,1533,1676104335,631608896,,0,6.133065516736952e-17,6.133065516736951e-17,-0.001606890746326241,-0.9999987184802737,0.31088846921920776,1.1692126989364624,0.011404152959585046,0.0
1676104335.7692444,1534,1676104335,756662400,,0,6.133130035490856e-17,6.133130035490855e-17,-0.0016174696053025174,-0.9999986763334251,0.3113713562488556,1.1695830821990967,0.011444779112934922,0.0
1676104335.896225,1535,1676104335,881715904,,0,6.133194038094729e-17,6.133194038094728e-17,-0.0016279220237332048,-0.9999986763334251,0.3115955889225006,1.1696807146072388,0.011463567614555215,0.0
1676104336.0174263,1536,1676104336,6822656,,0,6.13333288245313e-17,6.133332882453129e-17,-0.0016506391750805553,-0.9999986341865766,0.31186985969543457,1.169557809829712,0.011454291641712045,0.0
