Time,header.seq,header.stamp.secs,header.stamp.nsecs,header.frame_id,group_mix,controls_0,controls_1,controls_2,controls_3,controls_4,controls_5,controls_6,controls_7
1676469335.1203854,6514,1676469334,372998240,,0,0.013994327746331692,-0.1327252835035324,-0.0018616013694554567,0.0,0.0,0.0,0.0,-1.0
1676469335.120532,6515,1676469334,407971240,,0,0.014297384768724442,-0.13246595859527588,-0.0017577636754140258,0.0,0.0,0.0,0.0,-1.0
1676469335.1207397,6516,1676469334,442940240,,0,0.01446289848536253,-0.13250571489334106,-0.0019073988078162074,0.0,0.0,0.0,0.0,-1.0
1676469335.1208923,6517,1676469334,475411032,,0,0.013524515554308891,-0.13249915838241577,-0.0015602917410433292,0.0,0.0,0.0,0.0,-1.0
1676469335.1211002,6518,1676469334,507891032,,0,0.014029126614332199,-0.13249601423740387,-0.0018988769734278321,0.0,0.0,0.0,0.0,-1.0
1676469335.1212065,6519,1676469334,540364032,,0,0.014291495084762573,-0.13235726952552795,-0.0020015996415168047,0.0,0.0,0.0,0.0,-1.0
1676469335.1213431,6520,1676469334,572829056,,0,0.013829137198626995,-0.13249951601028442,-0.0017403833335265517,0.0,0.0,0.0,0.0,-1.0
1676469335.1214228,6521,1676469334,607807056,,0,0.014269847422838211,-0.1322324275970459,-0.0019279884872958064,0.0,0.0,0.0,0.0,-1.0
1676469335.1215072,6522,1676469334,642769056,,0,0.014251885004341602,-0.13232554495334625,-0.0019631620962172747,0.0,0.0,0.0,0.0,-1.0
1676469335.1216016,6523,1676469334,675251920,,0,0.014381867833435535,-0.13296036422252655,-0.0017783793155103922,0.0,0.0,0.0,0.0,-1.0
1676469335.1218228,6524,1676469334,710216920,,0,0.014017133042216301,-0.13235561549663544,-0.0017823626985773444,0.0,0.0,0.0,0.0,-1.0
1676469335.1219563,6525,1676469334,742687920,,0,0.014201742596924305,-0.13252942264080048,-0.0017058767843991518,0.0,0.0,0.0,0.0,-1.0
1676469335.1220741,6526,1676469334,775168456,,0,0.013987167738378048,-0.13241782784461975,-0.0018096877029165626,0.0,0.0,0.0,0.0,-1.0
1676469335.122203,6527,1676469334,807637456,,0,0.013722456060349941,-0.1324087232351303,-0.0020961479749530554,0.0,0.0,0.0,0.0,-1.0
1676469335.122332,6528,1676469334,842606456,,0,0.014160461723804474,-0.13225704431533813,-0.001743038184940815,0.0,0.0,0.0,0.0,-1.0
1676469335.1224513,6529,1676469334,875082248,,0,0.014360051602125168,-0.13271048665046692,-0.0019014448625966907,0.0,0.0,0.0,0.0,-1.0
1676469335.1225948,6530,1676469334,907552248,,0,0.01401370856910944,-0.132624551653862,-0.0017474390333518386,0.0,0.0,0.0,0.0,-1.0
1676469335.1227474,6531,1676469334,942521248,,0,0.013739991001784801,-0.13277995586395264,-0.0018802157137542963,0.0,0.0,0.0,0.0,-1.0
1676469335.122892,6532,1676469334,974992808,,0,0.013719121925532818,-0.13251625001430511,-0.0018922847229987383,0.0,0.0,0.0,0.0,-1.0
1676469335.124067,6533,1676469335,9968808,,0,0.014121980406343937,-0.1324371099472046,-0.0018854407826438546,0.0,0.0,0.0,0.0,-1.0
1676469335.1243446,6534,1676469335,42438808,,0,0.01396348886191845,-0.1325060874223709,-0.0017610278446227312,0.0,0.0,0.0,0.0,-1.0
1676469335.1244757,6535,1676469335,77423856,,0,0.013675656169652939,-0.13264310359954834,-0.0015633039874956012,0.0,0.0,0.0,0.0,-1.0
1676469335.124605,6536,1676469335,109885856,,0,0.01399278361350298,-0.13261649012565613,-0.001861857483163476,0.0,0.0,0.0,0.0,-1.0
1676469335.1488943,6537,1676469335,142366856,,0,0.01440628431737423,-0.13255414366722107,-0.0015344010898843408,0.0,0.0,0.0,0.0,-1.0
1676469335.1789153,6538,1676469335,174829136,,0,0.014615817926824093,-0.13256776332855225,-0.00187217746861279,0.0,0.0,0.0,0.0,-1.0
1676469335.2121904,6539,1676469335,209798136,,0,0.014451339840888977,-0.1328262984752655,-0.0019893948920071125,0.0,0.0,0.0,0.0,-1.0
1676469335.2461483,6540,1676469335,242277136,,0,0.014385072514414787,-0.13266311585903168,-0.0017764760414138436,0.0,0.0,0.0,0.0,-1.0
1676469335.2944288,6541,1676469335,289734136,,0,0.02160169743001461,-0.11229778826236725,0.0030667148530483246,0.0,0.0,0.0,0.0,-1.0
1676469335.3099775,6542,1676469335,307215136,,0,0.008978218771517277,-0.11783389747142792,0.013830149546265602,0.0,0.0,0.0,0.0,-1.0
1676469335.345894,6543,1676469335,342188136,,0,0.009851542301476002,-0.13561680912971497,0.006821231450885534,0.0,0.0,0.0,0.0,-1.0
1676469335.3787618,6544,1676469335,377170440,,0,0.009875365532934666,-0.1317082941532135,-0.01742391847074032,0.0,0.0,0.0,0.0,-1.0
1676469335.4120107,6545,1676469335,409628440,,0,-0.006700434722006321,-0.09176032990217209,0.014348856173455715,0.0,0.0,0.0,0.0,-1.0
1676469335.4432702,6546,1676469335,439605440,,0,0.011639379896223545,-0.01299616415053606,0.03689857944846153,0.0,0.0,0.0,0.0,-1.0
1676469335.477568,6547,1676469335,474577744,,0,0.049651119858026505,0.0045469095930457115,0.0463080070912838,0.0,0.0,0.0,0.0,-1.0
1676469335.5106814,6548,1676469335,507052744,,0,0.013674139976501465,0.038272690027952194,0.04321834072470665,0.0,0.0,0.0,0.0,-1.0
1676469335.5439067,6549,1676469335,539521744,,0,0.014482450671494007,0.029013264924287796,0.03549601882696152,0.0,0.0,0.0,0.0,-1.0
1676469335.57722,6550,1676469335,574491792,,0,0.03575054928660393,0.004518695641309023,0.02620002068579197,0.0,0.0,0.0,0.0,-1.0
1676469335.6127706,6551,1676469335,609468792,,0,0.012266748584806919,-0.00874057412147522,-0.012083793058991432,0.0,0.0,0.0,0.0,-1.0
1676469335.6457982,6552,1676469335,641942792,,0,0.020601723343133926,-0.020399030297994614,0.006555838510394096,0.0,0.0,0.0,0.0,-1.0
1676469335.6786752,6553,1676469335,676914584,,0,0.0028586143162101507,-0.0220163706690073,0.016543962061405182,0.0,0.0,0.0,0.0,-1.0
1676469335.7122204,6554,1676469335,709379584,,0,0.017463069409132004,-0.020977430045604706,0.01696552336215973,0.0,0.0,0.0,0.0,-1.0
1676469335.7449005,6555,1676469335,741853584,,0,-0.007113472558557987,-0.01975025050342083,0.016966750845313072,0.0,0.0,0.0,0.0,-1.0
1676469335.778564,6556,1676469335,776827632,,0,0.025357231497764587,-0.02538081631064415,0.018825199455022812,0.0,0.0,0.0,0.0,-1.0
1676469335.811814,6557,1676469335,809295632,,0,0.048722509294748306,-0.026227472350001335,0.01578311249613762,0.0,0.0,0.0,0.0,-1.0
1676469335.8444166,6558,1676469335,841773632,,0,0.07624760270118713,-0.029096025973558426,0.021419668570160866,0.0,0.0,0.0,0.0,-1.0
1676469335.8777876,6559,1676469335,874241424,,0,0.0857192724943161,-0.03018379583954811,0.02626969665288925,0.0,0.0,0.0,0.0,-1.0
1676469335.9106247,6560,1676469335,906719424,,0,0.09845073521137238,-0.02289862185716629,0.028589731082320213,0.0,0.0,0.0,0.0,-1.0
1676469335.9433267,6561,1676469335,941685424,,0,-0.010544574819505215,-0.015490556135773659,0.015909237787127495,0.0,0.0,0.0,0.0,-1.0
1676469335.9769328,6562,1676469335,974156472,,0,0.24177822470664978,-0.2188555896282196,0.044519975781440735,0.42587894201278687,0.0,0.0,0.0,-1.0
1676469336.012385,6563,1676469336,9129472,,0,-0.15388061106204987,0.09323275089263916,0.06225375458598137,0.42212799191474915,0.0,0.0,0.0,-1.0
1676469336.0456,6564,1676469336,41603472,,0,-0.03738626092672348,0.07000695168972015,-0.03509863093495369,0.3850003778934479,0.0,0.0,0.0,-1.0
1676469336.0775845,6565,1676469336,74076520,,0,-0.012685824185609818,-0.03267056494951248,-0.008339607156813145,0.3821408450603485,0.0,0.0,0.0,-1.0
1676469336.1093345,6566,1676469336,106550520,,0,-0.04261953383684158,-0.0007961506489664316,0.0037657914217561483,0.20639313757419586,0.0,0.0,0.0,-1.0
1676469336.1459315,6567,1676469336,144017520,,0,-0.04998766630887985,0.05486160144209862,-0.021664025261998177,0.10521888732910156,0.0,0.0,0.0,-1.0
1676469336.1784885,6568,1676469336,176498568,,0,-0.004170799162238836,0.01134286355227232,-0.008190230466425419,0.06453017890453339,0.0,0.0,0.0,-1.0
1676469336.2132137,6569,1676469336,208962568,,0,0.009546991437673569,0.0004647439927794039,0.01732802763581276,0.06547097861766815,0.0,0.0,0.0,-1.0
1676469336.2450047,6570,1676469336,241434568,,0,0.010594027116894722,-0.010748936794698238,-0.006754814647138119,0.09588093310594559,0.0,0.0,0.0,-1.0
1676469336.27873,6571,1676469336,276408616,,0,-0.00604407349601388,-0.0070420620031654835,-0.0004663300351239741,0.11900085210800171,0.0,0.0,0.0,-1.0
1676469336.3124604,6572,1676469336,308879616,,0,-0.0040463670156896114,-0.030945925042033195,-0.018474990501999855,0.14526677131652832,0.0,0.0,0.0,-1.0
1676469336.3454516,6573,1676469336,341361616,,0,0.0005081840208731592,-0.012894897721707821,-0.013816061429679394,0.17396266758441925,0.0,0.0,0.0,-1.0
1676469336.3780775,6574,1676469336,376334664,,0,0.010948237963020802,-0.018947510048747063,0.009380849078297615,0.18296226859092712,0.0,0.0,0.0,-1.0
1676469336.4116075,6575,1676469336,408795664,,0,0.011034445837140083,-0.024046704173088074,0.0023393339943140745,0.18601572513580322,0.0,0.0,0.0,-1.0
1676469336.4460905,6576,1676469336,443768664,,0,0.02298971265554428,-0.024979375302791595,0.00539208622649312,0.17775562405586243,0.0,0.0,0.0,-1.0
1676469336.4787965,6577,1676469336,476254200,,0,0.013170295394957066,-0.016865825280547142,0.00073521479498595,0.1659560352563858,0.0,0.0,0.0,-1.0
1676469336.512062,6578,1676469336,508710200,,0,0.011607645079493523,-0.014700863510370255,-0.012279386632144451,0.156956747174263,0.0,0.0,0.0,-1.0
1676469336.5452118,6579,1676469336,541194200,,0,0.014679651707410812,-0.023148922249674797,-0.006225618999451399,0.1494016945362091,0.0,0.0,0.0,-1.0
1676469336.5778553,6580,1676469336,573661248,,0,0.015222342684864998,-0.017712313681840897,-0.01740947924554348,0.14649967849254608,0.0,0.0,0.0,-1.0
1676469336.6105812,6581,1676469336,608632248,,0,0.016833776608109474,-0.015047035180032253,-0.004146035294979811,0.14570389688014984,0.0,0.0,0.0,-1.0
1676469336.6437256,6582,1676469336,641113248,,0,0.02949974499642849,-0.021190151572227478,-0.0024800163228064775,0.15260212123394012,0.0,0.0,0.0,-1.0
1676469336.6775541,6583,1676469336,673577296,,0,0.005675449501723051,-0.016645139083266258,0.01780187152326107,0.15692688524723053,0.0,0.0,0.0,-1.0
1676469336.70953,6584,1676469336,706049296,,0,-0.002142371376976371,-0.012213041074573994,-0.004405941814184189,0.15945757925510406,0.0,0.0,0.0,-1.0
1676469336.7459762,6585,1676469336,743518296,,0,0.016509952023625374,-0.020327748730778694,-0.01276815589517355,0.16368649899959564,0.0,0.0,0.0,-1.0
1676469336.7788746,6586,1676469336,775996344,,0,0.007907266728579998,-0.015204577706754208,-0.0006257479544728994,0.16315574944019318,0.0,0.0,0.0,-1.0
1676469336.8118951,6587,1676469336,808460344,,0,0.002563491929322481,-0.010577140375971794,-0.01852709800004959,0.16330794990062714,0.0,0.0,0.0,-1.0
1676469336.8452063,6588,1676469336,840951344,,0,0.00441532488912344,-0.01693655736744404,0.003255454357713461,0.1623992919921875,0.0,0.0,0.0,-1.0
1676469336.8777733,6589,1676469336,875911392,,0,0.015687961131334305,-0.007091902662068605,0.003128431271761656,0.16010527312755585,0.0,0.0,0.0,-1.0
1676469336.9105408,6590,1676469336,908378392,,0,0.012001430615782738,-0.009446905925869942,0.0016915175365284085,0.15830840170383453,0.0,0.0,0.0,-1.0
1676469336.9455392,6591,1676469336,940854392,,0,-0.0002512407081667334,-0.01348995789885521,-0.011417768895626068,0.1583583503961563,0.0,0.0,0.0,-1.0
1676469336.9766781,6592,1676469336,973327440,,0,0.000803824863396585,-0.0017417604103684425,0.006912365555763245,0.15833525359630585,0.0,0.0,0.0,-1.0
1676469337.0148852,6593,1676469337,10799440,,0,-7.244812877615914e-05,-0.0029342349153012037,0.0011357740731909871,0.1578960120677948,0.0,0.0,0.0,-1.0
1676469337.0429642,6594,1676469337,40770440,,0,0.0047795334830880165,-0.010250397026538849,0.0020600028801709414,0.16095809638500214,0.0,0.0,0.0,-1.0
1676469337.0784056,6595,1676469337,75747488,,0,0.006930828560143709,-0.005060728173702955,0.011323162354528904,0.16113168001174927,0.0,0.0,0.0,-1.0
1676469337.1118975,6596,1676469337,108214488,,0,0.001748960348777473,-0.010876252315938473,0.002266549039632082,0.16143913567066193,0.0,0.0,0.0,-1.0
1676469337.1448534,6597,1676469337,140685488,,0,-0.0020586049649864435,-0.004086491651833057,-0.00659976014867425,0.1626063734292984,0.0,0.0,0.0,-1.0
1676469337.1775007,6598,1676469337,175658304,,0,0.0031410104129463434,-0.0062486776150763035,-0.003565453691408038,0.1621549427509308,0.0,0.0,0.0,-1.0
1676469337.2106233,6599,1676469337,208132304,,0,-0.005715383682399988,-0.006375506520271301,0.0044461386278271675,0.16174188256263733,0.0,0.0,0.0,-1.0
1676469337.2435179,6600,1676469337,240605304,,0,-0.010735483840107918,-0.00445497827604413,-0.012470264919102192,0.1607769876718521,0.0,0.0,0.0,-1.0
1676469337.2774835,6601,1676469337,273074840,,0,0.01248219795525074,-0.01110229454934597,0.016338210552930832,0.16035521030426025,0.0,0.0,0.0,-1.0
1676469337.3108659,6602,1676469337,308047840,,0,-0.005817210301756859,-0.006883827969431877,-0.002562861191108823,0.1599971354007721,0.0,0.0,0.0,-1.0
1676469337.3452423,6603,1676469337,340518840,,0,-0.001080578425899148,-0.007416040636599064,0.011015658266842365,0.1616983860731125,0.0,0.0,0.0,-1.0
1676469337.3777707,6604,1676469337,375493912,,0,-0.00462310342118144,-0.0064379433169960976,0.003848523134365678,0.1622854322195053,0.0,0.0,0.0,-1.0
1676469337.4118085,6605,1676469337,407963912,,0,-0.00609273836016655,-0.0011282215127721429,-0.004361906088888645,0.16298556327819824,0.0,0.0,0.0,-1.0
1676469337.4457922,6606,1676469337,442933912,,0,-0.009963465854525566,-0.004779976326972246,-0.00926273688673973,0.16371746361255646,0.0,0.0,0.0,-1.0
1676469337.4769623,6607,1676469337,472916216,,0,-0.00199904921464622,-0.005539949517697096,-0.004124332219362259,0.16383947432041168,0.0,0.0,0.0,-1.0
1676469337.5130377,6608,1676469337,510377216,,0,0.0003965625655837357,-0.005242163315415382,-0.001633617328479886,0.1625804752111435,0.0,0.0,0.0,-1.0
1676469337.5459197,6609,1676469337,542853216,,0,-0.010641949251294136,-0.005885751452296972,-0.004284469876438379,0.16183197498321533,0.0,0.0,0.0,-1.0
1676469337.5784292,6610,1676469337,575336520,,0,0.010659496299922466,-0.006827788893133402,0.008153536356985569,0.15972505509853363,0.0,0.0,0.0,-1.0
1676469337.6120813,6611,1676469337,610297520,,0,-0.0012968673836439848,-0.008896245621144772,-0.006328219547867775,0.15892599523067474,0.0,0.0,0.0,-1.0
1676469337.6452034,6612,1676469337,642767520,,0,-0.0037947308737784624,-0.007702198810875416,0.007505831308662891,0.15970191359519958,0.0,0.0,0.0,-1.0
1676469337.6775951,6613,1676469337,675244592,,0,-0.0063520679250359535,-0.004240037873387337,-0.00518595427274704,0.1596408486366272,0.0,0.0,0.0,-1.0
1676469337.710852,6614,1676469337,707714592,,0,0.009520628489553928,-0.012602782808244228,0.013289781287312508,0.1603328436613083,0.0,0.0,0.0,-1.0
1676469337.7438745,6615,1676469337,740197592,,0,0.010205266065895557,-0.011963252909481525,-0.0009612547000870109,0.16238613426685333,0.0,0.0,0.0,-1.0
1676469337.7769363,6616,1676469337,772662896,,0,0.014322045259177685,-0.010082882829010487,0.005393721628934145,0.16230635344982147,0.0,0.0,0.0,-1.0
1676469337.8095138,6617,1676469337,807632896,,0,0.002471677027642727,-0.01014131959527731,-0.004559276159852743,0.16176018118858337,0.0,0.0,0.0,-1.0
1676469337.8454602,6618,1676469337,842601896,,0,-0.003520439611747861,-0.01632111705839634,-0.02031676657497883,0.16255953907966614,0.0,0.0,0.0,-1.0
1676469337.8786764,6619,1676469337,875084456,,0,-0.002568159718066454,-0.0060860710218548775,-0.0003667891724035144,0.16123855113983154,0.0,0.0,0.0,-1.0
1676469337.9123914,6620,1676469337,910051456,,0,0.020926201716065407,-0.013782487250864506,0.019067317247390747,0.1625872552394867,0.0,0.0,0.0,-1.0
1676469337.945102,6621,1676469337,942523456,,0,-0.0009503777837380767,-0.016438672319054604,-0.008292279206216335,0.16205838322639465,0.0,0.0,0.0,-1.0
1676469337.9790497,6622,1676469337,977505736,,0,-0.0019274140940979123,-0.003327800426632166,-0.0032005873508751392,0.1617993712425232,0.0,0.0,0.0,-1.0
1676469338.0120797,6623,1676469338,9966736,,0,0.0070920782163739204,-0.005877165589481592,0.0026770709082484245,0.1619805246591568,0.0,0.0,0.0,-1.0
1676469338.046006,6624,1676469338,42434736,,0,0.012702218256890774,-0.014994331635534763,0.014448974281549454,0.16129566729068756,0.0,0.0,0.0,-1.0
1676469338.0780795,6625,1676469338,74911552,,0,0.008601043373346329,-0.009287223219871521,-0.0038226963952183723,0.16090081632137299,0.0,0.0,0.0,-1.0
1676469338.1111183,6626,1676469338,107382552,,0,0.01160572562366724,-0.007780028041452169,0.013021714985370636,0.1606241911649704,0.0,0.0,0.0,-1.0
1676469338.1442108,6627,1676469338,139856552,,0,0.0012432415969669819,-0.006893048528581858,-0.016620343551039696,0.16059529781341553,0.0,0.0,0.0,-1.0
1676469338.1782322,6628,1676469338,174826600,,0,-0.0046686455607414246,-0.005330783315002918,0.003451451426371932,0.15964123606681824,0.0,0.0,0.0,-1.0
1676469338.210459,6629,1676469338,207298600,,0,-0.0007316176197491586,-0.00998783577233553,-0.004683877341449261,0.15887945890426636,0.0,0.0,0.0,-1.0
1676469338.2434807,6630,1676469338,239774600,,0,0.010664379224181175,-0.012894692830741405,0.004175830632448196,0.1601826697587967,0.0,0.0,0.0,-1.0
1676469338.276771,6631,1676469338,274743904,,0,0.003181581851094961,-0.00656852824613452,0.008088869974017143,0.1597798466682434,0.0,0.0,0.0,-1.0
1676469338.309599,6632,1676469338,307217904,,0,0.002756538102403283,-0.012846177443861961,0.00719107873737812,0.1606520116329193,0.0,0.0,0.0,-1.0
1676469338.3464284,6633,1676469338,342185904,,0,-0.00024135905550792813,-0.011244481429457664,2.5007964723045006e-05,0.1609540432691574,0.0,0.0,0.0,-1.0
1676469338.378341,6634,1676469338,374661208,,0,-0.000649972993414849,-0.004286505281925201,-0.010808860883116722,0.16073867678642273,0.0,0.0,0.0,-1.0
1676469338.409685,6635,1676469338,407134208,,0,-0.007976162247359753,-0.007251927629113197,-8.828844875097275e-05,0.16100910305976868,0.0,0.0,0.0,-1.0
1676469338.4450088,6636,1676469338,442111208,,0,0.003580714575946331,-0.015046949498355389,0.004972483497112989,0.1606541872024536,0.0,0.0,0.0,-1.0
1676469338.4778848,6637,1676469338,474580768,,0,-0.00011588817142182961,-0.010036883875727654,-0.015807831659913063,0.16089828312397003,0.0,0.0,0.0,-1.0
1676469338.5109897,6638,1676469338,507050768,,0,-0.0019395181443542242,-0.0037444736808538437,-0.0025757879484444857,0.16159687936306,0.0,0.0,0.0,-1.0
1676469338.544244,6639,1676469338,542026768,,0,0.006553232669830322,-0.0157065000385046,0.014234881848096848,0.16208873689174652,0.0,0.0,0.0,-1.0
1676469338.5811858,6640,1676469338,576994816,,0,-0.004845452029258013,-0.00837610848248005,-0.0007326476043090224,0.1626185029745102,0.0,0.0,0.0,-1.0
1676469338.6106825,6641,1676469338,606971816,,0,-0.009697346948087215,-0.012747866101562977,-0.0020872268360108137,0.16306841373443604,0.0,0.0,0.0,-1.0
1676469338.644083,6642,1676469338,641938816,,0,-0.0014204424805939198,-0.010557055473327637,0.006620287429541349,0.16322286427021027,0.0,0.0,0.0,-1.0
1676469338.6767676,6643,1676469338,674411120,,0,0.0038796369917690754,-0.007732927333563566,0.0011290350230410695,0.163701131939888,0.0,0.0,0.0,-1.0
1676469338.7109873,6644,1676469338,706885120,,0,-0.0013103208038955927,-0.007925485260784626,-0.006895157508552074,0.16316932439804077,0.0,0.0,0.0,-1.0
1676469338.7453942,6645,1676469338,741853120,,0,0.0043209814466536045,-0.012357908301055431,0.0038827972020953894,0.162791907787323,0.0,0.0,0.0,-1.0
1676469338.7794719,6646,1676469338,776825424,,0,-0.013231438584625721,-0.006295459810644388,-0.011057372204959393,0.1629566252231598,0.0,0.0,0.0,-1.0
1676469338.8107173,6647,1676469338,806812424,,0,-0.008458592928946018,-0.008006692864000797,-0.018109144642949104,0.16253036260604858,0.0,0.0,0.0,-1.0
1676469338.8456242,6648,1676469338,841773424,,0,0.001482744119130075,-0.010491717606782913,-0.0034319106489419937,0.1624913364648819,0.0,0.0,0.0,-1.0
1676469338.8788345,6649,1676469338,876752240,,0,-0.01189789641648531,-0.004240960814058781,-0.014276928268373013,0.16368839144706726,0.0,0.0,0.0,-1.0
1676469338.9099045,6650,1676469338,906721240,,0,-0.00010840668983291835,-0.008184496313333511,-0.008692777715623379,0.16363701224327087,0.0,0.0,0.0,-1.0
1676469338.9435968,6651,1676469338,941688240,,0,0.007233233656734228,-0.00991587433964014,0.0013061988865956664,0.1638001948595047,0.0,0.0,0.0,-1.0
1676469338.9766088,6652,1676469338,974161544,,0,-0.0006210118299350142,-0.012690863572061062,-0.00156777526717633,0.16466133296489716,0.0,0.0,0.0,-1.0
1676469339.014089,6653,1676469339,9132544,,0,-0.002151738153770566,-0.009210910648107529,0.004804703406989574,0.16448558866977692,0.0,0.0,0.0,-1.0
1676469339.0458765,6654,1676469339,44104544,,0,-0.009732309728860855,-0.004030668176710606,0.0009539358434267342,0.16409997642040253,0.0,0.0,0.0,-1.0
1676469339.0789409,6655,1676469339,76579848,,0,0.004698199685662985,-0.005330457352101803,-0.0035610294435173273,0.16399633884429932,0.0,0.0,0.0,-1.0
1676469339.1119652,6656,1676469339,109049848,,0,0.005826299078762531,-0.013360310345888138,0.011873097158968449,0.1635022759437561,0.0,0.0,0.0,-1.0
1676469339.144919,6657,1676469339,141522848,,0,-0.005182359367609024,-0.005361685995012522,-0.010189455933868885,0.1630484163761139,0.0,0.0,0.0,-1.0
1676469339.1777186,6658,1676469339,173999408,,0,-0.01130032166838646,-0.00784189160913229,0.0016382343601435423,0.1628536731004715,0.0,0.0,0.0,-1.0
1676469339.2108095,6659,1676469339,208971408,,0,-0.008282674476504326,-0.007589821703732014,-0.0028101333882659674,0.1637399047613144,0.0,0.0,0.0,-1.0
1676469339.2434971,6660,1676469339,241443408,,0,-0.00644830334931612,-0.00397217832505703,-0.006975799798965454,0.1634359210729599,0.0,0.0,0.0,-1.0
1676469339.2792604,6661,1676469339,276430712,,0,-0.004109899513423443,-0.013148260302841663,-0.009648790583014488,0.1629127413034439,0.0,0.0,0.0,-1.0
1676469339.3136344,6662,1676469339,308886712,,0,-0.0083529744297266,-0.005542389117181301,-0.004702114965766668,0.16277596354484558,0.0,0.0,0.0,-1.0
1676469339.3469315,6663,1676469339,343857712,,0,0.001399868167936802,-0.009851718321442604,-0.004500502720475197,0.16286982595920563,0.0,0.0,0.0,-1.0
1676469339.3768296,6664,1676469339,373830016,,0,0.003979712724685669,-0.009934796951711178,-0.004780099727213383,0.1630655825138092,0.0,0.0,0.0,-1.0
1676469339.4126203,6665,1676469339,408802016,,0,-0.00021489112987183034,-0.006669920869171619,0.0004223496653139591,0.16224218904972076,0.0,0.0,0.0,-1.0
1676469339.4461522,6666,1676469339,443771016,,0,-0.009695845656096935,-0.0033149265218526125,-0.002592966426163912,0.1608179658651352,0.0,0.0,0.0,-1.0
1676469339.4790182,6667,1676469339,476252576,,0,-0.002574447076767683,-0.003319151932373643,-0.007801941130310297,0.1606925129890442,0.0,0.0,0.0,-1.0
1676469339.5126674,6668,1676469339,508720576,,0,0.014594892039895058,-0.00769614614546299,0.017475394532084465,0.16173146665096283,0.0,0.0,0.0,-1.0
1676469339.5459793,6669,1676469339,543690576,,0,-0.0036016369704157114,-0.00046829882194288075,0.0027264857199043036,0.163080096244812,0.0,0.0,0.0,-1.0
1676469339.5786684,6670,1676469339,576164624,,0,0.004377470351755619,-0.005821563769131899,0.009848960675299168,0.16307975351810455,0.0,0.0,0.0,-1.0
1676469339.6121974,6671,1676469339,608637624,,0,-0.0028650437016040087,-0.007171547971665859,-0.01151241548359394,0.16780343651771545,0.0,0.0,0.0,-1.0
1676469339.6458836,6672,1676469339,641108624,,0,0.005216999910771847,-0.0037919392343610525,0.009405046701431274,0.16913384199142456,0.0,0.0,0.0,-1.0
1676469339.6783266,6673,1676469339,676080672,,0,0.0036680714692920446,-0.002233312465250492,0.008786718361079693,0.16851048171520233,0.0,0.0,0.0,-1.0
1676469339.7122114,6674,1676469339,708551672,,0,0.005021195393055677,-0.009293917566537857,0.0031808691564947367,0.1681472808122635,0.0,0.0,0.0,-1.0
1676469339.7437375,6675,1676469339,741025672,,0,0.002359450329095125,-0.0037169281858950853,0.011301973834633827,0.16712026298046112,0.0,0.0,0.0,-1.0
1676469339.7767258,6676,1676469339,773505976,,0,0.009238963946700096,-0.008168872445821762,0.0006532922270707786,0.16463075578212738,0.0,0.0,0.0,-1.0
1676469339.80953,6677,1676469339,805974976,,0,4.313500176067464e-05,-0.006578879430890083,0.007555012125521898,0.16342028975486755,0.0,0.0,0.0,-1.0
1676469339.8431401,6678,1676469339,840945976,,0,0.007460526190698147,-0.00826764851808548,0.006055879406630993,0.16360735893249512,0.0,0.0,0.0,-1.0
1676469339.8772697,6679,1676469339,873424280,,0,-0.0077588618732988834,-0.0035751841496676207,0.007846404798328876,0.163670614361763,0.0,0.0,0.0,-1.0
1676469339.9096382,6680,1676469339,905891280,,0,-0.002726905280724168,-0.005843087565153837,-0.003595675341784954,0.16362439095973969,0.0,0.0,0.0,-1.0
1676469339.9448495,6681,1676469339,940859280,,0,-0.014251998625695705,-0.0061391424387693405,-0.01044810377061367,0.16392655670642853,0.0,0.0,0.0,-1.0
1676469339.9780235,6682,1676469339,973336584,,0,0.014857525005936623,-0.009837649762630463,0.018520381301641464,0.16486671566963196,0.0,0.0,0.0,-1.0
1676469340.0098464,6683,1676469340,5805584,,0,-0.009674977511167526,-0.005867821630090475,-0.0053743221797049046,0.16597720980644226,0.0,0.0,0.0,-1.0
1676469340.042862,6684,1676469340,40776584,,0,0.0019407013896852732,-0.012965938076376915,0.01659698225557804,0.16742195188999176,0.0,0.0,0.0,-1.0
1676469340.0789118,6685,1676469340,75746632,,0,0.003674908773973584,-0.010747621767222881,0.017824701964855194,0.1677030473947525,0.0,0.0,0.0,-1.0
1676469340.113141,6686,1676469340,110724632,,0,0.0028637254144996405,-0.006479870527982712,0.012638013809919357,0.1679706871509552,0.0,0.0,0.0,-1.0
1676469340.1456504,6687,1676469340,143187632,,0,-0.0019906845409423113,-0.00490862550213933,0.001256295945495367,0.16594962775707245,0.0,0.0,0.0,-1.0
1676469340.1786718,6688,1676469340,175662680,,0,-0.007529971655458212,-0.0035285132471472025,0.006732856389135122,0.16600936651229858,0.0,0.0,0.0,-1.0
1676469340.2121806,6689,1676469340,208133680,,0,0.004715843126177788,-0.005706222727894783,0.006488877348601818,0.16193506121635437,0.0,0.0,0.0,-1.0
1676469340.244877,6690,1676469340,243106680,,0,0.0023985605221241713,-0.004335797857493162,0.004430518019944429,0.1615220159292221,0.0,0.0,0.0,-1.0
1676469340.2783325,6691,1676469340,275580728,,0,-0.006963890511542559,-0.006159869022667408,0.009077331982553005,0.16144277155399323,0.0,0.0,0.0,-1.0
1676469340.3130126,6692,1676469340,308053728,,0,-0.0039294008165597916,-0.008875694125890732,-0.000871254422236234,0.16168181598186493,0.0,0.0,0.0,-1.0
1676469340.345364,6693,1676469340,343022728,,0,-0.00699465861544013,-0.00852944701910019,-0.006127918604761362,0.16346165537834167,0.0,0.0,0.0,-1.0
1676469340.3783636,6694,1676469340,375495776,,0,0.006445037666708231,-0.009242760017514229,0.008049728348851204,0.1635349839925766,0.0,0.0,0.0,-1.0
1676469340.4135344,6695,1676469340,410469776,,0,-0.007419959641993046,-0.007821682840585709,-0.008601350709795952,0.1656627506017685,0.0,0.0,0.0,-1.0
1676469340.4428236,6696,1676469340,440448776,,0,-0.008985038846731186,-0.008975067175924778,-0.008445308543741703,0.16592654585838318,0.0,0.0,0.0,-1.0
1676469340.4790108,6697,1676469340,475414080,,0,-0.007242594379931688,-0.006374584510922432,-0.012134306132793427,0.16613103449344635,0.0,0.0,0.0,-1.0
1676469340.5126066,6698,1676469340,510398080,,0,-0.0009260363876819611,-0.009022651240229607,-0.0023296410217881203,0.16534006595611572,0.0,0.0,0.0,-1.0
1676469340.5458052,6699,1676469340,542855080,,0,-0.0029681669548153877,-0.0027396827936172485,0.004237189888954163,0.1647200584411621,0.0,0.0,0.0,-1.0
1676469340.578674,6700,1676469340,575331360,,0,0.003309461520984769,-0.007334492169320583,0.0006070827366784215,0.16485300660133362,0.0,0.0,0.0,-1.0
1676469340.6126747,6701,1676469340,610308360,,0,-0.002451247302815318,-0.005434572696685791,-0.005408307537436485,0.16415123641490936,0.0,0.0,0.0,-1.0
1676469340.6458273,6702,1676469340,642771360,,0,0.009627826511859894,-0.011303857900202274,0.0237880889326334,0.1635228544473648,0.0,0.0,0.0,-1.0
1676469340.6783402,6703,1676469340,675245384,,0,-0.013249124400317669,-0.005262815393507481,-0.01373732928186655,0.16205932199954987,0.0,0.0,0.0,-1.0
1676469340.7133403,6704,1676469340,710215384,,0,-0.0051749469712376595,-0.010539275594055653,-0.0007516580517403781,0.1624295860528946,0.0,0.0,0.0,-1.0
1676469340.7450895,6705,1676469340,742689384,,0,-0.008566996082663536,-0.009897856041789055,-0.003706895047798753,0.1630610078573227,0.0,0.0,0.0,-1.0
1676469340.7786882,6706,1676469340,775161408,,0,0.007059453055262566,-0.010997451841831207,0.011690308339893818,0.16478872299194336,0.0,0.0,0.0,-1.0
1676469340.8094878,6707,1676469340,807632408,,0,0.008549286052584648,-0.008593936450779438,-0.0014293101849034429,0.16551733016967773,0.0,0.0,0.0,-1.0
1676469340.8434992,6708,1676469340,840106408,,0,-0.0021654425654560328,-0.006126830819994211,0.002328132977709174,0.16351336240768433,0.0,0.0,0.0,-1.0
1676469340.87709,6709,1676469340,872589200,,0,-0.006831782404333353,-0.006946766283363104,-0.01437206007540226,0.16287650167942047,0.0,0.0,0.0,-1.0
1676469340.9098954,6710,1676469340,907550200,,0,-0.003685439471155405,-0.016054974868893623,-0.017441004514694214,0.16305500268936157,0.0,0.0,0.0,-1.0
1676469340.945516,6711,1676469340,942520200,,0,0.0044121271930634975,-0.010819738730788231,-0.0026873897295445204,0.1633053869009018,0.0,0.0,0.0,-1.0
1676469340.9789,6712,1676469340,977501248,,0,-0.007761949207633734,-0.004720429889857769,0.0024520009756088257,0.16324864327907562,0.0,0.0,0.0,-1.0
1676469341.0132723,6713,1676469341,9968248,,0,0.007275958079844713,-0.009408295154571533,0.010357302613556385,0.16247916221618652,0.0,0.0,0.0,-1.0
1676469341.0448432,6714,1676469341,42436248,,0,-0.0014303089119493961,-0.007089061662554741,-0.0020347703248262405,0.162544384598732,0.0,0.0,0.0,-1.0
1676469341.0780203,6715,1676469341,74913296,,0,-0.01273931935429573,-0.00705593591555953,-0.011845637112855911,0.16252924501895905,0.0,0.0,0.0,-1.0
1676469341.1106117,6716,1676469341,107391296,,0,0.007396051660180092,-0.009608832187950611,0.016685927286744118,0.16269250214099884,0.0,0.0,0.0,-1.0
1676469341.1436622,6717,1676469341,139859296,,0,-0.006707269232720137,-0.010107269510626793,-0.010430432856082916,0.16365547478199005,0.0,0.0,0.0,-1.0
1676469341.177696,6718,1676469341,174827832,,0,0.004354018252342939,-0.012607415206730366,0.0029334654100239277,0.16571108996868134,0.0,0.0,0.0,-1.0
1676469341.211156,6719,1676469341,207303832,,0,-0.004556756932288408,-0.009202967397868633,0.0037863696925342083,0.16629256308078766,0.0,0.0,0.0,-1.0
1676469341.2441394,6720,1676469341,239775832,,0,0.0022859605960547924,-0.006514797452837229,-0.0013526261318475008,0.16605758666992188,0.0,0.0,0.0,-1.0
1676469341.2778177,6721,1676469341,274746136,,0,-0.011845577508211136,-0.001853367080911994,-0.0075353155843913555,0.1643790304660797,0.0,0.0,0.0,-1.0
1676469341.312642,6722,1676469341,309721136,,0,-0.008938423357903957,-0.0051485029980540276,-0.0038451740983873606,0.16335688531398773,0.0,0.0,0.0,-1.0
1676469341.3454528,6723,1676469341,342185136,,0,0.001786394976079464,-0.0028064846992492676,0.004154882859438658,0.1626085340976715,0.0,0.0,0.0,-1.0
1676469341.3783429,6724,1676469341,374661440,,0,0.003902392229065299,-0.009813844226300716,0.006849209778010845,0.1626587212085724,0.0,0.0,0.0,-1.0
1676469341.4122558,6725,1676469341,409633440,,0,0.000647162611130625,-0.007202960085123777,0.011158854700624943,0.1634218543767929,0.0,0.0,0.0,-1.0
1676469341.4449782,6726,1676469341,442114440,,0,0.004303931258618832,-0.003108285367488861,-0.002127529587596655,0.16333018243312836,0.0,0.0,0.0,-1.0
1676469341.4774857,6727,1676469341,474577488,,0,-0.004636161495000124,-0.0056548044085502625,0.0022228730376809835,0.16342145204544067,0.0,0.0,0.0,-1.0
1676469341.5107749,6728,1676469341,507048488,,0,-0.002224094932898879,-0.006743024103343487,-0.004844424780458212,0.16314144432544708,0.0,0.0,0.0,-1.0
1676469341.5437818,6729,1676469341,542021488,,0,-0.01141146570444107,-0.008609025739133358,-0.016692768782377243,0.16288195550441742,0.0,0.0,0.0,-1.0
1676469341.576991,6730,1676469341,574496792,,0,0.008304992690682411,-0.003908463753759861,0.012432511895895004,0.16348858177661896,0.0,0.0,0.0,-1.0
1676469341.6130307,6731,1676469341,609468792,,0,-0.0006599252228625119,-0.006283648312091827,-0.000640462152659893,0.16344720125198364,0.0,0.0,0.0,-1.0
1676469341.6462243,6732,1676469341,641937792,,0,-0.007143173832446337,-0.00555190397426486,-0.015108687803149223,0.1630338430404663,0.0,0.0,0.0,-1.0
1676469341.678443,6733,1676469341,676913096,,0,-0.0014451481401920319,-0.008939060382544994,-0.00306896329857409,0.16288599371910095,0.0,0.0,0.0,-1.0
1676469341.7122693,6734,1676469341,709387096,,0,-0.011829432100057602,-0.005716665647923946,-0.007324038539081812,0.16358841955661774,0.0,0.0,0.0,-1.0
1676469341.7462044,6735,1676469341,741856096,,0,-0.0031065696384757757,-0.00771620636805892,0.0029745122883468866,0.16378253698349,0.0,0.0,0.0,-1.0
1676469341.7789645,6736,1676469341,776826656,,0,-0.008404184132814407,-0.006985936779528856,-0.00791731383651495,0.1642976552248001,0.0,0.0,0.0,-1.0
1676469341.8096952,6737,1676469341,806800656,,0,-0.0041149272583425045,-0.007022329606115818,-0.0089937848970294,0.16410419344902039,0.0,0.0,0.0,-1.0
1676469341.843245,6738,1676469341,839274656,,0,-0.007410633377730846,-0.0044368295930325985,-0.00152806774713099,0.16385334730148315,0.0,0.0,0.0,-1.0
1676469341.8788247,6739,1676469341,876747960,,0,-0.009866870939731598,-0.003421267494559288,-0.016215499490499496,0.1629871428012848,0.0,0.0,0.0,-1.0
1676469341.9126809,6740,1676469341,909218960,,0,0.013162840157747269,-0.01157292164862156,0.008991946466267109,0.16206908226013184,0.0,0.0,0.0,-1.0
1676469341.9447546,6741,1676469341,941687960,,0,0.01056232862174511,-0.008956745266914368,0.0009062312892638147,0.16222666203975677,0.0,0.0,0.0,-1.0
1676469341.9779432,6742,1676469341,974162264,,0,-0.000730200088582933,-0.01031997986137867,-0.0011800116626545787,0.1618756502866745,0.0,0.0,0.0,-1.0
1676469342.0119271,6743,1676469342,9137264,,0,0.00627308152616024,-0.008553627878427505,0.006616438273340464,0.16179174184799194,0.0,0.0,0.0,-1.0
1676469342.045616,6744,1676469342,41607264,,0,0.011016275733709335,-0.008183972910046577,0.0036333000753074884,0.16209419071674347,0.0,0.0,0.0,-1.0
1676469342.0776544,6745,1676469342,74080568,,0,0.008409537374973297,-0.007468350697308779,0.0021129343658685684,0.16158083081245422,0.0,0.0,0.0,-1.0
1676469342.1116369,6746,1676469342,109051568,,0,0.007701413240283728,-0.007944000884890556,0.004912810865789652,0.1608646661043167,0.0,0.0,0.0,-1.0
1676469342.1439104,6747,1676469342,141525568,,0,0.007489196956157684,-0.008738592267036438,0.006001192145049572,0.1602700799703598,0.0,0.0,0.0,-1.0
1676469342.177075,6748,1676469342,173997872,,0,0.0053420281037688255,-0.010347442701458931,-0.0016676117666065693,0.15999378263950348,0.0,0.0,0.0,-1.0
1676469342.2104447,6749,1676469342,206468872,,0,0.010664865374565125,-0.010241866111755371,0.003271262627094984,0.16017553210258484,0.0,0.0,0.0,-1.0
1676469342.2440693,6750,1676469342,241443872,,0,0.0011176507687196136,-0.009039842523634434,0.012559250928461552,0.16054953634738922,0.0,0.0,0.0,-1.0
1676469342.2764068,6751,1676469342,273912176,,0,0.006643530447036028,-0.00917751993983984,0.0024655447341501713,0.16128121316432953,0.0,0.0,0.0,-1.0
1676469342.3129783,6752,1676469342,308887176,,0,-0.00279034860432148,-0.003048915648832917,-0.006049375981092453,0.16190822422504425,0.0,0.0,0.0,-1.0
1676469342.3462842,6753,1676469342,343857176,,0,0.00926368497312069,-0.010981036350131035,0.008145597763359547,0.16108931601047516,0.0,0.0,0.0,-1.0
1676469342.3765838,6754,1676469342,373830736,,0,0.006219860166311264,-0.00938150379806757,0.006907113827764988,0.1610907018184662,0.0,0.0,0.0,-1.0
1676469342.4099379,6755,1676469342,406319736,,0,0.007825001142919064,-0.007488942705094814,-0.0028321626596152782,0.16128890216350555,0.0,0.0,0.0,-1.0
1676469342.4432902,6756,1676469342,441278736,,0,-0.009127792902290821,-0.0010780931916087866,-0.012300126254558563,0.16031686961650848,0.0,0.0,0.0,-1.0
1676469342.476796,6757,1676469342,473748040,,0,0.008979002013802528,-0.004529374651610851,0.005532932933419943,0.16099655628204346,0.0,0.0,0.0,-1.0
1676469342.5097952,6758,1676469342,506221040,,0,0.003213210729882121,-0.005209583789110184,0.0021868725307285786,0.1614682525396347,0.0,0.0,0.0,-1.0
1676469342.5456903,6759,1676469342,541191040,,0,-0.005470143631100655,0.008554543368518353,0.0035593921784311533,0.18110767006874084,0.0,0.0,0.0,-1.0
1676469342.5776765,6760,1676469342,573675344,,0,0.010421240702271461,-0.1008758544921875,0.015314626507461071,0.19608746469020844,0.0,0.0,0.0,-1.0
1676469342.6109245,6761,1676469342,608638344,,0,-0.025313787162303925,-0.11475931107997894,-0.03168204054236412,0.1420455425977707,0.0,0.0,0.0,-1.0
1676469342.6437688,6762,1676469342,641109344,,0,-0.026451915502548218,0.030255410820245743,0.03212873265147209,0.18976673483848572,0.0,0.0,0.0,-1.0
1676469342.6769679,6763,1676469342,673585648,,0,-0.0680578351020813,0.07784733921289444,0.0023017837665975094,0.24552996456623077,0.0,0.0,0.0,-1.0
1676469342.7097757,6764,1676469342,706064648,,0,0.0021619764156639576,0.02048846334218979,-0.02139885164797306,0.2706037163734436,0.0,0.0,0.0,-1.0
1676469342.7461143,6765,1676469342,743524648,,0,0.04795832931995392,-0.019174892455339432,-0.00041107472497969866,0.25949591398239136,0.0,0.0,0.0,-1.0
1676469342.7787688,6766,1676469342,776002696,,0,0.057741232216358185,0.0517750084400177,0.002696997718885541,0.25799664855003357,0.0,0.0,0.0,-1.0
1676469342.8129644,6767,1676469342,808469696,,0,0.03441276773810387,0.021608971059322357,-0.044642381370067596,0.24257445335388184,0.0,0.0,0.0,-1.0
1676469342.8450985,6768,1676469342,840944696,,0,0.013283651322126389,0.026998575776815414,0.013601714745163918,0.23273172974586487,0.0,0.0,0.0,-1.0
1676469342.878681,6769,1676469342,875914488,,0,-0.027511389926075935,-0.040439240634441376,0.020154137164354324,0.30190277099609375,0.0,0.0,0.0,-1.0
1676469342.9115422,6770,1676469342,908391488,,0,-0.0073764147236943245,-0.03038443997502327,0.03472637012600899,0.2825256288051605,0.0,0.0,0.0,-1.0
1676469342.945016,6771,1676469342,940858488,,0,0.0405859611928463,0.03777981176972389,0.016306009143590927,0.19234628975391388,0.0,0.0,0.0,-1.0
1676469342.9792717,6772,1676469342,975836792,,0,0.06072152778506279,0.036509159952402115,0.003829421242699027,0.23409850895404816,0.0,0.0,0.0,-1.0
1676469343.010491,6773,1676469343,8303792,,0,0.0014057304942980409,-0.007318021729588509,-0.00031076851882971823,0.219222292304039,0.0,0.0,0.0,-1.0
1676469343.0446508,6774,1676469343,40772792,,0,-0.0322309210896492,0.011136545799672604,0.033440228551626205,0.2152215987443924,0.0,0.0,0.0,-1.0
1676469343.0768867,6775,1676469343,73250096,,0,-0.003080036025494337,0.041007909923791885,-0.00988723710179329,0.17665673792362213,0.0,0.0,0.0,-1.0
1676469343.1101344,6776,1676469343,108226096,,0,-0.017114700749516487,0.005056247115135193,0.04661129415035248,0.1627015322446823,0.0,0.0,0.0,-1.0
1676469343.1464243,6777,1676469343,143192096,,0,-0.05662957951426506,-0.03439807891845703,0.03207831457257271,0.2212580442428589,0.0,0.0,0.0,-1.0
1676469343.1787932,6778,1676469343,175665400,,0,0.02108127251267433,-0.09505558013916016,-0.025457382202148438,0.21968549489974976,0.0,0.0,0.0,-1.0
1676469343.2118568,6779,1676469343,208149400,,0,0.02101098746061325,-0.09453228116035461,0.011161068454384804,0.2076842039823532,0.0,0.0,0.0,-1.0
1676469343.2454565,6780,1676469343,243109400,,0,-0.034659311175346375,-0.07722388207912445,-0.005974477622658014,0.21373258531093597,0.0,0.0,0.0,-1.0
1676469343.2782369,6781,1676469343,275594704,,0,0.007115424145013094,-0.06348972022533417,-0.0008176465053111315,0.16790620982646942,0.0,0.0,0.0,-1.0
1676469343.3104937,6782,1676469343,308056704,,0,-0.03346129134297371,-0.13530923426151276,0.014689212664961815,0.19351565837860107,0.0,0.0,0.0,-1.0
1676469343.3452032,6783,1676469343,340524704,,0,-0.04266208037734032,-0.10317058861255646,-0.006833849474787712,0.20859935879707336,0.0,0.0,0.0,-1.0
1676469343.3774667,6784,1676469343,373000752,,0,0.005576552823185921,-0.10419152677059174,0.032894305884838104,0.212217316031456,0.0,0.0,0.0,-1.0
1676469343.4096763,6785,1676469343,407975752,,0,-0.0077137756161391735,-0.0737481415271759,0.027040649205446243,0.27940353751182556,0.0,0.0,0.0,-1.0
1676469343.445549,6786,1676469343,442942752,,0,-0.007967203855514526,-0.0201451126486063,0.061032235622406006,0.2727939188480377,0.0,0.0,0.0,-1.0
1676469343.4784415,6787,1676469343,475417056,,0,-0.0013919788179919124,-0.06258092820644379,0.0562564842402935,0.22241581976413727,0.0,0.0,0.0,-1.0
1676469343.5115762,6788,1676469343,507887056,,0,0.010936404578387737,-2.054221295111347e-05,0.030845796689391136,0.2961726486682892,0.0,0.0,0.0,-1.0
1676469343.5448873,6789,1676469343,542863056,,0,0.015527356415987015,-0.038852088153362274,0.013904014602303505,0.27936360239982605,0.0,0.0,0.0,-1.0
1676469343.577405,6790,1676469343,575337104,,0,0.011355875059962273,-0.01616274192929268,0.03391517326235771,0.27955731749534607,0.0,0.0,0.0,-1.0
1676469343.6119158,6791,1676469343,607804104,,0,0.006841511931270361,-0.03394103795289993,0.030786845833063126,0.26551684737205505,0.0,0.0,0.0,-1.0
1676469343.6435952,6792,1676469343,640276104,,0,-0.053849928081035614,-0.07140084356069565,0.023943478241562843,0.1633857786655426,0.0,0.0,0.0,-1.0
1676469343.6767807,6793,1676469343,672754152,,0,-0.11974106729030609,0.0036745918914675713,-0.00134394655469805,0.15378615260124207,0.0,0.0,0.0,-1.0
1676469343.7097034,6794,1676469343,707722152,,0,-0.00690791429951787,-0.005860072560608387,0.05055815726518631,0.18795746564865112,0.0,0.0,0.0,-1.0
1676469343.7457201,6795,1676469343,742690152,,0,0.034710533916950226,-0.0378185473382473,0.02593400329351425,0.22683419287204742,0.0,0.0,0.0,-1.0
1676469343.7787797,6796,1676469343,775167456,,0,-0.03157384321093559,0.03631053864955902,-0.008959266357123852,0.2854914963245392,0.0,0.0,0.0,-1.0
1676469343.8121161,6797,1676469343,810145456,,0,0.04557669162750244,-0.019579239189624786,-0.02762802504003048,0.28940099477767944,0.0,0.0,0.0,-1.0
1676469343.8456712,6798,1676469343,842613456,,0,0.05701890215277672,-0.015716753900051117,-0.034997642040252686,0.3139599561691284,0.0,0.0,0.0,-1.0
1676469343.8789628,6799,1676469343,875084504,,0,-0.015915649011731148,0.010796142742037773,-0.016953125596046448,0.3259008526802063,0.0,0.0,0.0,-1.0
1676469343.911424,6800,1676469343,910055504,,0,-0.008036799728870392,-0.015798961743712425,-0.00522987637668848,0.32411888241767883,0.0,0.0,0.0,-1.0
1676469343.9449604,6801,1676469343,942529504,,0,0.030356179922819138,-0.004551688674837351,-0.022116923704743385,0.2737860083580017,0.0,0.0,0.0,-1.0
1676469343.9784791,6802,1676469343,974998808,,0,0.028570309281349182,0.049636926501989365,-0.01286063902080059,0.28333112597465515,0.0,0.0,0.0,-1.0
1676469344.0132885,6803,1676469344,9968808,,0,0.017139658331871033,-0.05611202493309975,0.011482158675789833,0.188688263297081,0.0,0.0,0.0,-1.0
1676469344.0455613,6804,1676469344,42451808,,0,0.09018296748399734,-0.023546600714325905,-0.0009995358996093273,0.23097488284111023,0.0,0.0,0.0,-1.0
1676469344.0785222,6805,1676469344,74916600,,0,0.030919207260012627,0.011400326155126095,0.005352876149117947,0.2512774169445038,0.0,0.0,0.0,-1.0
1676469344.1128404,6806,1676469344,109885600,,0,0.010849298909306526,-0.05251617729663849,0.002205861732363701,0.24233336746692657,0.0,0.0,0.0,-1.0
1676469344.1452777,6807,1676469344,142361600,,0,0.025776725262403488,-0.031011762097477913,-0.03304698318243027,0.27817487716674805,0.0,0.0,0.0,-1.0
1676469344.1778429,6808,1676469344,174833648,,0,0.018587453290820122,-0.009458822198212147,-0.006891261786222458,0.28774791955947876,0.0,0.0,0.0,-1.0
1676469344.2107892,6809,1676469344,207304648,,0,0.013210424222052097,-0.038762420415878296,0.010629991069436073,0.24330829083919525,0.0,0.0,0.0,-1.0
1676469344.2438493,6810,1676469344,242292648,,0,0.023364823311567307,-0.037066541612148285,0.008482536301016808,0.21920639276504517,0.0,0.0,0.0,-1.0
1676469344.2775002,6811,1676469344,274749696,,0,0.016760099679231644,-0.0210780780762434,0.025861691683530807,0.21890036761760712,0.0,0.0,0.0,-1.0
1676469344.310731,6812,1676469344,307221696,,0,0.01808025874197483,-0.03434499353170395,-0.008555901236832142,0.21883200109004974,0.0,0.0,0.0,-1.0
1676469344.345444,6813,1676469344,342208696,,0,0.011162759736180305,-0.0220109224319458,-0.015551291406154633,0.20824503898620605,0.0,0.0,0.0,-1.0
1676469344.3777747,6814,1676469344,374667744,,0,-0.03959096595644951,-0.07618262618780136,0.02564692124724388,0.2387431263923645,0.0,0.0,0.0,-1.0
1676469344.4109986,6815,1676469344,407138744,,0,-0.08023576438426971,-0.02729010209441185,0.021961214020848274,0.2420506477355957,0.0,0.0,0.0,-1.0
1676469344.4436052,6816,1676469344,442108744,,0,0.0027325607370585203,0.03757870942354202,0.015514510683715343,0.2039501965045929,0.0,0.0,0.0,-1.0
1676469344.476889,6817,1676469344,474583792,,0,-0.019445884972810745,0.07117655873298645,0.02149541676044464,0.22005091607570648,0.0,0.0,0.0,-1.0
1676469344.5099027,6818,1676469344,507058792,,0,-0.009891180321574211,0.12720787525177002,0.0344335213303566,0.2082425057888031,0.0,0.0,0.0,-1.0
1676469344.5456307,6819,1676469344,542028792,,0,-0.026840057224035263,0.050491806119680405,0.03743170574307442,0.20883086323738098,0.0,0.0,0.0,-1.0
1676469344.5785775,6820,1676469344,574503840,,0,-0.05337947607040405,0.03764694184064865,0.018909726291894913,0.2587202489376068,0.0,0.0,0.0,-1.0
1676469344.6104968,6821,1676469344,606973840,,0,-0.0193532295525074,0.061338819563388824,0.010455387644469738,0.26030033826828003,0.0,0.0,0.0,-1.0
1676469344.6449518,6822,1676469344,641943840,,0,-0.043279483914375305,0.06509491056203842,-0.029857128858566284,0.24772526323795319,0.0,0.0,0.0,-1.0
1676469344.6783195,6823,1676469344,674417632,,0,-0.00020177019177936018,-0.03313849866390228,-0.039720382541418076,0.32681459188461304,0.0,0.0,0.0,-1.0
1676469344.7134683,6824,1676469344,709396632,,0,0.0374428816139698,0.023488394916057587,-0.04457234591245651,0.29146692156791687,0.0,0.0,0.0,-1.0
1676469344.7465212,6825,1676469344,744362632,,0,0.00843105185776949,0.03801091015338898,-0.04895833134651184,0.25329068303108215,0.0,0.0,0.0,-1.0
1676469344.7776158,6826,1676469344,774333424,,0,-0.030127255246043205,0.047312140464782715,-0.04483877122402191,0.23974454402923584,0.0,0.0,0.0,-1.0
1676469344.8094969,6827,1676469344,806804424,,0,-0.02290651947259903,0.0015996887814253569,-0.04399994760751724,0.25430724024772644,0.0,0.0,0.0,-1.0
1676469344.8454988,6828,1676469344,841777424,,0,0.024206800386309624,-0.02215045876801014,-0.02428526058793068,0.2474236637353897,0.0,0.0,0.0,-1.0
1676469344.8792334,6829,1676469344,876757472,,0,0.008202283643186092,0.01618443988263607,0.003996145911514759,0.2513445019721985,0.0,0.0,0.0,-1.0
1676469344.9115126,6830,1676469344,909220472,,0,0.005550841335207224,0.002863955684006214,-0.016666213050484657,0.18993836641311646,0.0,0.0,0.0,-1.0
1676469344.9447913,6831,1676469344,941700472,,0,-0.007180314045399427,-0.04030468314886093,-0.0025741432327777147,0.13342154026031494,0.0,0.0,0.0,-1.0
1676469344.9778912,6832,1676469344,974169520,,0,-0.016626514494419098,-0.1807832270860672,0.004131424240767956,0.1833619624376297,0.0,0.0,0.0,-1.0
1676469345.0106127,6833,1676469345,6639520,,0,0.001421463442966342,-0.0504126101732254,0.0013027902459725738,0.18597814440727234,0.0,0.0,0.0,-1.0
1676469345.0432894,6834,1676469345,41610520,,0,0.001343599404208362,0.01305490080267191,-0.021521419286727905,0.17863507568836212,0.0,0.0,0.0,-1.0
1676469345.0768795,6835,1676469345,74084568,,0,-0.013903757557272911,-0.01247502863407135,-0.0028755073435604572,0.09925073385238647,0.0,0.0,0.0,-1.0
1676469345.1094515,6836,1676469345,106565568,,0,0.0022345436736941338,-0.0075021786615252495,0.04094235971570015,0.11537588387727737,0.0,0.0,0.0,-1.0
1676469345.1456187,6837,1676469345,144025568,,0,-0.012661709450185299,-0.014702832326292992,0.00586336525157094,0.13792628049850464,0.0,0.0,0.0,-1.0
1676469345.1793876,6838,1676469345,176500616,,0,0.0036585137713700533,-0.00140046002343297,0.014141475781798363,0.17124712467193604,0.0,0.0,0.0,-1.0
1676469345.2117567,6839,1676469345,208971616,,0,-0.006503627635538578,-0.010074838064610958,0.014946372248232365,0.1909492164850235,0.0,0.0,0.0,-1.0
1676469345.2456453,6840,1676469345,241449616,,0,-0.0055483002215623856,-0.01508430577814579,0.00042818827205337584,0.2054775357246399,0.0,0.0,0.0,-1.0
1676469345.2778547,6841,1676469345,273918664,,0,-0.019314663484692574,-0.017061134800314903,0.01140520442277193,0.2105533927679062,0.0,0.0,0.0,-1.0
1676469345.3106804,6842,1676469345,308888664,,0,-0.003479183651506901,-0.006689627189189196,-0.017176033928990364,0.20717117190361023,0.0,0.0,0.0,-1.0
1676469345.3437536,6843,1676469345,341359664,,0,-0.013318469747900963,-0.019542863592505455,0.006101776380091906,0.1998957097530365,0.0,0.0,0.0,-1.0
1676469345.378454,6844,1676469345,373834712,,0,-0.0008875548955984414,-0.0038168136961758137,0.027168091386556625,0.20101571083068848,0.0,0.0,0.0,-1.0
1676469345.4108224,6845,1676469345,408802712,,0,0.004852958023548126,-0.03848325088620186,-0.015567813068628311,0.1798700988292694,0.0,0.0,0.0,-1.0
1676469345.443385,6846,1676469345,441276712,,0,-0.0014263989869505167,-0.009093394502997398,-0.007377940695732832,0.17118696868419647,0.0,0.0,0.0,-1.0
1676469345.476853,6847,1676469345,473757760,,0,0.0011971782660111785,-0.019546734169125557,-0.0077805304899811745,0.1645684838294983,0.0,0.0,0.0,-1.0
1676469345.5099044,6848,1676469345,506228760,,0,0.0026960724499076605,0.021079089492559433,-0.004237161949276924,0.16395683586597443,0.0,0.0,0.0,-1.0
1676469345.5457783,6849,1676469345,543694760,,0,-0.005686413962393999,-0.004682687111198902,-0.014888645149767399,0.16356033086776733,0.0,0.0,0.0,-1.0
1676469345.5785952,6850,1676469345,576167808,,0,0.009262983687222004,0.0011802705703303218,-0.004006399307399988,0.16570261120796204,0.0,0.0,0.0,-1.0
1676469345.6130779,6851,1676469345,608639808,,0,0.010414747521281242,0.010833769105374813,0.01526263915002346,0.1675301492214203,0.0,0.0,0.0,-1.0
1676469345.6461112,6852,1676469345,643610808,,0,0.0021471779327839613,0.016223415732383728,-0.003424217691645026,0.1689116358757019,0.0,0.0,0.0,-1.0
1676469345.6784348,6853,1676469345,676087856,,0,0.00042064604349434376,0.010505561716854572,0.0030485643073916435,0.1683448851108551,0.0,0.0,0.0,-1.0
1676469345.711797,6854,1676469345,708556856,,0,0.009257315658032894,0.028898458927869797,-0.00018326682038605213,0.16806039214134216,0.0,0.0,0.0,-1.0
1676469345.7458122,6855,1676469345,741027856,,0,0.0010644607245922089,0.028387492522597313,-0.013433683663606644,0.16816571354866028,0.0,0.0,0.0,-1.0
1676469345.7785416,6856,1676469345,776003904,,0,0.0021454859524965286,0.019844932481646538,0.00641708355396986,0.16917204856872559,0.0,0.0,0.0,-1.0
1676469345.8094711,6857,1676469345,805973904,,0,-0.005527494940906763,0.014558244496583939,0.007514899596571922,0.17058172821998596,0.0,0.0,0.0,-1.0
1676469345.8429239,6858,1676469345,840943904,,0,-0.0026327313389629126,0.024723408743739128,-0.007377517409622669,0.17152190208435059,0.0,0.0,0.0,-1.0
1676469345.8788474,6859,1676469345,875922952,,0,-0.007766788359731436,0.034259311854839325,-0.012968563474714756,0.17246346175670624,0.0,0.0,0.0,-1.0
1676469345.9114592,6860,1676469345,908393952,,0,0.009240060113370419,0.01671178638935089,0.00926522258669138,0.17242155969142914,0.0,0.0,0.0,-1.0
1676469345.9458532,6861,1676469345,943361952,,0,0.011928907595574856,0.016248004510998726,0.011785648763179779,0.17228467762470245,0.0,0.0,0.0,-1.0
1676469345.9787774,6862,1676469345,975839256,,0,-0.00766389723867178,0.026710504665970802,-0.00036447012098506093,0.17193494737148285,0.0,0.0,0.0,-1.0
1676469346.0138674,6863,1676469346,8308256,,0,-1.4758877568965545e-06,0.005222042091190815,-0.005838334094733,0.17278438806533813,0.0,0.0,0.0,-1.0
1676469346.0448227,6864,1676469346,43279256,,0,-1.6576130292378366e-05,0.007842026650905609,-0.008887221105396748,0.17296342551708221,0.0,0.0,0.0,-1.0
1676469346.0783017,6865,1676469346,75758560,,0,0.0006543215713463724,0.019621198996901512,0.016101809218525887,0.17209437489509583,0.0,0.0,0.0,-1.0
1676469346.1111667,6866,1676469346,108225560,,0,-0.010249366983771324,0.000777885434217751,-0.012965581379830837,0.1706896275281906,0.0,0.0,0.0,-1.0
1676469346.1446254,6867,1676469346,140693560,,0,0.0029976461082696915,-2.070517984975595e-05,0.019916875287890434,0.16913947463035583,0.0,0.0,0.0,-1.0
1676469346.1779974,6868,1676469346,175671608,,0,0.010479789227247238,0.006775905378162861,0.019953984767198563,0.16677236557006836,0.0,0.0,0.0,-1.0
1676469346.2127922,6869,1676469346,208142608,,0,-0.016853149980306625,-0.005532831884920597,-0.013734016567468643,0.16480669379234314,0.0,0.0,0.0,-1.0
1676469346.246353,6870,1676469346,243111608,,0,-0.003366742981597781,-0.001040213042870164,-0.002751087537035346,0.16345036029815674,0.0,0.0,0.0,-1.0
1676469346.2785997,6871,1676469346,275584912,,0,-0.006580556742846966,-0.01684248261153698,-0.0021268136333674192,0.16320356726646423,0.0,0.0,0.0,-1.0
1676469346.3128002,6872,1676469346,310558912,,0,0.0019446025835350156,-0.003766387002542615,-0.0027199320029467344,0.16368894279003143,0.0,0.0,0.0,-1.0
1676469346.346324,6873,1676469346,343027912,,0,-0.0005196141428314149,-0.007032440509647131,0.004042245447635651,0.16537831723690033,0.0,0.0,0.0,-1.0
1676469346.3787389,6874,1676469346,375508960,,0,0.0012678141938522458,-0.010363851673901081,0.0027105470653623343,0.165167897939682,0.0,0.0,0.0,-1.0
1676469346.4117882,6875,1676469346,407973960,,0,0.0051540895365178585,-0.011082272976636887,0.014794724062085152,0.1651260405778885,0.0,0.0,0.0,-1.0
1676469346.4452016,6876,1676469346,442943960,,0,-0.008306254632771015,-0.00636778911575675,0.004566678311675787,0.16436584293842316,0.0,0.0,0.0,-1.0
1676469346.478338,6877,1676469346,475425264,,0,0.004061161540448666,-0.013515758328139782,0.019369928166270256,0.16336995363235474,0.0,0.0,0.0,-1.0
1676469346.5108917,6878,1676469346,507894264,,0,-0.016036180779337883,-0.006966352928429842,-0.015591476112604141,0.16315564513206482,0.0,0.0,0.0,-1.0
1676469346.5437784,6879,1676469346,540361264,,0,0.0020711501128971577,-0.004320258740335703,0.020373912528157234,0.16305477917194366,0.0,0.0,0.0,-1.0
1676469346.5770528,6880,1676469346,572840824,,0,-0.004186129197478294,-0.008923898451030254,0.00689357053488493,0.16234740614891052,0.0,0.0,0.0,-1.0
1676469346.6096861,6881,1676469346,607809824,,0,0.011403432115912437,-0.011058161035180092,0.025962265208363533,0.16259630024433136,0.0,0.0,0.0,-1.0
1676469346.6454566,6882,1676469346,642782824,,0,-0.013575693592429161,-0.012017006985843182,-0.0025603475514799356,0.16399040818214417,0.0,0.0,0.0,-1.0
1676469346.678753,6883,1676469346,675253872,,0,0.007036731578409672,-0.009330828674137592,0.021120702847838402,0.16388480365276337,0.0,0.0,0.0,-1.0
1676469346.7139828,6884,1676469346,710228872,,0,0.005316122435033321,-0.005890144035220146,0.010652044788002968,0.16450780630111694,0.0,0.0,0.0,-1.0
1676469346.7457607,6885,1676469346,742694872,,0,0.0016873247222974896,-0.007270274218171835,0.014423372223973274,0.16416916251182556,0.0,0.0,0.0,-1.0
1676469346.7769408,6886,1676469346,772674176,,0,0.0074640559032559395,-0.009167594835162163,0.01742328703403473,0.16414684057235718,0.0,0.0,0.0,-1.0
1676469346.8099377,6887,1676469346,807642176,,0,0.009653120301663876,-0.008669571951031685,0.01317776832729578,0.1639990210533142,0.0,0.0,0.0,-1.0
1676469346.8460715,6888,1676469346,842612176,,0,-0.004793096799403429,0.0022342223674058914,-0.0012944439658895135,0.16462889313697815,0.0,0.0,0.0,-1.0
1676469346.878445,6889,1676469346,875084968,,0,0.013773749582469463,-0.004452861845493317,0.01694348081946373,0.16522157192230225,0.0,0.0,0.0,-1.0
1676469346.9096117,6890,1676469346,907563968,,0,-0.002687914529815316,-0.0035096274223178625,-0.0002656305441632867,0.16580051183700562,0.0,0.0,0.0,-1.0
1676469346.9462059,6891,1676469346,942530968,,0,0.014896310865879059,-0.005536683369427919,0.013488801196217537,0.166403129696846,0.0,0.0,0.0,-1.0
1676469346.9778695,6892,1676469346,975007016,,0,-0.004131790716201067,-0.00018041361181531101,-0.008800379931926727,0.16704751551151276,0.0,0.0,0.0,-1.0
1676469347.0093672,6893,1676469347,7495016,,0,0.0027091163210570812,-0.00020688770746346563,-0.013280581682920456,0.16743549704551697,0.0,0.0,0.0,-1.0
1676469347.0457652,6894,1676469347,42453016,,0,0.007592672016471624,0.005759998690336943,-0.016265178099274635,0.16795025765895844,0.0,0.0,0.0,-1.0
1676469347.0784717,6895,1676469347,74921064,,0,-0.0032007868867367506,-3.601362550398335e-05,-0.0036019496619701385,0.16815698146820068,0.0,0.0,0.0,-1.0
1676469347.1121712,6896,1676469347,109889064,,0,-0.0014736370649188757,-0.003836927702650428,-0.012627795338630676,0.1683555245399475,0.0,0.0,0.0,-1.0
1676469347.1452641,6897,1676469347,142362064,,0,0.028650570660829544,0.019204139709472656,0.001450817915610969,0.10046728700399399,0.0,0.0,0.0,-1.0
1676469347.1776593,6898,1676469347,174837624,,0,-0.0022498115431517363,-0.00510574271902442,0.006203039083629847,0.11331775784492493,0.0,0.0,0.0,-1.0
1676469347.2112324,6899,1676469347,207310624,,0,-0.00112887320574373,-0.006123652216047049,0.005742004606872797,0.11565420776605606,0.0,0.0,0.0,-1.0
1676469347.243896,6900,1676469347,242284624,,0,-0.006014777347445488,-0.00010154334449907765,0.0004883636720478535,0.11565420776605606,0.0,0.0,0.0,-1.0
1676469347.2772498,6901,1676469347,274751928,,0,0.0038064438849687576,-0.004888259340077639,0.016919968649744987,0.11565420776605606,0.0,0.0,0.0,-1.0
1676469347.3099835,6902,1676469347,307229928,,0,-0.00437879329547286,-0.0068273828364908695,-0.010122212581336498,0.11565420776605606,0.0,0.0,0.0,-1.0
1676469347.3461075,6903,1676469347,342196928,,0,0.0006237651105038822,-0.013637157157063484,-0.019025400280952454,0.11565420776605606,0.0,0.0,0.0,-1.0
1676469347.3805325,6904,1676469347,377186232,,0,0.0017804623348638415,0.005840622819960117,0.03153325617313385,0.11565420776605606,0.0,0.0,0.0,-1.0
1676469347.412931,6905,1676469347,409643232,,0,-0.013281203806400299,-0.01723339967429638,-0.009227924980223179,0.11565420776605606,0.0,0.0,0.0,-1.0
1676469347.445006,6906,1676469347,442118232,,0,0.013087290339171886,0.008224152028560638,0.00461223442107439,0.11565420776605606,0.0,0.0,0.0,-1.0
1676469347.4775817,6907,1676469347,474588536,,0,-0.0012030081124976277,-0.008925682865083218,-0.023174146190285683,0.1355140209197998,0.0,0.0,0.0,-1.0
1676469347.5109904,6908,1676469347,507065536,,0,0.02555101551115513,-0.0009261361556127667,0.029078058898448944,0.18341121077537537,0.0,0.0,0.0,-1.0
1676469347.5443995,6909,1676469347,542030536,,0,-0.015817362815141678,-0.01668589562177658,0.009105994366109371,0.1962616890668869,0.0,0.0,0.0,-1.0
1676469347.5774534,6910,1676469347,574502584,,0,-0.003955148160457611,-0.011594264768064022,0.018167683854699135,0.19742991030216217,0.0,0.0,0.0,-1.0
1676469347.6096535,6911,1676469347,606978584,,0,0.00823726411908865,-0.005891233682632446,0.015351612120866776,0.2067756950855255,0.0,0.0,0.0,-1.0
1676469347.6461983,6912,1676469347,641949584,,0,-0.0007138175424188375,-0.006811122409999371,-0.001711093122139573,0.22313083708286285,0.0,0.0,0.0,-1.0
1676469347.6787088,6913,1676469347,676925888,,0,0.004615176934748888,-0.010802296921610832,-0.007235552649945021,0.23481307923793793,0.0,0.0,0.0,-1.0
1676469347.7119048,6914,1676469347,709395888,,0,0.018647320568561554,-0.014154666103422642,-0.01031445525586605,0.24182243645191193,0.0,0.0,0.0,-1.0
1676469347.7443597,6915,1676469347,741865888,,0,0.00234219036065042,-0.005980662070214748,0.007816090248525143,0.24182243645191193,0.0,0.0,0.0,-1.0
1676469347.7779899,6916,1676469347,774339192,,0,0.0015392486238852143,-0.009920247830450535,-0.008184410631656647,0.24065420031547546,0.0,0.0,0.0,-1.0
1676469347.8101223,6917,1676469347,806821192,,0,0.008386525325477123,-0.00776583980768919,-0.009311254136264324,0.23481307923793793,0.0,0.0,0.0,-1.0
1676469347.845682,6918,1676469347,841781192,,0,0.009110722690820694,-0.0025305412709712982,-0.014565576799213886,0.21845793724060059,0.0,0.0,0.0,-1.0
1676469347.8790684,6919,1676469347,876772240,,0,0.005057557485997677,-0.0058245244435966015,-0.0032963918056339025,0.21261681616306305,0.0,0.0,0.0,-1.0
1676469347.9117846,6920,1676469347,909227240,,0,0.007850999012589455,-0.0021143935155123472,-0.017812132835388184,0.2067756950855255,0.0,0.0,0.0,-1.0
1676469347.9450788,6921,1676469347,941706240,,0,0.005687114782631397,-0.005824013613164425,-0.009131801314651966,0.1927570104598999,0.0,0.0,0.0,-1.0
1676469347.9782548,6922,1676469347,976682288,,0,0.00966177973896265,-0.0035788659006357193,-0.006648789159953594,0.18691588938236237,0.0,0.0,0.0,-1.0
1676469348.0098295,6923,1676469348,6651288,,0,0.005452933255583048,-0.007549497298896313,0.020384514704346657,0.18691588938236237,0.0,0.0,0.0,-1.0
1676469348.04614,6924,1676469348,44118288,,0,0.02008703723549843,0.0006982599152252078,-0.014629637822508812,0.18691588938236237,0.0,0.0,0.0,-1.0
1676469348.076591,6925,1676469348,74092336,,0,0.013684396632015705,-0.005413666367530823,0.0023339020553976297,0.18691588938236237,0.0,0.0,0.0,-1.0
1676469348.1097553,6926,1676469348,106567336,,0,0.004603425972163677,-0.006463755387812853,-0.002470606006681919,0.18691588938236237,0.0,0.0,0.0,-1.0
1676469348.1467235,6927,1676469348,144032336,,0,0.005854003131389618,-0.0031515522859990597,-0.014612826518714428,0.18691588938236237,0.0,0.0,0.0,-1.0
1676469348.1787286,6928,1676469348,176510384,,0,0.009004304185509682,-0.008988692425191402,0.007209923584014177,0.18691588938236237,0.0,0.0,0.0,-1.0
1676469348.2129524,6929,1676469348,208981384,,0,0.007684455253183842,-0.00687746237963438,-0.004588496871292591,0.18691588938236237,0.0,0.0,0.0,-1.0
1676469348.2454548,6930,1676469348,241450384,,0,0.0031623379327356815,-0.006306374445557594,-0.004151557572185993,0.1857476681470871,0.0,0.0,0.0,-1.0
1676469348.278228,6931,1676469348,276425688,,0,0.005861351732164621,-0.007860079407691956,0.003632274456322193,0.16939252614974976,0.0,0.0,0.0,-1.0
1676469348.3118784,6932,1676469348,308893688,,0,0.015468182973563671,-0.0019127143314108253,-0.0005771471769548953,0.15771028399467468,0.0,0.0,0.0,-1.0
1676469348.3437898,6933,1676469348,341366688,,0,0.007394114043563604,-0.00468800263479352,0.005705791525542736,0.1425233632326126,0.0,0.0,0.0,-1.0
1676469348.3771837,6934,1676469348,373839736,,0,0.002561871660873294,-0.003578144358471036,0.0016206813743337989,0.1425233632326126,0.0,0.0,0.0,-1.0
1676469348.4101,6935,1676469348,406323736,,0,-0.005230227950960398,-0.004207111429423094,-0.01095963642001152,0.1390186846256256,0.0,0.0,0.0,-1.0
1676469348.4459853,6936,1676469348,443781736,,0,0.013090665452182293,-0.010300046764314175,-0.004241409245878458,0.1355140209197998,0.0,0.0,0.0,-1.0
1676469348.4787965,6937,1676469348,476267784,,0,0.005975544918328524,-0.0012073888210579753,0.023672601208090782,0.1355140209197998,0.0,0.0,0.0,-1.0
1676469348.5114336,6938,1676469348,508727784,,0,0.01750931888818741,-0.00209714169614017,-0.0011734833242371678,0.1355140209197998,0.0,0.0,0.0,-1.0
1676469348.545479,6939,1676469348,541208784,,0,0.01268317922949791,-0.0033156529534608126,0.020387085154652596,0.1355140209197998,0.0,0.0,0.0,-1.0
1676469348.5785997,6940,1676469348,576189088,,0,0.011863825842738152,-0.0006737434887327254,0.022587161511182785,0.1355140209197998,0.0,0.0,0.0,-1.0
1676469348.6114426,6941,1676469348,608647088,,0,0.007351016625761986,-0.007303453516215086,-0.013738536275923252,0.1355140209197998,0.0,0.0,0.0,-1.0
1676469348.6459928,6942,1676469348,641118088,,0,-0.008917905390262604,-0.005965417250990868,-0.008590561337769032,0.1355140209197998,0.0,0.0,0.0,-1.0
1676469348.678046,6943,1676469348,676092392,,0,0.0012276633642613888,-0.005932052619755268,-0.008980195969343185,0.1355140209197998,0.0,0.0,0.0,-1.0
1676469348.7105596,6944,1676469348,708563392,,0,-0.004151418339461088,-0.010640661232173443,-0.0176176019012928,0.1355140209197998,0.0,0.0,0.0,-1.0
1676469348.7442937,6945,1676469348,741034392,,0,-0.00734916515648365,-0.006459135562181473,-0.015813108533620834,0.1355140209197998,0.0,0.0,0.0,-1.0
1676469348.7770612,6946,1676469348,773510952,,0,0.009077725000679493,-0.013178283348679543,-0.015567310154438019,0.1355140209197998,0.0,0.0,0.0,-1.0
1676469348.8095872,6947,1676469348,805993952,,0,0.009569951333105564,-0.002688423730432987,0.021337689831852913,0.14485980570316315,0.0,0.0,0.0,-1.0
1676469348.8459666,6948,1676469348,843449952,,0,0.00520646758377552,-0.0033034798689186573,0.0109761543571949,0.14485980570316315,0.0,0.0,0.0,-1.0
1676469348.8786697,6949,1676469348,875928256,,0,0.0029947166331112385,-0.0005973190418444574,0.0037222476676106453,0.1460280418395996,0.0,0.0,0.0,-1.0
1676469348.911559,6950,1676469348,905905256,,0,-0.0017015223857015371,-0.012779096141457558,-0.009005346335470676,0.1460280418395996,0.0,0.0,0.0,-1.0
1676469348.946231,6951,1676469348,943365256,,0,-0.011938929557800293,-0.0037812727969139814,-0.017025159671902657,0.1460280418395996,0.0,0.0,0.0,-1.0
1676469348.9783719,6952,1676469348,975857048,,0,-0.002679831115528941,-0.015607234090566635,-0.026155035942792892,0.1460280418395996,0.0,0.0,0.0,-1.0
1676469349.0131266,6953,1676469349,8313048,,0,0.007486560381948948,-0.009081215597689152,-0.011065472848713398,0.1460280418395996,0.0,0.0,0.0,-1.0
1676469349.0452769,6954,1676469349,43295048,,0,0.0042702569626271725,-0.012953014113008976,-0.016291296109557152,0.1460280418395996,0.0,0.0,0.0,-1.0
1676469349.0772707,6955,1676469349,73267352,,0,-0.0018548383377492428,-0.0020365724340081215,0.009993012994527817,0.1460280418395996,0.0,0.0,0.0,-1.0
1676469349.1098666,6956,1676469349,108232352,,0,-0.006803628522902727,-0.005367923062294722,-0.004067407920956612,0.1460280418395996,0.0,0.0,0.0,-1.0
1676469349.1459455,6957,1676469349,143205352,,0,0.023569345474243164,-0.009058660827577114,0.019916385412216187,0.1460280418395996,0.0,0.0,0.0,-1.0
1676469349.1785054,6958,1676469349,175677656,,0,0.0032116819638758898,-0.00684078736230731,0.019200297072529793,0.1460280418395996,0.0,0.0,0.0,-1.0
1676469349.2118206,6959,1676469349,208151656,,0,-0.0036727706901729107,-0.002920204773545265,-0.012515848502516747,0.15070094168186188,0.0,0.0,0.0,-1.0
1676469349.2461047,6960,1676469349,243119656,,0,-0.004612057935446501,-0.0029935301281511784,0.00498766265809536,0.17056074738502502,0.0,0.0,0.0,-1.0
1676469349.2773085,6961,1676469349,273094960,,0,0.006779227405786514,-0.015554159879684448,-0.0048937019892036915,0.18341121077537537,0.0,0.0,0.0,-1.0
1676469349.3099878,6962,1676469349,308063960,,0,0.004943458829075098,-0.012776588089764118,0.0038005614187568426,0.1927570104598999,0.0,0.0,0.0,-1.0
1676469349.344668,6963,1676469349,340542960,,0,-0.010548240505158901,-0.010158365592360497,-0.007924196310341358,0.1927570104598999,0.0,0.0,0.0,-1.0
1676469349.376857,6964,1676469349,373012264,,0,0.0014619732974097133,-0.005398958455771208,-0.008249646052718163,0.1927570104598999,0.0,0.0,0.0,-1.0
1676469349.4112408,6965,1676469349,407982264,,0,0.0021047284826636314,-0.011357027105987072,-0.011840243823826313,0.1927570104598999,0.0,0.0,0.0,-1.0
1676469349.4459288,6966,1676469349,442953264,,0,0.004932665731757879,-0.012446961365640163,-0.03511413559317589,0.19392523169517517,0.0,0.0,0.0,-1.0
1676469349.4788806,6967,1676469349,475435568,,0,0.0024848217144608498,-0.013476534746587276,-0.0007267043692991138,0.1997663527727127,0.0,0.0,0.0,-1.0
1676469349.5118856,6968,1676469349,507899568,,0,0.002136415569111705,-0.005000988021492958,-0.011477326042950153,0.1997663527727127,0.0,0.0,0.0,-1.0
1676469349.5459442,6969,1676469349,542868568,,0,-0.0019254564540460706,-0.011593473143875599,-0.013421046547591686,0.1997663527727127,0.0,0.0,0.0,-1.0
1676469349.5775607,6970,1676469349,575344872,,0,-0.0029141854029148817,-0.008800149895250797,-0.005219705402851105,0.1997663527727127,0.0,0.0,0.0,-1.0
1676469349.6117435,6971,1676469349,607818872,,0,0.009399226866662502,-0.007663610391318798,-0.02631383389234543,0.19742991030216217,0.0,0.0,0.0,-1.0
1676469349.6448395,6972,1676469349,642785872,,0,0.0004015162121504545,-0.0033583734184503555,-0.01964380592107773,0.17990654706954956,0.0,0.0,0.0,-1.0
1676469349.6782699,6973,1676469349,675263432,,0,0.009375129826366901,-0.0039071254432201385,-0.01792479120194912,0.15654206275939941,0.0,0.0,0.0,-1.0
1676469349.7107437,6974,1676469349,707733432,,0,0.0030058494303375483,-0.008182468824088573,-0.025261931121349335,0.15303738415241241,0.0,0.0,0.0,-1.0
1676469349.74425,6975,1676469349,740210432,,0,0.004269377328455448,-0.010195905342698097,-0.007214265875518322,0.15303738415241241,0.0,0.0,0.0,-1.0
1676469349.7770953,6976,1676469349,775180480,,0,-0.008147383108735085,-0.010133237577974796,-0.021104848012328148,0.15303738415241241,0.0,0.0,0.0,-1.0
1676469349.8094828,6977,1676469349,807651480,,0,0.0074683367274701595,0.014867862686514854,-0.01694493740797043,0.15303738415241241,0.0,0.0,0.0,-1.0
1676469349.846067,6978,1676469349,842622480,,0,-0.00913020595908165,-0.010680691339075565,-0.025938082486391068,0.15420560538768768,0.0,0.0,0.0,-1.0
1676469349.878696,6979,1676469349,875095528,,0,-0.008565365336835384,-0.021023398265242577,-0.015078040771186352,0.16939252614974976,0.0,0.0,0.0,-1.0
1676469349.912104,6980,1676469349,910065528,,0,-0.0075193168595433235,-0.022947026416659355,0.0027749896980822086,0.17990654706954956,0.0,0.0,0.0,-1.0
1676469349.9454246,6981,1676469349,942537528,,0,-0.013394434936344624,-0.028707895427942276,-0.00198215595446527,0.18808411061763763,0.0,0.0,0.0,-1.0
1676469349.9782794,6982,1676469349,975020832,,0,0.0007084263488650322,-0.005793830379843712,0.008216284215450287,0.18808411061763763,0.0,0.0,0.0,-1.0
1676469350.0108387,6983,1676469350,7486832,,0,0.005874188616871834,-0.0051893144845962524,0.003707009833306074,0.1927570104598999,0.0,0.0,0.0,-1.0
1676469350.0437627,6984,1676469350,39955832,,0,-0.0017329152906313539,-0.005439692176878452,-0.0297648124396801,0.19392523169517517,0.0,0.0,0.0,-1.0
1676469350.0770175,6985,1676469350,74933136,,0,-0.008183478377759457,-0.009864930994808674,-0.016808869317173958,0.19392523169517517,0.0,0.0,0.0,-1.0
1676469350.1101975,6986,1676469350,107402136,,0,0.0071218907833099365,-0.011898917146027088,0.0014214538969099522,0.19392523169517517,0.0,0.0,0.0,-1.0
1676469350.1464894,6987,1676469350,142376136,,0,0.010677775368094444,-0.009933533146977425,-0.005351472645998001,0.19392523169517517,0.0,0.0,0.0,-1.0
1676469350.1788955,6988,1676469350,174847440,,0,-0.007675801869481802,-0.011486003175377846,-0.015528528019785881,0.19392523169517517,0.0,0.0,0.0,-1.0
1676469350.2114773,6989,1676469350,209821440,,0,-0.006654324941337109,-0.008837717585265636,-0.025726698338985443,0.18341121077537537,0.0,0.0,0.0,-1.0
1676469350.2448928,6990,1676469350,242291440,,0,0.008279657922685146,-0.0072571695782244205,-0.008564267307519913,0.17640186846256256,0.0,0.0,0.0,-1.0
1676469350.2778583,6991,1676469350,274765000,,0,-0.0007166243740357459,-0.004279788583517075,-0.00998668558895588,0.17406542599201202,0.0,0.0,0.0,-1.0
1676469350.3109047,6992,1676469350,307245000,,0,-0.006152862682938576,8.373213495360687e-05,-0.02424509823322296,0.17056074738502502,0.0,0.0,0.0,-1.0
1676469350.346129,6993,1676469350,342210000,,0,-0.0003023215103894472,-0.00847978238016367,-0.01766100339591503,0.16588784754276276,0.0,0.0,0.0,-1.0
1676469350.3782933,6994,1676469350,374681304,,0,-0.01375559438019991,-0.0050747389905154705,-0.021652696654200554,0.16588784754276276,0.0,0.0,0.0,-1.0
1676469350.4109378,6995,1676469350,407152304,,0,-0.0009630185086280107,-0.002537991153076291,0.004148014355450869,0.16588784754276276,0.0,0.0,0.0,-1.0
1676469350.4458354,6996,1676469350,442124304,,0,0.0025154955219477415,-0.01095673255622387,5.0190352339996025e-05,0.16588784754276276,0.0,0.0,0.0,-1.0
1676469350.4773974,6997,1676469350,474598608,,0,-0.004816182889044285,-0.0037872102111577988,-0.01246984675526619,0.16588784754276276,0.0,0.0,0.0,-1.0
1676469350.5110812,6998,1676469350,507074608,,0,-0.012466591782867908,-0.0024583577178418636,-0.005175379570573568,0.1612149477005005,0.0,0.0,0.0,-1.0
1676469350.545132,6999,1676469350,542042608,,0,0.00764505285769701,-0.007787483278661966,0.004245349206030369,0.15420560538768768,0.0,0.0,0.0,-1.0
1676469350.5772712,7000,1676469350,574516912,,0,0.0011279175523668528,-0.004388748202472925,-0.013112812303006649,0.15420560538768768,0.0,0.0,0.0,-1.0
1676469350.6102552,7001,1676469350,606988912,,0,0.0033379385713487864,-0.003932216204702854,0.003527012886479497,0.15420560538768768,0.0,0.0,0.0,-1.0
1676469350.6456192,7002,1676469350,641958912,,0,-0.0052918074652552605,-0.005134296137839556,-0.002214421983808279,0.15420560538768768,0.0,0.0,0.0,-1.0
1676469350.6787586,7003,1676469350,676932472,,0,0.004796486347913742,-0.009529580362141132,-0.009003500454127789,0.15420560538768768,0.0,0.0,0.0,-1.0
1676469350.7115712,7004,1676469350,709404472,,0,0.011277884244918823,-0.0045541394501924515,-0.0001551390887470916,0.15420560538768768,0.0,0.0,0.0,-1.0
1676469350.7457137,7005,1676469350,741881472,,0,0.010385158471763134,-0.007996763102710247,0.0039800358936190605,0.15420560538768768,0.0,0.0,0.0,-1.0
1676469350.7781756,7006,1676469350,774351776,,0,0.0014832954620942473,-0.009470024146139622,-0.013943251222372055,0.15420560538768768,0.0,0.0,0.0,-1.0
1676469350.8106768,7007,1676469350,806824776,,0,0.0068865129724144936,0.0009409472695551813,-0.009798749350011349,0.15420560538768768,0.0,0.0,0.0,-1.0
1676469350.8435683,7008,1676469350,841793776,,0,-0.008306951262056828,-0.004692781716585159,-0.010401076637208462,0.15420560538768768,0.0,0.0,0.0,-1.0
1676469350.8764474,7009,1676469350,874269824,,0,-0.006107719149440527,-0.0007978817448019981,-0.003996330313384533,0.15420560538768768,0.0,0.0,0.0,-1.0
1676469350.9096081,7010,1676469350,906745824,,0,0.007004992570728064,-0.0021915961988270283,0.010212557390332222,0.15420560538768768,0.0,0.0,0.0,-1.0
1676469350.9461462,7011,1676469350,944211824,,0,0.005020148120820522,-0.009584586136043072,-0.0071631912142038345,0.15420560538768768,0.0,0.0,0.0,-1.0
1676469350.9787424,7012,1676469350,976690128,,0,0.003361789043992758,-0.009520144201815128,-0.01136764232069254,0.15420560538768768,0.0,0.0,0.0,-1.0
1676469351.0116856,7013,1676469351,9156128,,0,0.001679709879681468,-0.024461954832077026,-0.01638333685696125,0.15420560538768768,0.0,0.0,0.0,-1.0
1676469351.0454972,7014,1676469351,41627128,,0,0.01079624891281128,0.0030629392713308334,0.004583348985761404,0.15420560538768768,0.0,0.0,0.0,-1.0
1676469351.0776935,7015,1676469351,74105688,,0,0.012588086538016796,-0.004879549611359835,0.00809909775853157,0.15303738415241241,0.0,0.0,0.0,-1.0
1676469351.1106255,7016,1676469351,109073688,,0,0.00023295335995499045,0.0006014029495418072,-0.009614055044949055,0.14719626307487488,0.0,0.0,0.0,-1.0
1676469351.1450758,7017,1676469351,141552688,,0,0.00348658487200737,0.0023805839009582996,-0.008419247344136238,0.14719626307487488,0.0,0.0,0.0,-1.0
1676469351.178967,7018,1676469351,174020248,,0,0.006399303209036589,-0.0007400315953418612,-0.00446934113278985,0.14485980570316315,0.0,0.0,0.0,-1.0
1676469351.2112358,7019,1676469351,208988248,,0,-0.014565280638635159,-0.004496140871196985,-0.014387362636625767,0.14485980570316315,0.0,0.0,0.0,-1.0
1676469351.2435768,7020,1676469351,241461248,,0,-0.012354950420558453,-0.011805268935859203,-0.02970711700618267,0.14485980570316315,0.0,0.0,0.0,-1.0
1676469351.277847,7021,1676469351,273940552,,0,-0.0021589593961834908,-0.013692951761186123,-0.02872498147189617,0.14485980570316315,0.0,0.0,0.0,-1.0
1676469351.3106775,7022,1676469351,308908552,,0,-6.996658339630812e-05,-0.0008776348549872637,-0.01533544808626175,0.15420560538768768,0.0,0.0,0.0,-1.0
1676469351.3450742,7023,1676469351,341379552,,0,0.013485278934240341,-0.00527394050732255,-0.009858423843979836,0.15537382662296295,0.0,0.0,0.0,-1.0
1676469351.3786533,7024,1676469351,376356600,,0,0.0009015843388624489,-0.0019295858219265938,-0.01883416250348091,0.15654206275939941,0.0,0.0,0.0,-1.0
1676469351.412205,7025,1676469351,408822600,,0,0.0036054349038749933,-0.0005408005090430379,-0.008355672471225262,0.15654206275939941,0.0,0.0,0.0,-1.0
1676469351.4448893,7026,1676469351,441297600,,0,-0.00305914762429893,-0.0010398196754977107,-0.0039079156704247,0.1647196263074875,0.0,0.0,0.0,-1.0
1676469351.4791646,7027,1676469351,476274392,,0,0.014422563835978508,-0.011465007439255714,0.01573963835835457,0.17640186846256256,0.0,0.0,0.0,-1.0
1676469351.5108814,7028,1676469351,508740392,,0,0.0024201972410082817,-0.012084713205695152,-0.01464261393994093,0.17990654706954956,0.0,0.0,0.0,-1.0
1676469351.5442247,7029,1676469351,541211392,,0,-0.004463088698685169,-0.007304082624614239,-0.0036266588140279055,0.17990654706954956,0.0,0.0,0.0,-1.0
1676469351.5766444,7030,1676469351,573692184,,0,0.0029506341088563204,-0.008598561398684978,0.0056264810264110565,0.17990654706954956,0.0,0.0,0.0,-1.0
1676469351.6096404,7031,1676469351,606165184,,0,-0.0010901391506195068,-0.0025725134182721376,-0.011137483641505241,0.17990654706954956,0.0,0.0,0.0,-1.0
1676469351.6427574,7032,1676469351,641131184,,0,0.007401220500469208,-0.006260430905967951,-0.0014192542294040322,0.17990654706954956,0.0,0.0,0.0,-1.0
1676469351.6764548,7033,1676469351,673604232,,0,-0.002403878141194582,-0.005419494118541479,-0.01038315612822771,0.17990654706954956,0.0,0.0,0.0,-1.0
1676469351.710269,7034,1676469351,706076232,,0,0.00489582447335124,-0.00962883047759533,0.007318553049117327,0.17990654706954956,0.0,0.0,0.0,-1.0
1676469351.7438507,7035,1676469351,741044232,,0,0.009268213994801044,-0.009198329411447048,-0.0026617138646543026,0.17289718985557556,0.0,0.0,0.0,-1.0
1676469351.779013,7036,1676469351,776016280,,0,-0.0016105823451653123,-0.006591541226953268,-0.010555585846304893,0.17056074738502502,0.0,0.0,0.0,-1.0
1676469351.8124897,7037,1676469351,808491280,,0,0.01088552176952362,-0.007991170510649681,0.005820096470415592,0.17056074738502502,0.0,0.0,0.0,-1.0
1676469351.8448215,7038,1676469351,840964280,,0,0.008419329300522804,-0.007328261621296406,-0.004006670787930489,0.17056074738502502,0.0,0.0,0.0,-1.0
1676469351.8784552,7039,1676469351,875944328,,0,0.012119004502892494,-0.0062143378891050816,0.0025320001877844334,0.17056074738502502,0.0,0.0,0.0,-1.0
1676469351.9120398,7040,1676469351,908408328,,0,-0.0004764092154800892,-0.013606957159936428,-0.008825900964438915,0.17056074738502502,0.0,0.0,0.0,-1.0
1676469351.945336,7041,1676469351,940892328,,0,-0.00698862224817276,-0.008306070230901241,-0.0026016011834144592,0.17056074738502502,0.0,0.0,0.0,-1.0
1676469351.9788365,7042,1676469351,975853632,,0,0.01020948775112629,-0.014001872390508652,0.007598923984915018,0.1682243049144745,0.0,0.0,0.0,-1.0
1676469352.0116887,7043,1676469352,8328632,,0,-0.008546192198991776,-0.011049913242459297,-0.022743044421076775,0.1647196263074875,0.0,0.0,0.0,-1.0
1676469352.0456624,7044,1676469352,43297632,,0,0.0004982443060725927,-0.008367710746824741,-0.0012833003420382738,0.1647196263074875,0.0,0.0,0.0,-1.0
1676469352.0786805,7045,1676469352,75785680,,0,0.01001083292067051,-0.005493963602930307,0.0060256910510361195,0.1647196263074875,0.0,0.0,0.0,-1.0
1676469352.1120243,7046,1676469352,108247680,,0,0.0094577856361866,-0.009134986437857151,-0.0026711351238191128,0.1647196263074875,0.0,0.0,0.0,-1.0
1676469352.1449661,7047,1676469352,143214680,,0,-0.0012629128759726882,-0.00353204901330173,0.0030395379289984703,0.1647196263074875,0.0,0.0,0.0,-1.0
1676469352.1785026,7048,1676469352,175686728,,0,0.005967274308204651,-0.00408365810289979,0.005384954158216715,0.1647196263074875,0.0,0.0,0.0,-1.0
1676469352.2111332,7049,1676469352,208162728,,0,0.004922186024487019,-0.007733969483524561,0.0024531797971576452,0.1647196263074875,0.0,0.0,0.0,-1.0
1676469352.24475,7050,1676469352,243131728,,0,0.002140255644917488,-0.004118838347494602,-0.013287981040775776,0.1612149477005005,0.0,0.0,0.0,-1.0
1676469352.2780812,7051,1676469352,275609520,,0,-0.009952077642083168,-0.005883027333766222,-0.0190633162856102,0.15070094168186188,0.0,0.0,0.0,-1.0
1676469352.3117478,7052,1676469352,308075520,,0,-0.003582509933039546,-0.005735559388995171,-0.004901286214590073,0.14953270554542542,0.0,0.0,0.0,-1.0
1676469352.3463132,7053,1676469352,343045520,,0,-0.0022236502263695,0.0001952709280885756,0.007731493096798658,0.14953270554542542,0.0,0.0,0.0,-1.0
1676469352.3787243,7054,1676469352,375521568,,0,-0.008807191625237465,0.002226688666269183,0.0067893569357693195,0.14953270554542542,0.0,0.0,0.0,-1.0
1676469352.4116893,7055,1676469352,407992568,,0,-0.006271071266382933,-0.0014067046577110887,-0.010889923200011253,0.14953270554542542,0.0,0.0,0.0,-1.0
1676469352.4453194,7056,1676469352,442961568,,0,0.0009393079672008753,-0.0031951016280800104,0.0012410103809088469,0.14953270554542542,0.0,0.0,0.0,-1.0
1676469352.4786792,7057,1676469352,475441360,,0,-0.010631796903908253,-0.0007116441847756505,-0.001206735847517848,0.14953270554542542,0.0,0.0,0.0,-1.0
1676469352.5108511,7058,1676469352,507908360,,0,-0.01691722497344017,-0.005530108697712421,-0.02483360655605793,0.14953270554542542,0.0,0.0,0.0,-1.0
1676469352.5436,7059,1676469352,540382360,,0,-0.007565946783870459,-0.01034670602530241,-0.02775360643863678,0.14953270554542542,0.0,0.0,0.0,-1.0
1676469352.577383,7060,1676469352,575356408,,0,-0.0008552700746804476,-0.000969767919741571,0.010604954324662685,0.14953270554542542,0.0,0.0,0.0,-1.0
1676469352.6117318,7061,1676469352,610327408,,0,-0.0020140588749200106,-0.0045579480938613415,0.009767882525920868,0.14953270554542542,0.0,0.0,0.0,-1.0
1676469352.6450565,7062,1676469352,642798408,,0,-0.008905789814889431,-0.003488364163786173,0.009473885409533978,0.14953270554542542,0.0,0.0,0.0,-1.0
1676469352.678292,7063,1676469352,675269456,,0,-0.011774956248700619,-0.00377953820861876,-0.0023315385915338993,0.14953270554542542,0.0,0.0,0.0,-1.0
1676469352.7128928,7064,1676469352,710242456,,0,0.00012119072198402137,-0.0052130031399428844,0.012640449218451977,0.15070094168186188,0.0,0.0,0.0,-1.0
1676469352.7429671,7065,1676469352,740220456,,0,0.0005340480129234493,-0.013831859454512596,-0.027116280049085617,0.14953270554542542,0.0,0.0,0.0,-1.0
1676469352.7780924,7066,1676469352,775188480,,0,-0.0023975674994289875,-0.00041985526331700385,0.005594688467681408,0.14953270554542542,0.0,0.0,0.0,-1.0
1676469352.8118272,7067,1676469352,810159480,,0,-0.0019126691622659564,-0.003843424143269658,0.007857318967580795,0.15070094168186188,0.0,0.0,0.0,-1.0
1676469352.8459163,7068,1676469352,842627480,,0,-0.007955205626785755,0.0033119856379926205,-0.0007564558763988316,0.14953270554542542,0.0,0.0,0.0,-1.0
1676469352.877989,7069,1676469352,875101528,,0,0.00044569128658622503,-0.006038332358002663,-0.0026856381446123123,0.14953270554542542,0.0,0.0,0.0,-1.0
1676469352.910914,7070,1676469352,907579528,,0,0.008741531521081924,-0.011148103512823582,-0.010834628716111183,0.14953270554542542,0.0,0.0,0.0,-1.0
1676469352.9436274,7071,1676469352,940048528,,0,0.005603889003396034,-0.01744060218334198,-0.016097422689199448,0.14953270554542542,0.0,0.0,0.0,-1.0
1676469352.977504,7072,1676469352,975021064,,0,0.0004256156098563224,-0.015162929892539978,-0.006008397787809372,0.14719626307487488,0.0,0.0,0.0,-1.0
1676469353.0108347,7073,1676469353,7504064,,0,0.10712320357561111,0.08051984757184982,0.022312602028250694,0.1355140209197998,0.0,0.0,0.0,-1.0
1676469353.0452745,7074,1676469353,42466064,,0,-0.03574620187282562,-0.002396521857008338,-0.025487255305051804,0.12383177876472473,0.0,0.0,0.0,-1.0
1676469353.07697,7075,1676469353,74938112,,0,-0.023013988509774208,0.0007805349887348711,-0.0037093537393957376,0.11915887892246246,0.0,0.0,0.0,-1.0
1676469353.1094646,7076,1676469353,107413112,,0,0.022869186475872993,-0.007658800110220909,0.00971515104174614,0.11214952915906906,0.0,0.0,0.0,-1.0
1676469353.1439486,7077,1676469353,142388112,,0,-0.009326343424618244,-0.008324001915752888,-0.006917216815054417,0.10630840808153152,0.0,0.0,0.0,-1.0
1676469353.178309,7078,1676469353,174853160,,0,0.010238755494356155,0.011956557631492615,0.011945308186113834,0.09696261584758759,0.0,0.0,0.0,-1.0
1676469353.2109234,7079,1676469353,207339160,,0,0.0075349463149905205,-0.002039295854046941,0.019923970103263855,0.09228971600532532,0.0,0.0,0.0,-1.0
1676469353.2437227,7080,1676469353,242299160,,0,0.056017786264419556,0.03785012662410736,0.02477407082915306,0.08294392377138138,0.0,0.0,0.0,-1.0
1676469353.2774737,7081,1676469353,274770464,,0,0.00111612887121737,0.007876977324485779,-0.01054113358259201,0.0712616816163063,0.0,0.0,0.0,-1.0
1676469353.309926,7082,1676469353,307245464,,0,-0.031531017273664474,-0.11710402369499207,0.003758743405342102,0.0151869161054492,0.0,0.0,0.0,-1.0
1676469353.3445785,7083,1676469353,342217464,,0,-0.027765903621912003,-0.0460650697350502,0.044600192457437515,0.0,0.0,0.0,0.0,-1.0
1676469353.3793688,7084,1676469353,377190512,,0,0.02318430133163929,-0.025374209508299828,0.0166479405015707,0.0,0.0,0.0,0.0,-1.0
1676469353.4119468,7085,1676469353,409658512,,0,0.02161889709532261,-0.053400807082653046,-0.004252889193594456,0.0,0.0,0.0,0.0,-1.0
1676469353.4446247,7086,1676469353,442133512,,0,0.03732191398739815,-0.07046054303646088,0.005187102593481541,0.0,0.0,0.0,0.0,-1.0
1676469353.4788368,7087,1676469353,477113560,,0,0.03115065023303032,-0.0831427127122879,-0.003424491034820676,0.0,0.0,0.0,0.0,-1.0
1676469353.5116255,7088,1676469353,509572560,,0,0.026243673637509346,-0.0894947201013565,-0.0029790536500513554,0.0,0.0,0.0,0.0,-1.0
1676469353.5455866,7089,1676469353,542047560,,0,0.021216554567217827,-0.09885837137699127,-0.002567378571256995,0.0,0.0,0.0,0.0,-1.0
1676469353.5779033,7090,1676469353,574520608,,0,0.018198464065790176,-0.10657915472984314,-0.0029528867453336716,0.0,0.0,0.0,0.0,-1.0
1676469353.6105676,7091,1676469353,606994608,,0,0.016180049628019333,-0.11774715781211853,-0.002053698990494013,0.0,0.0,0.0,0.0,-1.0
1676469353.6452446,7092,1676469353,641965608,,0,0.01473037339746952,-0.13004839420318604,-0.0010855611180886626,0.0,0.0,0.0,0.0,-1.0
1676469353.6775002,7093,1676469353,674440400,,0,0.01890903152525425,-0.1431458443403244,-0.005148397292941809,0.0,0.0,0.0,0.0,-1.0
1676469353.7117631,7094,1676469353,709408400,,0,0.022602835670113564,-0.16232669353485107,0.0005289675900712609,0.0,0.0,0.0,0.0,-1.0
1676469353.7453945,7095,1676469353,741889400,,0,0.007624045945703983,-0.16593880951404572,-0.018397299572825432,0.0,0.0,0.0,0.0,-1.0
1676469353.7787855,7096,1676469353,776862704,,0,-0.034392401576042175,-0.1481892317533493,-0.020558789372444153,0.0,0.0,0.0,0.0,-1.0
1676469353.8123415,7097,1676469353,809324704,,0,-0.01540314219892025,-0.1632843017578125,-0.008249497041106224,0.0,0.0,0.0,0.0,-1.0
1676469353.8458767,7098,1676469353,841800704,,0,0.0068085091188549995,-0.1781792789697647,-0.0005278316675685346,0.0,0.0,0.0,0.0,-1.0
1676469353.8770635,7099,1676469353,874273752,,0,-0.005239658057689667,-0.164436936378479,-0.0008644607733003795,0.0,0.0,0.0,0.0,-1.0
1676469353.9097695,7100,1676469353,906746752,,0,-0.01615910418331623,-0.14470535516738892,-0.004319859202951193,0.0,0.0,0.0,0.0,-1.0
1676469353.946853,7101,1676469353,944213752,,0,0.008718573488295078,-0.1424226015806198,0.004368176218122244,0.0,0.0,0.0,0.0,-1.0
1676469353.9767225,7102,1676469353,974190800,,0,0.018424436450004578,-0.13694517314434052,0.010084372013807297,0.0,0.0,0.0,0.0,-1.0
1676469354.0107508,7103,1676469354,9159800,,0,0.011148808524012566,-0.12175625562667847,0.007542184088379145,0.0,0.0,0.0,0.0,-1.0
1676469354.043603,7104,1676469354,41643800,,0,0.017638519406318665,-0.11771556735038757,0.006801550276577473,0.0,0.0,0.0,0.0,-1.0
1676469354.0771859,7105,1676469354,74105848,,0,0.026878485456109047,-0.11975403130054474,0.005808998364955187,0.0,0.0,0.0,0.0,-1.0
1676469354.1096356,7106,1676469354,106587848,,0,0.02687004953622818,-0.11761008203029633,0.004156719893217087,0.0,0.0,0.0,0.0,-1.0
1676469354.146834,7107,1676469354,144046848,,0,0.020797990262508392,-0.11597307026386261,-3.0596555006923154e-05,0.0,0.0,0.0,0.0,-1.0
1676469354.1785755,7108,1676469354,176523896,,0,0.019250810146331787,-0.12036482989788055,-0.0018507505301386118,0.0,0.0,0.0,0.0,-1.0
1676469354.2122009,7109,1676469354,208992896,,0,0.018338680267333984,-0.12718921899795532,-0.002396614756435156,0.0,0.0,0.0,0.0,-1.0
1676469354.2427619,7110,1676469354,241469896,,0,0.014788199216127396,-0.13242696225643158,-0.004216120578348637,0.0,0.0,0.0,0.0,-1.0
1676469354.278727,7111,1676469354,276437944,,0,0.009507992304861546,-0.1351529061794281,-0.0059874653816223145,0.0,0.0,0.0,0.0,-1.0
1676469354.3135366,7112,1676469354,308909944,,0,0.007500065490603447,-0.13769498467445374,-0.005927165038883686,0.0,0.0,0.0,0.0,-1.0
1676469354.345095,7113,1676469354,341382944,,0,0.0073876711539924145,-0.14043359458446503,-0.005411161575466394,0.0,0.0,0.0,0.0,-1.0
1676469354.378585,7114,1676469354,376355992,,0,0.006634476128965616,-0.14030686020851135,-0.004763362929224968,0.0,0.0,0.0,0.0,-1.0
1676469354.410623,7115,1676469354,408825992,,0,0.0068051074631512165,-0.13921745121479034,-0.0038164276629686356,0.0,0.0,0.0,0.0,-1.0
1676469354.4434302,7116,1676469354,441302992,,0,0.008790546096861362,-0.13846072554588318,-0.0022382268216460943,0.0,0.0,0.0,0.0,-1.0
1676469354.477459,7117,1676469354,473777296,,0,0.010307926684617996,-0.13600096106529236,-0.0007996723870746791,0.0,0.0,0.0,0.0,-1.0
1676469354.5098472,7118,1676469354,506245296,,0,0.011565751396119595,-0.13262102007865906,-0.00047899698256514966,0.0,0.0,0.0,0.0,-1.0
1676469354.5461645,7119,1676469354,543718296,,0,0.013764197938144207,-0.13098043203353882,0.0002763567608781159,0.0,0.0,0.0,0.0,-1.0
1676469354.5786989,7120,1676469354,576186600,,0,0.013576501049101353,-0.12895514070987701,0.0008109366754069924,0.0,0.0,0.0,0.0,-1.0
1676469354.612362,7121,1676469354,608659600,,0,0.014301195740699768,-0.12959173321723938,-2.2713747966918163e-05,0.0,0.0,0.0,0.0,-1.0
1676469354.6460214,7122,1676469354,643636600,,0,0.014071287587285042,-0.12993277609348297,-0.0005695684812963009,0.0,0.0,0.0,0.0,-1.0
1676469354.679264,7123,1676469354,676103904,,0,0.013665973208844662,-0.13178560137748718,-0.0015362799167633057,0.0,0.0,0.0,0.0,-1.0
1676469354.7109191,7124,1676469354,708576904,,0,0.012128050439059734,-0.13230416178703308,-0.0018007353646680713,0.0,0.0,0.0,0.0,-1.0
1676469354.7438657,7125,1676469354,741049904,,0,0.011207806877791882,-0.13366088271141052,-0.0022986873518675566,0.0,0.0,0.0,0.0,-1.0
1676469354.7787962,7126,1676469354,776024952,,0,0.011752531863749027,-0.1346963793039322,-0.002413072856143117,0.0,0.0,0.0,0.0,-1.0
1676469354.8101714,7127,1676469354,808495952,,0,0.010878413915634155,-0.1334632784128189,-0.002459378680214286,0.0,0.0,0.0,0.0,-1.0
1676469354.8434546,7128,1676469354,840965952,,0,0.012156987562775612,-0.13413658738136292,-0.002223937539383769,0.0,0.0,0.0,0.0,-1.0
1676469354.8771238,7129,1676469354,873443256,,0,0.01230651792138815,-0.13286377489566803,-0.0012811643537133932,0.0,0.0,0.0,0.0,-1.0
1676469354.9097927,7130,1676469354,905915256,,0,0.012710480950772762,-0.13160334527492523,-0.0013517506886273623,0.0,0.0,0.0,0.0,-1.0
1676469354.9464798,7131,1676469354,943385256,,0,0.012871078215539455,-0.13174207508563995,-0.0011645166669040918,0.0,0.0,0.0,0.0,-1.0
1676469354.978674,7132,1676469354,975862304,,0,0.013569537550210953,-0.1319984495639801,-0.0012055663391947746,0.0,0.0,0.0,0.0,-1.0
1676469355.0116599,7133,1676469355,8332304,,0,0.013798999600112438,-0.13289564847946167,-0.0013724446762353182,0.0,0.0,0.0,0.0,-1.0
1676469355.0460541,7134,1676469355,43303304,,0,0.012323416769504547,-0.13285405933856964,-0.001452963799238205,0.0,0.0,0.0,0.0,-1.0
1676469355.0786426,7135,1676469355,75777608,,0,0.012127513997256756,-0.1333257406949997,-0.0018861476564779878,0.0,0.0,0.0,0.0,-1.0
1676469355.1101034,7136,1676469355,108248608,,0,0.012343659065663815,-0.1335168182849884,-0.001656893640756607,0.0,0.0,0.0,0.0,-1.0
1676469355.144349,7137,1676469355,140724608,,0,0.012684270739555359,-0.13316015899181366,-0.0017677685245871544,0.0,0.0,0.0,0.0,-1.0
1676469355.1780665,7138,1676469355,173195912,,0,0.012187814339995384,-0.1321975141763687,-0.001523490878753364,0.0,0.0,0.0,0.0,-1.0
1676469355.2097912,7139,1676469355,208164912,,0,0.01248822920024395,-0.13259106874465942,-0.00155045953579247,0.0,0.0,0.0,0.0,-1.0
1676469355.2464852,7140,1676469355,243137912,,0,0.013203778304159641,-0.13290748000144958,-0.0014755913289263844,0.0,0.0,0.0,0.0,-1.0
1676469355.2785647,7141,1676469355,275612960,,0,0.012709660455584526,-0.1320648044347763,-0.0014215903356671333,0.0,0.0,0.0,0.0,-1.0
1676469355.311763,7142,1676469355,308083960,,0,0.012509766966104507,-0.13214950263500214,-0.0014742298517376184,0.0,0.0,0.0,0.0,-1.0
1676469355.3455818,7143,1676469355,343057960,,0,0.012635317631065845,-0.13273252546787262,-0.0016698746476322412,0.0,0.0,0.0,0.0,-1.0
