Time,header.seq,header.stamp.secs,header.stamp.nsecs,header.frame_id,twist.linear.x,twist.linear.y,twist.linear.z,twist.angular.x,twist.angular.y,twist.angular.z
1676469259.5769978,1188,1676469259,314529152,base_link,0.0006977953002897543,-0.002506005397632963,-0.00048363532873364057,-0.0029551261104643345,-0.0006118362653069199,-0.0005437282961793243
1676469259.5771177,1189,1676469259,344529152,base_link,0.0006423682540491419,-0.0026051281893749016,-0.0003604795941682201,0.001348245656117797,0.0006434906972572207,0.000121487391879782
1676469259.5771887,1190,1676469259,374527360,base_link,0.0006742119057132999,-0.0027327569322955518,-0.0005032892868780405,-0.0006808822508901358,-0.0003553704591467975,0.0011378555791452527
1676469259.5773134,1191,1676469259,414527360,base_link,0.00024243628346949758,-0.00265309967742946,-0.00023506716510561027,-0.0026594572700560093,0.0010833481792360544,6.805307930335389e-05
1676469259.5774214,1192,1676469259,444527360,base_link,1.1323025199032512e-05,-0.002746047366428779,-0.00014404062909322186,0.002105725696310401,-6.821111310273405e-05,0.0003665634721983224
1676469259.5775533,1193,1676469259,474525568,base_link,-0.00028051753192552325,-0.002754619845355997,-0.0002588536518342098,0.002018423518165946,0.0010755499824881554,-0.00011288444511592402
1676469259.5786414,1194,1676469259,514525568,base_link,-0.0002803956045966124,-0.0026337120118856386,-0.0005600136919450625,0.0005913630593568087,0.00038126588333398125,0.0016310480423271656
1676469259.579434,1195,1676469259,544525568,base_link,-0.00038924425510642835,-0.002355922424685948,-0.0006394830503300535,0.0007994875777512789,-0.0007926691323518754,-0.0005225298227742313
1676469259.591402,1196,1676469259,574524032,base_link,-0.0004428002138823037,-0.0019331713436210002,-0.0007003411146016518,0.0027557217981666327,0.0006156923482194543,0.00031681198743171984
1676469259.6187227,1197,1676469259,614524032,base_link,-0.000862371592109094,-0.0018339173045850523,-0.0007853272684360908,0.0013997310306876898,0.00015882414299994713,0.0003430887882132083
1676469259.6498418,1198,1676469259,644524032,base_link,-0.0009327206499570902,-0.0015981125403981696,-0.0005459914256926671,-0.003500254824757576,-9.290920570492736e-05,0.0006659756181761622
1676469259.6912196,1199,1676469259,673522496,base_link,-0.0010191096575446754,-0.0014996481217897624,-0.0007002710772619991,0.002531310310587287,0.0015222218353301287,0.0003734359343070535
1676469259.717872,1200,1676469259,714522496,base_link,-0.0008933611096457564,-0.0014779379611162562,-0.0007349004439979111,-2.8581824153661728e-05,-0.0007293694652616979,-0.0012299352092668414
1676469259.751868,1201,1676469259,744522496,base_link,-0.0009030078308759812,-0.0013889485288996483,-0.0008004264780473235,0.0011945588048547506,-6.175483576953425e-05,-0.0010656168451532722
1676469259.786271,1202,1676469259,773520960,base_link,-0.001081567387385964,-0.0013839301814417239,-0.0007911888940503356,-0.0007869440596550703,-0.002104351297020912,-0.0006499719456769524
1676469259.8163877,1203,1676469259,813520960,base_link,-0.0011435573674860033,-0.0014965064972915242,-0.0009392136098831046,0.0017193940002471209,0.0015032009687274694,-0.00040525337681174295
1676469259.8496325,1204,1676469259,843520960,base_link,-0.0008194729909483917,-0.0014622386382703411,-0.0008885074396348307,0.0027379945386201143,0.002161166165024042,-0.0007032076828181746
1676469259.8846867,1205,1676469259,873519424,base_link,-0.0005420446253879339,-0.001388141078357851,-0.0008995414137234996,0.0022158597130328417,-0.0010610901517793536,-0.00019818599685095237
1676469259.916507,1206,1676469259,913519424,base_link,-0.0003922269856183063,-0.0013648335250419398,-0.0010102964535693246,-0.0010706954635679722,-0.0005558799603022635,-0.00028288154862821097
1676469259.9502728,1207,1676469259,943519424,base_link,-0.0003117540443091596,-0.0014587761754446228,-0.00109965125431672,0.001359384274110198,0.0008350030984729526,-0.0014201615704223514
1676469259.983145,1208,1676469259,973517888,base_link,-0.0002123628379838955,-0.0015385371157747559,-0.0006671932365637268,-0.002056476194411516,-0.0012997048906981945,-2.1425512386485775e-05
1676469260.0164902,1209,1676469260,13517888,base_link,1.1018788382365632e-05,-0.0018890136001416713,-0.00034428310533443635,0.0020006701815873384,0.0016492530703544617,0.00013373667025007289
1676469260.0491583,1210,1676469260,43517888,base_link,-0.00019373370275243727,-0.0020592065870226046,-0.0007017999913673431,-0.0023288140073418617,-0.00011397874914109715,-0.0006516058929264545
1676469260.0858657,1211,1676469260,73516096,base_link,-3.4322911666589715e-05,-0.001976950457845729,-0.0009051915388909016,0.0013940057251602411,-4.456413444131621e-05,-0.0006760534597560763
1676469260.1180267,1212,1676469260,113516096,base_link,-0.00013827481957706534,-0.0020109834268820883,-0.0006775214466995481,0.0008624454494565725,-0.0003735559294000269,-0.0008439198136329651
1676469260.1510653,1213,1676469260,143516096,base_link,-1.796368952945437e-05,-0.0019978825740177156,-0.0005616234977068805,-0.00057957973331213,0.0011160795111209154,0.0003171537246089427
1676469260.1846597,1214,1676469260,173514816,base_link,-0.00028362492897501617,-0.002094523766875115,-0.0007322510545287799,0.004075857810676098,-0.0008445816347375511,0.000578398583456874
1676469260.2171469,1215,1676469260,213514816,base_link,-7.002654430777178e-05,-0.002069255928196473,-0.0007619275665022191,-0.0030296233016997576,-0.0011488177115097642,-0.00048433174379169925
1676469260.2500296,1216,1676469260,243514816,base_link,1.6250536167737214e-05,-0.00199797566342141,-0.0006437333308500887,0.002610043389722705,0.0015650636050850153,-0.0004512383311521264
1676469260.2839644,1217,1676469260,273513536,base_link,0.00011006719049501039,-0.001806093779132881,-0.0006347134304643844,0.0005864850245416164,-0.0012820347910746932,0.00032785584335215406
1676469260.3172388,1218,1676469260,313513536,base_link,0.00043956844319015666,-0.0016462848709323636,-0.000613716712166496,-0.0028944287914782763,-0.0018300923984497786,0.000446025427663699
1676469260.3500154,1219,1676469260,343513536,base_link,0.0004331825652043467,-0.0012458616903691165,-0.0005780968428522283,0.002139084739610553,0.0007182861445471644,-0.0002626794739626349
1676469260.3843932,1220,1676469260,373512256,base_link,0.0007771818251902544,-0.000926301384170274,-0.00040377392205965986,-0.0013724456075578928,-0.00010929745621979247,-0.0008905521826818585
1676469260.4170146,1221,1676469260,413512256,base_link,0.0011552569327036772,-0.0004967300085697263,-0.00013753061766244888,0.0005962299183011055,0.0009440884459763764,-0.0006905577611178161
1676469260.4498456,1222,1676469260,443512256,base_link,0.0010050911242889776,-0.00022299644211086432,9.998969509867723e-05,0.00016962410882115364,-0.0008798094349913301,-0.0013717688852921128
1676469260.4868028,1223,1676469260,473510976,base_link,0.0009829174692389615,-0.0003448434056922754,3.030756410120694e-05,-0.00280279153957963,-0.00040787219768390065,-0.00047260810970328743
1676469260.5162096,1224,1676469260,513510976,base_link,0.0010843331872638477,0.00021504779494673442,6.262806850884349e-05,0.0027560435701161623,6.572948768734921e-05,-0.0009072127286344767
1676469260.5499487,1225,1676469260,543510976,base_link,0.0011637683501508561,0.0003612064457204427,4.945350891315173e-05,0.0005052222404628992,0.00013384572230279448,0.00015101433382369575
1676469260.585391,1226,1676469260,573509696,base_link,0.0011935944317459962,0.00032916314723654364,-0.00010194673551207264,0.0013398609589785337,0.0016601679380983114,0.0007941093062981961
1676469260.6179962,1227,1676469260,613509696,base_link,0.0015635720368138513,0.000443207423983046,-2.0863587405266985e-05,8.939346298575401e-05,0.0016380797605961561,-0.00044044328387826703
1676469260.6510239,1228,1676469260,643509696,base_link,0.001564941514519772,0.0006193982222159524,-0.00015190537138714915,-0.001511183101683855,0.0005303408252075315,-0.0003895768895745278
1676469260.6838553,1229,1676469260,673508416,base_link,0.0015842984374236908,0.0006010120178344784,-9.599726688791512e-05,-0.00010772701352834702,-0.0007893004221841694,-0.0005860220990143715
1676469260.717035,1230,1676469260,713508416,base_link,0.001562486733929464,0.0006287481319360506,-4.1117658341734277e-05,-0.0018973747501149774,-0.0004726918414235116,-0.0008123141014948486
1676469260.7506404,1231,1676469260,743508416,base_link,0.0017397749902373092,0.0006257530981214512,-0.00020685115654459963,0.0014960609842091799,-0.0006862714653834703,-0.001581650460138917
1676469260.7833655,1232,1676469260,773506880,base_link,0.0017668432430038303,0.0006991012246667401,-1.968205112035936e-05,0.0020876468624919653,-0.00019471714040264504,-0.0013071679277345538
1676469260.8159888,1233,1676469260,813506880,base_link,0.0015975352786029339,0.0007481404745322317,0.0001884138393770523,-0.0020963605493307114,0.00016388134099543076,-0.0014393511228263378
1676469260.8489013,1234,1676469260,843506880,base_link,0.001693283250046526,0.000631706018414321,0.0005023489125853561,-0.0027727442793548107,-0.0007180055836215614,0.0008717100135982038
1676469260.8856297,1235,1676469260,883505600,base_link,0.0018223137035527045,0.000772018950211382,0.00029087348533837293,0.00044802017509937286,0.0015169621910899878,-3.7433143006637875e-05
1676469260.9163563,1236,1676469260,913505600,base_link,0.0021016631828173265,0.000852829797975162,5.4976997499496946e-05,0.0031752826180309057,0.001513324910774827,0.000664044404402375
1676469260.9502697,1237,1676469260,942505600,base_link,0.00211911360296774,0.0009540715108877204,-6.051848581826734e-05,-0.0008762958459556103,-0.0011686076177284122,0.00047522856038995103
1676469260.9837198,1238,1676469260,972504576,base_link,0.002249487400659193,0.0009141757854321149,-0.00023927443780219498,-0.0006322611588984728,0.00023148336913436649,-0.00017759508045855912
1676469261.0160248,1239,1676469261,12504576,base_link,0.002307529139697754,0.0013706543299694038,-0.00017075027191278217,0.0022941723000258207,0.0016374222468584776,0.0005466886796057222
1676469261.0487716,1240,1676469261,42504576,base_link,0.002534375420156588,0.0011418725414270288,-0.00023013758378260054,0.001997797517105937,0.0011360438074916601,0.00033014526707120223
1676469261.0859342,1241,1676469261,82503552,base_link,0.003057552539952997,0.0011137087129688,-0.0003315423289885289,0.0024850054178386927,-0.00015330442693084473,0.00047262708540074527
1676469261.1179929,1242,1676469261,112503552,base_link,0.003024246144309489,0.0006927631872884594,-0.0005164894849094442,0.002091461094096303,0.001062976894900203,0.0009927926585078237
1676469261.1510687,1243,1676469261,142503552,base_link,0.0031788314494195793,0.0007869159424997243,-0.0008209620611506607,0.0008735295850783587,-0.0010760240256786349,-0.0014327635290101168
1676469261.1842148,1244,1676469261,172502016,base_link,0.003029655790648164,0.000624727714099696,-0.0009454417621853828,0.0003000744618475437,-0.00017081020632758745,-0.0007700007408857346
1676469261.2177663,1245,1676469261,212502016,base_link,0.00321270240333111,0.0009578170425814221,-0.0010690919073957532,-0.0008643358014523983,-0.00014979986008256677,-0.00011579584679566322
1676469261.2499497,1246,1676469261,243502016,base_link,0.0030448473896772903,0.0010888936270829466,-0.0010606110795300513,0.002717355964705348,0.0004441540222615004,0.00047334391274489457
1676469261.282816,1247,1676469261,272500992,base_link,0.0033653680978204753,0.0007371653605347731,-0.0009756001163189779,-0.0003543458878993988,0.0009922378230839968,0.0005904153222218155
1676469261.3160744,1248,1676469261,312500992,base_link,0.0036003653875195506,0.0005665080137634698,-0.0011323611857783768,-2.362765371799469e-06,-0.00028796831611543894,-0.00022101156355347482
1676469261.3488953,1249,1676469261,342500992,base_link,0.003845270161983663,0.0006205422250650359,-0.0011709231114646161,-0.0004926922265440226,1.525401603430491e-05,-0.001519101788289845
1676469261.385144,1250,1676469261,372499968,base_link,0.003960929192608165,0.0007504392576812532,-0.0011350053913166181,-0.003516538068652153,-0.00035458098864182835,-0.00025756546529009933
1676469261.4169064,1251,1676469261,412499968,base_link,0.004068818469899075,0.0008353712654865916,-0.0011453574132678323,0.002174278488382697,0.0010279123671352863,-0.0001406254596076907
1676469261.4493613,1252,1676469261,442499968,base_link,0.004046988976043168,0.0005804806602754301,-0.0011034952175936876,0.0035323642659932375,0.0012161885388195517,0.0013179300585761664
1676469261.4859376,1253,1676469261,482498944,base_link,0.004122632290393464,0.00048189609204801444,-0.0012177349747484203,-0.00143797870259732,0.0006496531423181295,-0.0003327156882733107
1676469261.5161042,1254,1676469261,512498944,base_link,0.004025313600530543,0.00042933405994197474,-0.0012945989088864556,-0.000990504864603281,0.001649362966418266,-0.0009533186675980689
1676469261.549492,1255,1676469261,542498944,base_link,0.004258530482429159,0.0005110838631333871,-0.0014305229331853426,0.0038741722237318754,0.00016881560441106574,0.00127736059948802
1676469261.586268,1256,1676469261,582497920,base_link,0.004271436648675596,0.00042356196273962574,-0.001481703017090411,-0.0034413672983646393,0.001059818547219038,0.0006793675711378454
1676469261.6185656,1257,1676469261,612497920,base_link,0.004480518111778549,0.0001118463945831196,-0.001544110775400917,-0.0017418181523680687,0.0003315092762932181,-0.00043765676673501735
1676469261.6792636,1258,1676469261,672492544,base_link,0.0030880570337038426,-0.0002269629377425252,0.0033173399188933077,0.003660141257569194,0.000616857665590942,0.00044335352140478784
1676469261.708856,1259,1676469261,702492544,base_link,0.0018658914286900287,-0.0019412508623893286,-0.000861672612087291,-0.0005736956372857094,-0.040779445320367806,0.053611058741807945
1676469261.744828,1260,1676469261,732492544,base_link,0.0014111965204581137,-0.0033298501961933485,-0.0005535023900485968,0.036871228367090225,-0.028692569583654404,-0.0036539982538670267
1676469261.7777016,1261,1676469261,772491520,base_link,0.014353285526826137,-0.007044634389420157,-0.0030877191098600287,0.05769919976592064,-0.038115054368972785,-0.08245859295129776
1676469261.8115067,1262,1676469261,802491520,base_link,0.0617387526561227,-0.01069649981958046,-0.004006043291255624,0.06738298386335373,0.430714875459671,0.024402618408203073
1676469261.8423898,1263,1676469261,832491520,base_link,0.10940480879411812,-0.004466505176624887,-0.004908088998365059,0.06090158224105835,1.1832826137542725,0.022580141201615188
1676469261.8779237,1264,1676469261,872490496,base_link,0.1286678524903402,0.009080499349681746,-0.004736695534479989,-0.018322398886084557,1.314274787902832,0.12505662441253645
1676469261.9111557,1265,1676469261,902490496,base_link,0.10818914972970782,0.006589148263329284,0.0007372083454672013,-0.2310081422328949,1.1867949962615967,0.16072060167789445
1676469261.9440866,1266,1676469261,932490496,base_link,0.07234998041095173,-0.00151548683217562,0.0035485000310426285,-0.08431990444660187,0.6292932629585266,0.038161668926477356
1676469261.9790707,1267,1676469261,972489984,base_link,0.026716870099989354,-0.009856088126396385,0.00042697042635938073,0.15832862257957458,0.4579847753047943,-0.020144868642091807
1676469262.0096679,1268,1676469262,1489984,base_link,0.005505160067349468,-0.008144176752394653,-0.0008785331386718079,0.07474350184202194,0.046731464564800256,-0.03533048927783967
1676469262.0430048,1269,1676469262,32489984,base_link,-0.0013763213487557162,-0.0036618899483690207,-0.0022203737881956636,0.05717724189162254,-0.11961762607097626,-0.02515168488025664
1676469262.0766037,1270,1676469262,72488704,base_link,-0.00033958354227615385,-0.002857599919391977,0.0018900729705663994,0.02377711795270443,-0.12639200687408447,-0.06310031563043593
1676469262.1090837,1271,1676469262,101488704,base_link,0.007842878688059994,-0.006969033505887372,0.0018327543140766317,-0.03989752382040024,-0.047323480248451226,0.04783881455659867
1676469262.142216,1272,1676469262,131488704,base_link,0.016541806772951986,-0.007865862208366485,0.0017324271646728532,0.12477099150419235,0.053902897983789444,-0.0059132385067641804
1676469262.1791096,1273,1676469262,171487680,base_link,0.03269464658386049,-0.016292361399270008,0.003989106892804224,-0.08885378390550613,0.08992962539196014,-0.0007225042209029308
1676469262.2109556,1274,1676469262,201487680,base_link,0.05553747047487431,-0.08818926454342857,0.06814056440498502,1.049487829208374,0.6062458157539368,0.12725937366485587
1676469262.2424889,1275,1676469262,231487680,base_link,0.02351165477429582,-0.08533904345265508,0.40557826501515754,0.40282365679740906,-0.47342705726623535,-0.07312251627445215
1676469262.2796202,1276,1676469262,271486656,base_link,0.030639835614397343,-0.09953376215767824,1.0775478714785816,-0.07141152769327164,-0.6150190830230713,0.10200933367013938
1676469262.3109057,1277,1676469262,301486656,base_link,0.055708838227083016,-0.16140203841719475,1.5456694892794915,-0.2607322037220001,-0.34948232769966125,0.013401329517364545
1676469262.344117,1278,1676469262,341486656,base_link,0.05860421354000268,-0.21698349275250314,1.80822557592811,-0.34799984097480774,0.022570429369807257,0.11616116762161255
1676469262.3779376,1279,1676469262,371485376,base_link,0.04716525397854324,-0.244625480667732,1.7506497661433968,-0.6081264615058899,0.23432162404060364,0.07186952233314511
1676469262.4122438,1280,1676469262,401485376,base_link,0.015446186150047357,-0.29043472355430133,1.5530605916176785,-0.7083815932273865,0.3320765197277069,0.12983269989490506
1676469262.4418912,1281,1676469262,431485376,base_link,-0.01055167961233093,-0.32125059024931857,1.3192494901990783,-0.6372202038764954,0.2585359811782837,0.11183995753526685
1676469262.4784935,1282,1676469262,471484352,base_link,-0.02495857991875482,-0.3260030236444483,1.0119086795220678,-0.47160547971725464,0.19362665712833405,0.015031764283776259
1676469262.5115478,1283,1676469262,501484352,base_link,-0.03621560656039408,-0.32973303902496637,0.8090035438798836,-0.36950916051864624,0.08530388772487642,0.07029262930154799
1676469262.5447712,1284,1676469262,541484352,base_link,-0.04186236754361694,-0.32130388173133456,0.6233665360739451,-0.46985432505607605,0.0884668231010437,0.04669880867004393
1676469262.5811803,1285,1676469262,571483328,base_link,-0.03833226050897357,-0.3013577555929423,0.5620791658701552,-0.45589959621429443,0.18572527170181274,-0.00645599374547603
1676469262.610467,1286,1676469262,601483328,base_link,-0.0456104820428169,-0.30289224906189804,0.5627534806968494,-0.40177008509635925,0.06862743943929672,-0.011424575001001367
1676469262.6430454,1287,1676469262,631483328,base_link,-0.04165549218673746,-0.28712488776037065,0.6092277228761903,-0.22405941784381866,0.06630583107471466,-0.006658981554210194
1676469262.676939,1288,1676469262,671482304,base_link,-0.03472561039256064,-0.26738431902651427,0.6971878438197193,-0.19916388392448425,0.03958244249224663,0.013309790752828116
1676469262.7093506,1289,1676469262,701482304,base_link,-0.0329872862618894,-0.2521219282941942,0.7502587470933274,-0.11020249128341675,0.10491837561130524,-0.004208331461995853
1676469262.7419968,1290,1676469262,731482304,base_link,-0.032050997316116284,-0.22709825044979806,0.7669862470543277,0.0578378289937973,0.08177150785923004,0.011194775812327851
1676469262.779359,1291,1676469262,771481280,base_link,-0.020387586820130973,-0.18989706012436328,0.735332891821755,0.07544494420289993,0.04095773398876191,0.03632914647459983
1676469262.8115408,1292,1676469262,801481280,base_link,-0.02616058720324456,-0.1693441426730218,0.6823131809078926,0.10593557357788086,0.020594062283635146,0.06441391259431839
1676469262.8445296,1293,1676469262,841481280,base_link,-0.023850356942301792,-0.13257843501242517,0.5989396930308015,0.2159235179424286,-0.02216029725968837,0.05525766313076019
1676469262.8767285,1294,1676469262,871480256,base_link,-0.003926577917987054,-0.10407987016460797,0.541595898365991,0.2314773052930832,0.009795059449970722,-0.001849206862971188
1676469262.9109297,1295,1676469262,901480256,base_link,-0.011524754629456319,-0.07948000474682065,0.49185003392689364,0.26159852743148804,0.02979100309312343,-0.060029558837413795
1676469262.9450552,1296,1676469262,941480256,base_link,-0.003558078859604542,-0.05077585095987836,0.4509253390171474,0.21419864892959595,-0.054782729595899575,0.03053423389792443
1676469262.9769208,1297,1676469262,971479232,base_link,0.005569881562718102,-0.034124682679948365,0.43755266606994325,0.21425658464431763,-0.0762435644865036,0.03696205466985703
1676469263.0108159,1298,1676469263,1479232,base_link,0.010973803556790241,-0.02112165902453108,0.4419607168153074,0.2600512206554413,-0.03568011149764062,-0.045548234134912484
1676469263.0429375,1299,1676469263,31479232,base_link,0.016502195521084558,-0.008991049666920882,0.45136241158507506,0.2593526542186737,-0.04903745278716088,-0.08117222040891647
1676469263.0773706,1300,1676469263,70478208,base_link,0.013963552968622178,0.0015974886094075062,0.45665025686101574,0.14007392525672913,-0.09411491453647614,0.053428813815116896
1676469263.1103811,1301,1676469263,101478208,base_link,0.018570671449419724,0.015837808077601722,0.45083644379257454,0.24791568517684937,-0.05628530681133271,-0.04667010158300399
1676469263.143055,1302,1676469263,130478208,base_link,0.0249824783148799,0.026197994065401336,0.4367174556688511,0.1627236157655716,-0.029712218791246414,0.012732550501823429
1676469263.1769366,1303,1676469263,166477184,base_link,0.02568527816179566,0.022874167480248217,0.4176742446230721,0.16662739217281342,-0.05278707668185234,-0.006364309228956693
1676469263.2132752,1304,1676469263,206477184,base_link,0.03467669580208743,0.0382263822751909,0.38608111950380924,0.22322800755500793,-0.07741331309080124,-0.02509745955467223
1676469263.242336,1305,1676469263,235477184,base_link,0.033688125666541634,0.03682493180794046,0.36440207438352357,0.1006104052066803,-0.07558061927556992,0.0076253330335021114
1676469263.277386,1306,1676469263,265476160,base_link,0.026255507879705955,0.03752441118675886,0.34433995322507144,0.14734327793121338,-0.10522472858428955,-0.03314990177750586
1676469263.3095124,1307,1676469263,305476160,base_link,0.03475688869782283,0.03289258359433078,0.32537350029770384,0.07863599061965942,-0.09290287643671036,-0.02008141577243804
1676469263.3427153,1308,1676469263,335476160,base_link,0.030249372292883048,0.027996540729135547,0.31508112513631503,0.14316530525684357,-0.012656240724027162,-0.04358929023146629
1676469263.3764377,1309,1676469263,365475136,base_link,0.026305280567248127,0.026965683272674096,0.30612377355735787,0.0010538569185882807,-0.06024143099784851,0.008363744243979461
1676469263.411709,1310,1676469263,405475136,base_link,0.03273507113292215,0.03152947371871642,0.28992832897749127,-0.03953611105680466,-0.029203098267316815,0.018688742071390155
1676469263.4423234,1311,1676469263,435475136,base_link,0.02828115993648812,0.02254384851881648,0.2796791202885302,0.0108174504712224,0.00017840089276433305,0.02576451189815998
1676469263.4782217,1312,1676469263,475474112,base_link,0.01957463453001381,0.026920120255444827,0.2666216282074794,-0.007061021402478218,-0.03767018020153046,0.009520376101136213
1676469263.511081,1313,1676469263,505474112,base_link,0.01892993063505631,0.020947909627300917,0.26053094998821535,0.04527655243873596,-0.002559227170422672,0.012235299684107304
1676469263.5452678,1314,1676469263,535474112,base_link,0.01651070452068886,0.012162388877172279,0.255966555427654,0.060367513447999954,-0.02096258848905563,0.03697928786277771
1676469263.5804582,1315,1676469263,565472832,base_link,0.013080084088577743,0.005154853697672637,0.24837379177001606,-0.004797753877937794,-0.03899113833904266,0.07516062259674072
1676469263.6107085,1316,1676469263,605472832,base_link,0.009375486119254095,-0.0019777888304264818,0.23516318643586773,-0.07180842012166977,-0.007374814711511129,0.04674531891942024
1676469263.6431983,1317,1676469263,635472832,base_link,0.007881005167265987,-0.010825453648857598,0.2251783615157763,-0.06607072800397873,0.0244423970580101,-0.001292147091589871
1676469263.67603,1318,1676469263,665471808,base_link,0.003772345900205644,-0.020404202395978663,0.21637041102827473,-0.0005534961819648743,0.05455249920487404,-0.004252992570400245
1676469263.7088418,1319,1676469263,705471808,base_link,0.0018387456033438277,-0.009850311167292557,0.20110720391057546,-0.052092812955379486,0.03307057917118072,-0.06455262005329132
1676469263.7419863,1320,1676469263,735471808,base_link,0.0032784400168058988,-0.01473958797554398,0.18719219998597758,-0.17986604571342468,0.031745929270982756,0.08726583421230316
1676469263.7782943,1321,1676469263,775470784,base_link,-0.011326206512322667,-0.02625003246908203,0.17341533012731206,-0.04959365352988243,0.011128569953143598,0.013070054352283476
1676469263.8091848,1322,1676469263,805470784,base_link,-0.011000101819351581,-0.02456285520902372,0.16775688403625044,-0.09951535612344742,0.03149738162755966,0.017520703375339505
1676469263.842315,1323,1676469263,835470784,base_link,-0.007390005522754495,-0.02540955463159731,0.16608451309021618,-0.1446947306394577,0.08722730726003647,-0.006891877390444289
1676469263.8801353,1324,1676469263,875469760,base_link,-0.008562743466067124,-0.03206651386593093,0.16407141548490822,-0.10564696043729782,0.0821380838751793,0.057609423995018
1676469263.909515,1325,1676469263,905469760,base_link,-0.00982943436410161,-0.02908962535807936,0.1578304136868749,-0.03541485220193863,0.06139354407787322,-0.06569454073905946
1676469263.9428804,1326,1676469263,935469760,base_link,-0.007915823225835008,-0.026846494887849882,0.1499485535579833,-0.07922361046075821,0.0005972990766167695,0.04402097314596176
1676469263.9779587,1327,1676469263,965468736,base_link,-0.0062909154161657375,-0.027930731441109545,0.14068024479121213,-0.05048854276537895,0.028892423957586285,-0.031068971380591396
1676469264.0112422,1328,1676469264,5468736,base_link,-0.013102549074557662,-0.01921660234133846,0.12401690113188941,-0.015563203021883965,0.01648579351603985,0.0053125889971852285
1676469264.045054,1329,1676469264,35468736,base_link,-0.011356158974679438,-0.017041534741729782,0.11472844137272875,-0.14222709834575653,0.009112709201872354,0.03595373034477234
1676469264.0774436,1330,1676469264,65467968,base_link,-0.009873342340154648,-0.020776685740099086,0.10994392052400724,-0.04710358381271362,-0.00974619202315807,0.02985929697751999
1676469264.1107695,1331,1676469264,105467968,base_link,-0.007852435266798472,-0.018708003178040843,0.10329277286576773,-0.01799282617866993,-0.0072063636034727045,0.0428500697016716
1676469264.144588,1332,1676469264,135467968,base_link,-0.00775651614473985,-0.01773348053464336,0.1011401584620652,-0.09487520903348923,0.006472868844866752,-0.00938512571156025
1676469264.177868,1333,1676469264,165466944,base_link,-0.009102666529251924,-0.01876061969685498,0.09823613182320728,-0.07517190277576447,0.00296215550042689,0.014249147847294807
1676469264.211963,1334,1676469264,205466944,base_link,-0.0006028174895155259,-0.009009348254823761,0.08998079651794323,-0.01251242309808731,0.03850161656737327,-0.05413669720292092
1676469264.242116,1335,1676469264,234466944,base_link,0.0017406643669210806,-0.010997420338271367,0.08387946945008964,-0.00857585109770298,0.02202127501368523,0.03189186006784439
1676469264.2782767,1336,1676469264,275465920,base_link,-0.002227164437502479,0.0064790989744111845,0.07251841715453629,0.03756173327565193,0.014830855652689936,0.016645817086100575
1676469264.3110285,1337,1676469264,304465920,base_link,0.001678412338616025,0.010880429877648482,0.0644365807384892,0.06660999357700348,-0.022186584770679474,-0.0015163618372753234
1676469264.343574,1338,1676469264,335465920,base_link,0.004394222513766912,0.00778766011081191,0.05614190989367253,0.10961142927408218,-0.04281728342175484,0.016617484390735633
1676469264.3763855,1339,1676469264,364464896,base_link,0.0022058851437944233,0.0071608891038370025,0.047857164790098196,0.11967374384403229,-0.030924139544367804,-0.11078749597072601
1676469264.4099817,1340,1676469264,404464896,base_link,0.004423704691371509,0.010089350135582426,0.03909952272501732,-0.02462894283235073,-0.004873762372881169,0.0439990870654583
1676469264.4429488,1341,1676469264,434464896,base_link,0.0058985053911645114,0.009421761875424928,0.039629525224009435,-0.04890332370996475,-0.011543686501681803,0.014426059089601042
1676469264.4779572,1342,1676469264,474463872,base_link,0.0071412966015506904,0.021268488766156033,0.04437732822893911,0.037911832332611084,-0.005346120335161687,-0.00859811156988144
1676469264.509014,1343,1676469264,504463872,base_link,0.009632414481785706,0.02466754584176545,0.04469466077690357,-0.10233921557664871,-0.06254874914884566,0.0575338788330555
1676469264.5420587,1344,1676469264,534463872,base_link,0.010520506165167037,0.0220131895584543,0.04236863368672037,0.01031602080911398,-0.06363571435213088,0.09095520526170732
1676469264.5783732,1345,1676469264,574462336,base_link,0.0058628188526282715,0.028636732664273152,0.031781666053148444,0.07135151326656342,-0.04312757775187493,-0.054352141916751855
1676469264.6110332,1346,1676469264,604462336,base_link,0.007243950555110105,0.025643481874831002,0.026802199525453534,0.04400458186864853,-0.02250680327415466,0.0225007850676775
1676469264.6448758,1347,1676469264,634462336,base_link,0.0025410808786857104,0.022332201863266163,0.020737607398721835,-0.03917058929800987,-0.04233602806925772,0.10032165050506592
1676469264.677652,1348,1676469264,674460800,base_link,0.008056219720750584,0.029184802100863903,0.012559141811685283,-0.06955350190401077,-0.017143180593848225,0.039929408580064774
1676469264.711315,1349,1676469264,704460800,base_link,0.00582945459759122,0.0278751732348059,0.010246938017241252,-0.007718445733189583,0.014482149854302405,-0.0151849202811718
1676469264.7439866,1350,1676469264,734460800,base_link,0.0022005762582097666,0.03466594914905447,0.00903074595798373,0.06968037784099579,-0.023331196978688247,-0.07022485136985779
1676469264.7776816,1351,1676469264,774459520,base_link,-0.003683708539367762,0.031613655694219166,0.008531332700248685,0.09483731538057327,-0.01759773120284082,-0.10193940252065659
1676469264.8114867,1352,1676469264,804459520,base_link,-0.006331437383433925,0.03548101159357566,0.004463293455866981,0.05331594869494438,0.019683364778757102,0.049099136143922806
1676469264.8451374,1353,1676469264,834459520,base_link,-0.0022368035490300765,0.033270504948551945,0.0008424260108483448,0.05764233320951462,0.05650762841105461,0.013660733588039868
1676469264.8793797,1354,1676469264,874458240,base_link,-0.005089150031811382,0.03330017667595658,-0.004109382265382066,-0.06841591000556946,0.031792633235454566,0.06615208089351654
1676469264.910124,1355,1676469264,904458240,base_link,-0.0033393083748037154,0.030785358660865292,-0.00903822871880286,-0.006578808184713125,0.008667265996336944,0.062102627009153366
1676469264.9432125,1356,1676469264,934458240,base_link,-0.007119191630189565,0.02690483771326124,-0.011709150679629767,-0.01482459343969822,-0.007766249589622022,-0.0065148225985467425
1676469264.9775963,1357,1676469264,964456704,base_link,-0.009199685493042387,0.030987919440527718,-0.012989697033621227,-0.044489290565252304,0.020291280001401905,0.0365896038711071
1676469265.0088909,1358,1676469265,4456704,base_link,-0.00763489520410347,0.02369711252340476,-0.01859942483866785,0.09316223859786987,0.021196059882640828,-0.0766833946108818
1676469265.042009,1359,1676469265,34456704,base_link,-0.009073421142595826,0.02559582368967894,-0.02359083625049015,0.03799258545041084,0.03437096625566482,-0.0381574034690857
1676469265.0792515,1360,1676469265,74455424,base_link,-0.012439724412484058,0.016788711601922218,-0.024490352398031594,-0.034871019423007965,0.058625563979148865,0.001324385986663394
1676469265.1111207,1361,1676469265,104455424,base_link,-0.013916897969721629,0.01696021982023782,-0.02604186891575316,-0.025748511776328087,0.031805917620658875,0.002073453040793534
1676469265.1429908,1362,1676469265,134455424,base_link,-0.009392533929607044,0.018940094149500885,-0.02904302309615495,0.04015757888555527,0.016162909567356106,-0.019407110288739208
1676469265.176405,1363,1676469265,164454400,base_link,-0.0056596207705296685,0.014277049500908901,-0.029159003491479298,0.01897295005619526,0.025005584582686424,-0.013806570321321491
1676469265.2091656,1364,1676469265,204454400,base_link,-0.004713402619830157,0.010384277218200698,-0.024877955491505132,-0.030338220298290253,-0.007264574058353896,0.04444490000605583
1676469265.2418346,1365,1676469265,234454400,base_link,-0.002243883220286491,0.008795787563370221,-0.024488981810690175,-0.0613694041967392,-0.03440181910991668,0.034641474485397346
1676469265.2804332,1366,1676469265,274453376,base_link,-0.002127338658821611,0.005476600320774569,-0.03306203229252367,0.01887991651892662,-0.010862587951123713,0.018894260749220848
1676469265.3114946,1367,1676469265,304453376,base_link,-0.0013323779391511729,0.00637838635047401,-0.03970522916924956,0.00040366221219301224,0.007090513594448568,0.011073436588048933
1676469265.3426592,1368,1676469265,334453376,base_link,-0.0004287993006093876,0.0035303076199071997,-0.043546744395589275,-0.0978170856833458,-0.03719253465533256,0.034470092505216605
1676469265.3789263,1369,1676469265,374452352,base_link,-0.004296749821015797,-0.012339406491250905,-0.043451294353500064,-0.014920192770659924,-0.03137858211994171,-0.022988582029938694
1676469265.411422,1370,1676469265,403452352,base_link,-0.002684156829966733,-0.011449326260151748,-0.04740758370795041,-0.027422159910202026,-0.0217065904289484,0.031259164214134216
1676469265.444988,1371,1676469265,434452352,base_link,-0.0002644287458538638,-0.00964312653493613,-0.045818664460440355,-0.09155912697315216,0.026875087991356853,0.021869217976927754
1676469265.4780927,1372,1676469265,474451072,base_link,-0.0008320020435147347,-0.026718471703411774,-0.038312591574942996,-0.1413840502500534,-0.001795846968889238,-0.012827929109334946
1676469265.509097,1373,1676469265,503451072,base_link,-0.0035700394421076588,-0.029623601153594595,-0.037129937707272166,0.005429049953818321,-0.02687578648328781,0.006479597650468353
1676469265.5427067,1374,1676469265,534451072,base_link,-0.0035108404754382893,-0.023084454920334466,-0.04183473411245395,-0.2384146898984909,-0.004569120239466424,0.034401390701532364
1676469265.5807357,1375,1676469265,573449536,base_link,0.0034203582200297207,-0.01858354848694013,-0.04544458753842905,-0.1831711381673813,-0.004619908519089214,0.06108586862683296
1676469265.6109338,1376,1676469265,603449536,base_link,-0.0008219341309401389,-0.017480042673714544,-0.04609412639442088,-0.058928173035383224,0.0260024182498455,-0.02046408131718636
1676469265.6441698,1377,1676469265,633449536,base_link,-0.001615340332618347,-0.011321392555243451,-0.045091616366802464,0.0068474020808935165,0.014911431819200509,-0.05066904053092003
1676469265.6774187,1378,1676469265,673448256,base_link,-0.002969171354932991,-0.015968471545311162,-0.04426745765780377,-0.08599913865327835,-0.04460523650050163,0.023991709575057037
1676469265.7110445,1379,1676469265,703448256,base_link,-0.005457678356550094,-0.010696657723017412,-0.04189625712986248,0.0041126832365989685,-0.011364510282874114,-0.05910884216427803
1676469265.7428937,1380,1676469265,733448256,base_link,-0.003903870801328405,-0.0014033090669602437,-0.041560951463459936,0.020352233201265335,0.033518828451633446,-0.04295270889997483
1676469265.7774763,1381,1676469265,773447232,base_link,-0.008651144588681794,-0.0032633128142665743,-0.03955342793900097,-0.026144765317440033,0.05314221605658531,-0.02472826652228833
1676469265.8094766,1382,1676469265,803447232,base_link,-0.008874920022690387,0.0040383060688051675,-0.03875677078782605,-0.014626996591687202,-0.008695812895894052,-0.02048199437558651
1676469265.8425817,1383,1676469265,833447232,base_link,-0.0048934313224450465,0.004500236144530958,-0.034189415915007515,-0.03287796676158905,0.06374083459377289,0.01534434407949447
1676469265.8775597,1384,1676469265,873446208,base_link,-0.005839081199445355,0.01333465963607174,-0.02658085836859947,0.04605230689048767,0.06268903613090514,-0.08422284573316575
1676469265.91157,1385,1676469265,903446208,base_link,-0.004676675552977877,0.01281388798585924,-0.022170023846177316,0.05266587436199188,-0.010447658598423002,0.014224525541067125
1676469265.9419916,1386,1676469265,933446208,base_link,-0.006077614057909713,0.01962570844962103,-0.019371374250049672,0.041212450712919235,0.029276004061102867,0.011470278725028035
1676469265.9779994,1387,1676469265,973445440,base_link,-0.003582600200706902,0.024335779091715738,-0.021761421475151102,-0.005899186246097088,-0.0016611423343419957,0.05856754630804062
1676469266.011353,1388,1676469266,3445440,base_link,-0.007040251281342499,0.03319903088845067,-0.026694129001842825,0.051644157618284225,-0.032875824719667435,0.014744687825441364
1676469266.0449078,1389,1676469266,33445440,base_link,-0.0032636875212459938,0.03217934729692615,-0.029792543459902603,0.12122330069541931,0.007096296176314351,-0.018679063767194748
1676469266.0773914,1390,1676469266,73444672,base_link,0.0042485901801993155,0.03830872984852383,-0.03431823257459768,0.13083165884017944,-0.006139462813735009,-0.01010192185640335
1676469266.1106508,1391,1676469266,103444672,base_link,0.0017238215427532997,0.037697567516022296,-0.04009366198161943,0.07424460351467133,-0.008786128833889954,0.05948920175433159
1676469266.1437747,1392,1676469266,133444672,base_link,0.0005307959255222716,0.04436809922301814,-0.042772148653714114,0.11063502728939056,-0.014201007783412932,0.019449869170784954
1676469266.177142,1393,1676469266,173443648,base_link,-0.0022097731929392795,0.03351794425739458,-0.0384647978800301,0.17011070251464844,-0.025236044079065323,0.010547046549618248
1676469266.2091734,1394,1676469266,203443648,base_link,-0.002341999469901183,0.03671341380707592,-0.0364271958510076,0.09280966222286224,-0.0570598542690277,0.03721224889159203
1676469266.2428303,1395,1676469266,233443648,base_link,0.0018029904348464078,0.03553407516124073,-0.03228631032465071,0.06651163846254349,0.02791604399681091,-0.01427786517888308
1676469266.2752087,1396,1676469266,263442880,base_link,0.0019087852313642995,0.02613884248389012,-0.027177600483592183,0.11982876062393188,0.03338312357664108,0.0015059346333146054
1676469266.3087502,1397,1676469266,303442880,base_link,0.0048037196956087205,0.036801044591798414,-0.026186289935909716,-0.03552111238241196,-0.028550744056701653,0.04454297199845315
1676469266.3423018,1398,1676469266,333442880,base_link,0.00216304901735628,0.031238706680281475,-0.029144026181711608,0.023434486240148544,-0.05568242073059082,0.012783682905137546
1676469266.3792822,1399,1676469266,373441344,base_link,0.001811913653119736,0.021449091016660527,-0.040023414477910364,0.033319246023893356,-0.0416412577033043,-0.05351023748517036
1676469266.4112284,1400,1676469266,403441344,base_link,-0.00033500934436576934,0.016033864798310416,-0.041821819137158295,0.057103998959064484,0.03577684611082077,0.015906076878309246
1676469266.4447613,1401,1676469266,433441344,base_link,-0.0010459855459694907,0.020230741545422263,-0.042426595670757294,-0.08386434614658356,-0.03172430396080016,0.0862683579325676
1676469266.477533,1402,1676469266,473440320,base_link,-0.0015982656337805781,0.01811611107901294,-0.04079458925231121,-0.10987845063209534,-0.033153381198644624,0.10104556381702423
1676469266.5090356,1403,1676469266,503440320,base_link,-0.0029495581865077894,0.0185823596399435,-0.03928543057741591,-0.0019515481544658542,-0.0058050537481904065,-0.031544625759124756
1676469266.5441742,1404,1676469266,533440320,base_link,-0.00037863332945593586,0.017930617823239545,-0.035772638982397194,-0.03506278619170189,0.0050426702946424476,-0.005685416515916587
1676469266.5792618,1405,1676469266,572439552,base_link,-0.004465261709945697,0.0019624627293445707,-0.029326973325733623,0.0500761978328228,0.014590500853955739,-0.06022276729345322
1676469266.6110756,1406,1676469266,603439552,base_link,-0.0009862209702990441,0.0034351312601507275,-0.03017531397157682,-0.03548911213874817,-0.03412257507443427,0.07525038719177246
1676469266.6441238,1407,1676469266,633439552,base_link,0.0026994885390446417,-0.001448124586027347,-0.031059442915990453,-0.11168444901704788,0.02125588059425354,-0.003890248248353603
1676469266.6795983,1408,1676469266,673438528,base_link,0.001670588547059202,0.010016593642578583,-0.031879556497738104,-0.03624466434121132,0.04872189089655876,0.023564949631690972
1676469266.7115877,1409,1676469266,702438528,base_link,0.0009513054776051886,0.002645701968486717,-0.02977767532248987,-0.05224050208926201,-0.04355663433670998,-0.04858804121613502
1676469266.7444832,1410,1676469266,732438528,base_link,-0.0022926969106416236,0.000589904164239289,-0.0288233141000585,0.02565930038690567,-0.004838748835027211,0.056929029524326324
1676469266.779627,1411,1676469266,772437760,base_link,6.559157949381138e-05,-0.011882426667496112,-0.025687224326850933,-0.06498907506465912,0.0054665864445269125,0.012396849691867828
1676469266.8112125,1412,1676469266,802437760,base_link,-0.004254004476545103,-0.011154754425398379,-0.026262353498216037,0.010942901484668255,0.034469831734895706,-0.0026304924394935413
1676469266.844319,1413,1676469266,833437760,base_link,-0.00021953673935462767,-0.0070386295608556556,-0.030228365583884,-0.05751606076955795,0.03506458178162574,-0.03692999109625817
1676469266.8769462,1414,1676469266,872436992,base_link,0.0011398195681369507,-0.00211533933586924,-0.029635583018974985,-0.03646165132522583,0.06683937460184097,0.004733115434646599
1676469266.9103281,1415,1676469266,902436992,base_link,0.003906586526479099,-0.004638757233479935,-0.030630829037440854,-0.06647753715515137,0.02983834594488144,0.012026076205074784
1676469266.943535,1416,1676469266,932436992,base_link,0.0015717401085334672,-0.012449445915521223,-0.028778554050298888,-0.031548626720905304,-0.022117862477898598,-0.006838004104793069
1676469266.9760058,1417,1676469266,972436224,base_link,0.0014444252594319497,-0.006589936931699625,-0.028885967264962824,-0.03571100905537605,-0.020208511501550674,-0.002862647175788877
1676469267.0088305,1418,1676469267,2436224,base_link,-0.0007204706412287915,-0.007818042777379281,-0.026008475444262016,-0.0138024240732193,-0.002674363786354671,-0.08093024045228958
1676469267.0418692,1419,1676469267,32436224,base_link,-0.0018597672278104418,-0.0032091633219425604,-0.02516496312424423,0.034210205078125,0.03475472703576087,-0.040732521563768394
1676469267.0790741,1420,1676469267,72435200,base_link,-0.002406080009829581,-0.009620111656660473,-0.023352290972557803,-0.049992721527814865,0.021768804639577866,0.006164548918604848
1676469267.1113079,1421,1676469267,102435200,base_link,-0.0004398998114658233,-0.00016666923848271365,-0.02367861423102618,-0.08714280277490616,0.02527688257396221,-0.004686087835580114
1676469267.1421988,1422,1676469267,132435200,base_link,0.002899492644161465,-0.001366984253082068,-0.019480092956545472,0.002779574366286397,0.010870809666812418,-0.02108239382505417
1676469267.177892,1423,1676469267,172434688,base_link,0.000571765813875078,-0.0028119115937520005,-0.01771200653281149,0.009401625953614712,0.01766378618776799,0.04483283683657646
1676469267.2121644,1424,1676469267,202434688,base_link,0.00013660457643063304,-0.0030375179645117526,-0.01172071280091218,0.03909667953848839,0.02775683626532554,-0.06661836057901382
1676469267.2439363,1425,1676469267,232434688,base_link,-0.00042358703833520096,0.005977300267947836,-0.008722373637660227,0.04996880888938904,0.007436339743435385,0.013075103051960467
1676469267.2771854,1426,1676469267,272433920,base_link,-0.002260026823159022,-0.005456495781642087,-0.009198821355189886,-0.023236967623233795,0.001293030334636567,-0.015477335080504417
1676469267.3116448,1427,1676469267,302433920,base_link,0.00038398677729224083,0.00275525198852543,-0.013430758075112657,-0.0023005250841379166,-0.014886944554746146,0.03900779038667679
1676469267.3443668,1428,1676469267,332433920,base_link,0.002784224445784806,0.003367436151599212,-0.015164486558975034,0.02302180789411068,0.064069002866745,-0.05513207986950875
1676469267.3753076,1429,1676469267,372433152,base_link,0.009067044461483762,0.005916290103046318,-0.019766214843990295,0.01995975151658058,-0.007006102241575721,-0.028233684599399567
1676469267.4120207,1430,1676469267,402433152,base_link,0.006631648959070899,0.005536734751966922,-0.017672402839592583,0.04124877229332924,-0.009819292463362215,0.009394382126629354
1676469267.4438658,1431,1676469267,432433152,base_link,0.004230917458990432,0.014941364787697288,-0.01481605884658771,-0.04365764185786247,-0.07360027730464934,0.06676416099071504
1676469267.4779882,1432,1676469267,472432128,base_link,0.009080905214285853,0.015162633951941956,-0.011982761555035847,-0.010309052653610706,-0.06307850033044815,-0.027550932019948952
1676469267.511315,1433,1676469267,502432128,base_link,0.01146988239225329,0.01967862791554487,-0.011996957679743967,-0.0013069931883364916,-0.01982919313013553,0.04578010365366936
1676469267.5446005,1434,1676469267,532432128,base_link,0.01265764022801761,0.015542142423569884,-0.010859599828586109,0.027297548949718475,-0.03605138510465622,-0.018660914152860638
1676469267.5799327,1435,1676469267,572431360,base_link,0.008740207937865405,0.025975818251508926,-0.011595009050763735,0.018709834665060043,-0.0004294558893889188,0.00046281830873340374
1676469267.6100585,1436,1676469267,602431360,base_link,0.006392165460550283,0.018738494901295897,-0.009629578068794904,-0.0509565994143486,-0.05413293838500975,0.0977192372083664
1676469267.6433458,1437,1676469267,632431360,base_link,0.004776135457206763,0.02121695759187047,-0.010369631372266373,0.03969816118478775,-0.034020524471998215,-0.016558568924665448
1676469267.676056,1438,1676469267,672431360,base_link,0.004995070729987632,0.016032394991081684,-0.007290127773858091,0.022049209102988243,0.003270320361480119,0.018486812710762024
1676469267.7094715,1439,1676469267,701431360,base_link,0.0025626561496885445,0.02099087917165389,-0.006313696532457023,0.06333078444004059,0.027054199948906895,-0.02963763475418091
1676469267.7424858,1440,1676469267,731431360,base_link,0.006522638190131749,0.019095995105218207,-0.005838854903206178,0.021298088133335114,0.012914903461933134,-0.016189150512218475
1676469267.7768927,1441,1676469267,772430080,base_link,0.008867622809077087,0.01594509996843371,-0.005900161059913351,-0.02956857532262802,0.04799134656786919,0.035015795379877084
1676469267.81153,1442,1676469267,802430080,base_link,0.009715834396625257,0.010617893072214253,-0.007628800723009069,0.04090292006731033,0.004463476128876211,0.012061035260558128
1676469267.8459363,1443,1676469267,842430080,base_link,0.008229128197411667,0.01969814485759255,-0.011079108444375258,-0.013977700844407082,-0.023585494607686996,0.013782831840217117
1676469267.875998,1444,1676469267,872429056,base_link,0.007302757905746794,0.01194149720342468,-0.008547991718292491,-0.09667997807264328,-0.04497407376766204,0.07557528465986252
1676469267.91139,1445,1676469267,901429056,base_link,0.004641588828085104,0.01115837090440558,-0.00955688452443762,0.04693480581045151,-0.023488299921154983,-0.06946799904108047
1676469267.9461024,1446,1676469267,941429056,base_link,0.005189408554919504,0.000585918279566484,-0.00836885649922849,0.03619685024023056,0.04853736609220505,0.0022345355246216
1676469267.977566,1447,1676469267,971428544,base_link,0.002791539309581156,0.0071700108279046364,-0.007078119909936423,0.04124097153544426,0.05305953696370124,-0.06993088126182556
1676469268.0111566,1448,1676469268,1428544,base_link,0.005541500265403495,0.00859067863995532,-0.004220400271118271,-0.14698849618434906,-0.012664460577070701,0.09440363943576813
1676469268.0454886,1449,1676469268,41428544,base_link,0.006306901962239081,0.012361643569914857,-0.0019207604891912542,0.020849695429205894,0.025530992075800896,-0.0007511484436690839
1676469268.0784783,1450,1676469268,71428032,base_link,0.006613641618755242,0.007115445937074025,0.0004702864066010198,-0.06485459953546524,0.0018074291292578064,0.06686142086982727
1676469268.110218,1451,1676469268,101428032,base_link,0.00015139304045456672,0.004748353957025008,-0.0024804498452940717,0.019866617396473885,-0.022149397060275074,0.03392060101032257
1676469268.1430545,1452,1676469268,131428032,base_link,0.0025081052922158267,0.009214857711566328,-0.009213084191170211,-0.023427071049809456,-0.02083449624478817,0.013135587796568872
1676469268.1791725,1453,1676469268,171427520,base_link,0.0027381131705180323,0.009708027765836952,-0.007195394426425068,-0.07288973033428192,0.02225794829428196,0.012946906499564644
1676469268.2104766,1454,1676469268,201427520,base_link,0.006633401694704408,0.011403840299220008,-0.006763647791534628,-0.05741507187485695,-0.00037741451524197264,0.06472739577293396
1676469268.2431948,1455,1676469268,231427520,base_link,0.003767595188785072,0.006275922773349417,-0.005093504844632928,0.031069276854395866,0.017039544880390167,0.0015251054428517797
1676469268.2773201,1456,1676469268,271427008,base_link,0.0008699321771894257,0.0052288903849767926,-0.007557414869559028,0.11658278107643127,0.020862704142928127,0.016605023294687268
1676469268.3095353,1457,1676469268,301427008,base_link,-0.0035988843567573577,0.001344571073928146,-0.006226410010021801,-0.07364565879106522,0.04054742678999901,0.016652300953865048
1676469268.3432853,1458,1676469268,331427008,base_link,-0.004457781894971324,0.004221927716890281,-0.006308863230678166,-0.02810477465391159,-0.02650886960327625,0.03857733681797981
1676469268.3761623,1459,1676469268,371426496,base_link,-0.001947515537024033,0.005110773300377246,-0.0010508829022292312,-0.04818509519100189,0.016397440806031224,-0.015327095054090025
1676469268.4088683,1460,1676469268,401426496,base_link,0.00100031226993794,0.009590360318027654,0.003549803477945968,0.007854856550693512,0.0461791455745697,-0.005996707361191517
1676469268.441922,1461,1676469268,431426496,base_link,0.0002512178047871458,0.004405555544642967,0.009186540560763597,0.08837535977363586,0.03765502199530601,-0.05925355106592179
1676469268.4791157,1462,1676469268,461425984,base_link,-0.005817328897142306,0.005393699111488921,0.010414678271752931,0.01492740772664547,0.018023798242211345,0.032351430505514145
1676469268.509264,1463,1676469268,506425984,base_link,-0.0011923297486927328,0.010794367967968092,0.010432456424063853,0.010833457112312317,-0.0017123941797763075,0.028258666396141052
1676469268.543337,1464,1676469268,536425984,base_link,0.0032037787523225706,0.015960400075907467,0.00884682477834659,-0.085849329829216,0.04298067092895509,0.09830867499113083
1676469268.5769951,1465,1676469268,566425472,base_link,-0.0027333950867318036,0.00875368758294682,0.005492879161065048,0.0152239128947258,-0.008390747010707848,0.05930566415190697
1676469268.609166,1466,1676469268,606425472,base_link,0.00267213120251832,0.004932313177861436,-0.0006129396511200903,0.09479477256536484,-0.022010374814271937,-0.0761827677488327
1676469268.643052,1467,1676469268,636425472,base_link,-0.012459781192707952,0.014279869321576811,-0.016166774707682394,-0.16575078666210175,-0.3897395133972168,0.07082636654376988
1676469268.6772451,1468,1676469268,666424960,base_link,0.022443897460011495,0.018389510265296435,-0.022826348069562574,-0.13992634415626526,0.16629530489444733,0.10870320349931716
1676469268.7111177,1469,1676469268,706424960,base_link,0.1164975405748524,0.023111851065639386,-0.0461833006867478,-0.10853877663612366,2.5199129581451416,0.045237295329570465
1676469268.7434847,1470,1676469268,736424960,base_link,0.21698838049185712,0.048324619422026524,-0.06802321693505116,-0.9367190003395081,4.897923946380615,0.17323194444179474
1676469268.7758865,1471,1676469268,766424448,base_link,0.3200941144190674,0.11489846365570683,-0.034342431903815904,-1.993126392364502,5.193322658538818,0.2371747940778726
1676469268.808986,1472,1676469268,806424448,base_link,0.4539361793473999,0.210859562995715,0.2034219516528385,-3.4708971977233887,3.904883623123169,0.45093852281570385
1676469268.8431375,1473,1676469268,836424448,base_link,0.5677853453333224,0.21962293935876462,0.536959200422629,-4.178470134735107,2.6959521770477295,0.3201161921024319
1676469268.87716,1474,1676469268,865423936,base_link,0.71422449707369,0.23780733911121127,0.8716390861635904,-4.187419414520264,2.7789933681488037,0.5840959548950192
1676469268.9093342,1475,1676469268,905423936,base_link,0.8709568885636412,0.20910539127894484,1.3382640361370501,-3.0967209339141846,2.1014750003814697,0.47498300671577426
1676469268.942012,1476,1676469268,935423936,base_link,0.9733069962287569,0.13945178300072494,1.7045580461055032,-1.3968533277511597,0.5164985656738282,0.648825705051422
1676469268.9756064,1477,1676469268,965423680,base_link,1.1550413609804413,0.18300990457189886,2.0655221639513273,-0.40520161390304565,-0.40621593594551075,0.8270121216773987
1676469269.008513,1478,1676469269,5423680,base_link,1.4900572273648387,0.27457994919108825,2.575294069633564,-0.06106732785701752,-0.719704508781433,0.7943214178085328
1676469269.041952,1479,1676469269,36423680,base_link,1.7941131319399957,0.32012264533497564,2.8800490396313685,0.11338149011135101,-0.5352301597595214,0.5450674891471864
1676469269.075802,1480,1676469269,65423168,base_link,2.0305112156080143,0.4129035158342785,3.131803042175583,1.038556694984436,-1.090219497680664,0.19471976161003127
1676469269.1107836,1481,1676469269,105423168,base_link,2.4449835129637885,0.663205522813144,3.2803381102946796,1.8374114036560059,-2.2452971935272217,-0.00450937775894972
1676469269.1431313,1482,1676469269,135423168,base_link,2.9581409506858387,1.0397758885927708,3.0560402941020013,3.07084584236145,-3.6137430667877197,-0.32338750362396196
1676469269.1768603,1483,1676469269,165422656,base_link,3.301625107836709,1.2823306916823187,2.868971675736206,3.6797783374786377,-4.161079406738281,-0.380175650119781
1676469269.2092185,1484,1676469269,205422656,base_link,3.811707456686303,1.812326597675921,2.042875754173921,4.244484901428223,-4.966188907623291,-0.6631233096122736
1676469269.2420452,1485,1676469269,235422656,base_link,4.099901332092104,2.1558308360520697,0.8386472996728506,3.303133249282837,-7.019876003265381,-0.6320850253105155
1676469269.2756562,1486,1676469269,265422144,base_link,4.130652877619351,2.2216641621718076,0.11752916291281398,2.6401407718658447,-7.402408123016357,-0.5695289969444266
1676469269.3109083,1487,1676469269,305422144,base_link,3.8410084270408023,2.1573505181628256,-1.283897825186895,2.0831737518310547,-7.106723785400391,-0.35259327292442233
1676469269.3443007,1488,1676469269,335422144,base_link,3.1262218918340374,1.8724515923266543,-2.5066173769342694,2.904684066772461,-6.299613952636719,-0.11394975334405821
1676469269.3775225,1489,1676469269,365421376,base_link,2.7425110754293036,1.6137653768415547,-2.785762201122849,3.6336636543273926,-5.695959568023682,0.1113024502992637
1676469269.4093788,1490,1676469269,405421376,base_link,1.9594678615131653,0.9475863133710013,-3.2635293263683516,3.8800652027130127,-3.3346359729766846,0.21890515089035076
1676469269.442338,1491,1676469269,435421376,base_link,1.455672319738888,0.26795841326613834,-3.2557329378415902,3.5731184482574463,-1.5198971033096313,0.3810598552227022
1676469269.4775398,1492,1676469269,465420864,base_link,1.1459005662099113,-0.16350422178383472,-2.9828108163646214,3.899078845977783,-1.0481504201889038,0.3337596952915193
1676469269.508906,1493,1676469269,505420864,base_link,0.7837501313523465,-0.793162857837359,-2.514293981613098,2.966583251953125,-0.19379755854606626,0.21593216061592105
1676469269.5425215,1494,1676469269,535420864,base_link,0.6380496477948948,-1.1561386384919219,-2.0576268426883573,1.3505873680114746,1.244490146636963,-0.06458640098571793
1676469269.5802116,1495,1676469269,575420096,base_link,0.4661467579564084,-1.393015206570242,-1.5268212335845257,0.4804643392562866,2.105536699295044,-0.2548983097076419
1676469269.6114209,1496,1676469269,605420096,base_link,0.4207539047865812,-1.5607759248875535,-1.0949907499839389,-0.2315027117729187,2.7979164123535156,-0.3935021460056308
1676469269.642348,1497,1676469269,635420096,base_link,0.34663573487350097,-1.7231460319772116,-0.6873902153490803,-0.1624203771352768,1.9571717977523804,-0.8861262202262881
1676469269.6791108,1498,1676469269,675419328,base_link,0.1525168629892763,-1.9443685653429972,-0.1953568141436141,-0.29201677441596985,1.7574613094329832,-1.012287259101868
1676469269.7114818,1499,1676469269,705419328,base_link,0.07617718395857302,-2.087976321450244,0.0840669252682067,-0.8915432095527649,1.5044498443603513,-1.1025964021682741
1676469269.743003,1500,1676469269,735419328,base_link,0.018587960709761823,-2.226058979515635,0.16806265154293312,-2.664323568344116,2.0664470195770264,-0.9860983490943911
1676469269.7765775,1501,1676469269,765419072,base_link,-0.09856081311858296,-2.330074878945975,0.1426606483404926,-4.397845268249512,1.8668053150177,-0.9943383336067202
1676469269.8092737,1502,1676469269,805419072,base_link,-0.24993798012134996,-2.4800567413402264,-0.03834324002644468,-5.64892578125,0.6491397619247435,-0.857262670993805
1676469269.8420048,1503,1676469269,835419072,base_link,-0.3128533591896005,-2.535010883423117,-0.3304414030424369,-5.308794975280762,-0.3186468780040742,-0.7670683860778809
1676469269.876361,1504,1676469269,865418560,base_link,-0.43468495236832017,-2.5490289508167603,-0.3100406095323144,-5.45692777633667,-0.5131485462188722,-0.5635281801223754
1676469269.9091403,1505,1676469269,905418560,base_link,-0.6049307087879209,-2.4723457880020354,-0.41201893800568307,-5.233345031738281,-0.9143555760383606,-0.3710530698299407
1676469269.941774,1506,1676469269,935418560,base_link,-0.7536654526944668,-2.3424287243859716,-0.5767744325559823,-5.107002258300781,-0.6802786588668823,-0.12553817033767692
1676469269.9759405,1507,1676469269,965418304,base_link,-0.9172391880933788,-2.244527043870135,-0.4654255412985751,-4.484164237976074,-0.3294677436351776,-0.13789366185665128
1676469270.0091338,1508,1676469270,4418304,base_link,-1.1453731434602068,-2.0274747764156515,-0.36212318578693903,-4.048503875732422,-0.15628769993782043,0.008715461008250732
1676469270.0423186,1509,1676469270,34418304,base_link,-1.3270168261024844,-1.8688535122483971,-0.21406209960043693,-3.539715051651001,0.036443658173084294,0.29051753878593445
1676469270.0768774,1510,1676469270,64417792,base_link,-1.5078213529508842,-1.711991994420337,0.04004911757390895,-3.4674243927001953,0.17716172337532046,0.20165975391864774
1676469270.1106365,1511,1676469270,104417792,base_link,-1.7455164592899526,-1.5057040860867617,0.39898977133459007,-3.030261278152466,0.5297491550445557,0.20211406052112574
1676469270.1439807,1512,1676469270,134417792,base_link,-1.9369303439416818,-1.3666395739033388,0.6081141463638133,-3.184194326400757,0.4931600987911225,0.3736847043037414
1676469270.177907,1513,1676469270,174416512,base_link,-2.1505293477875225,-1.1314521257977728,1.0494778672106,-3.05499529838562,0.7126587629318237,0.3117109239101409
1676469270.2108793,1514,1676469270,204416512,base_link,-2.365850096663912,-1.0385408629683965,1.2042512606115257,-2.049250841140747,0.2806673347949982,0.31317359209060663
1676469270.2422924,1515,1676469270,234416512,base_link,-2.54880934435216,-0.9056318832282089,1.3999911249404946,-0.582253098487854,-0.20330788195133204,0.3773595094680786
1676469270.279284,1516,1676469270,274415488,base_link,-2.740307105361793,-0.6621875863276737,1.6656587042129303,0.783793032169342,-0.05095831304788584,0.4758460819721222
1676469270.3109736,1517,1676469270,304415488,base_link,-2.932830616340054,-0.34962495029961055,1.8633343834646336,2.9199559688568115,0.3778561353683472,0.6592450141906738
1676469270.3451667,1518,1676469270,334415488,base_link,-3.101213261241574,0.20814607492884984,2.0314105560070335,4.198211669921875,0.644864857196808,0.5961754322052001
1676469270.3784802,1519,1676469270,374414976,base_link,-3.2629780043960133,0.5516276120744269,2.2279559394527526,4.553892612457275,1.083574652671814,0.6584382653236388
1676469270.4100263,1520,1676469270,404414976,base_link,-3.493972850948159,1.2187351814191685,1.9640195079322107,6.259940147399902,2.190885305404663,0.5337977409362791
1676469270.4446115,1521,1676469270,434414976,base_link,-3.705272833619487,1.7653426600467603,1.3344661708523873,6.205385684967041,3.3543362617492676,0.18866798281669575
1676469270.4769924,1522,1676469270,464414208,base_link,-3.777726860864939,1.941215497639454,1.0963055831707953,5.9845356941223145,3.9973700046539307,0.17426930367946575
1676469270.509136,1523,1676469270,504414208,base_link,-3.8338329481646114,2.116535277305744,-0.05214877741194702,4.8692779541015625,5.053513050079346,0.07200106233358321
1676469270.5419497,1524,1676469270,534414208,base_link,-3.6310785135255954,2.0354235458059966,-0.9590748733495509,3.152909755706787,6.250897407531738,-0.1705549061298378
1676469270.5759885,1525,1676469270,564413952,base_link,-3.275847440994765,1.896862303749067,-1.4997366409726565,2.3951563835144043,6.878244400024414,-0.2863666117191323
1676469270.6114938,1526,1676469270,604413952,base_link,-2.6253892437971893,1.5856256172487626,-2.1650053911771407,2.526235818862915,6.337458610534668,-0.3886446654796608
1676469270.6448486,1527,1676469270,634413952,base_link,-1.9842347852419737,1.1821609481966573,-2.665221380877978,2.5572071075439453,3.6461827754974365,-0.8469191193580632
1676469270.6772287,1528,1676469270,674413440,base_link,-1.5881957713793646,0.931329345459351,-2.6166995955255024,2.2733893394470215,2.2031006813049316,-0.9554565548896792
1676469270.710451,1529,1676469270,704413440,base_link,-1.2986972896621842,0.6061989353223599,-2.5359237581366316,1.1146552562713623,-0.048525057733059054,-0.9948589205741882
1676469270.7437658,1530,1676469270,734413440,base_link,-1.1677231571307036,0.47842992996757655,-2.2809119664055855,-0.1235988438129425,-1.2936900854110718,-0.615385353565216
1676469270.7768142,1531,1676469270,774413184,base_link,-0.9445145037251718,0.41838822060242986,-1.89402147632813,-0.4798804223537445,-1.9252946376800537,-0.43591436743736245
1676469270.810356,1532,1676469270,804413184,base_link,-0.9312020463891961,0.4149880355772079,-1.5370259478746764,-0.8480498790740967,-2.624768018722534,-0.0010384283959862356
1676469270.843116,1533,1676469270,834413184,base_link,-0.8403748811185224,0.46888279025557933,-1.167259208801287,-1.99736750125885,-2.1814773082733154,0.6690138578414919
1676469270.8767457,1534,1676469270,864412928,base_link,-0.6893881102153985,0.45552693244553694,-0.8733891967504676,-1.5921131372451782,-1.8692892789840698,0.7196903824806216
1676469270.9091544,1535,1676469270,904412928,base_link,-0.600769649288043,0.4452956488905913,-0.5789340707921304,-1.1389325857162476,-3.7748501300811768,0.7492721676826481
1676469270.942646,1536,1676469270,934412928,base_link,-0.5589927039546849,0.44505751077245,-0.30249066596769797,-1.5159398317337036,-5.278598308563232,0.6396319270133979
1676469270.9794185,1537,1676469270,974412672,base_link,-0.4551442526702691,0.41426233702912735,0.07280713089674799,-1.730576515197754,-5.3508124351501465,0.6428638100624091
1676469271.0115023,1538,1676469271,4412672,base_link,-0.3647189831225567,0.3748867483054198,0.3848794586619841,-1.5482412576675415,-4.8648152351379395,0.6935358643531805
1676469271.0440836,1539,1676469271,34412672,base_link,-0.2437363082431605,0.32489206894104056,0.5334053604448712,-0.8988081216812134,-4.284139156341553,0.6738324761390692
1676469271.0794952,1540,1676469271,74411904,base_link,-0.19461245779772376,0.2751320700622424,0.4930426074162722,-0.2852189242839813,-3.9600703716278076,0.686237215995789
1676469271.108852,1541,1676469271,104411904,base_link,-0.16690280819630135,0.24853026685404508,0.44417192597890903,0.7620412111282349,-2.7288641929626465,0.38058105111122165
1676469271.1428232,1542,1676469271,134411904,base_link,-0.14225270914350002,0.25253075864700847,0.4293133533483095,0.7862407565116882,-0.44882148504257197,0.2371984869241715
1676469271.1780684,1543,1676469271,174411904,base_link,-0.13452554280698611,0.27613338517686115,0.46818092184368787,0.46979227662086487,1.0526701211929321,0.3532321751117705
1676469271.2117074,1544,1676469271,204411904,base_link,-0.2099414696473482,0.244245905798702,0.4634118768358578,-1.8452764749526978,3.6002371311187744,0.3232563436031337
1676469271.2455783,1545,1676469271,233411904,base_link,-0.30033635666162156,0.18731266585837703,0.44030534896493,-0.977968156337738,2.244558572769165,0.29185336828231784
1676469271.27712,1546,1676469271,273411648,base_link,-0.3276529820289245,0.16688230956910113,0.4245088279856931,-0.7908002138137817,1.6466320753097534,0.21259245276451091
1676469271.3099964,1547,1676469271,303411648,base_link,-0.3249277091413721,0.16116247031598918,0.4130997663374783,-0.6708632111549377,1.16319739818573,0.26080632209777815
1676469271.3439267,1548,1676469271,333411648,base_link,-0.30875275673831754,0.15914461023785983,0.4078742762462087,-0.5008000135421753,0.7801817655563354,0.21282495558261863
1676469271.3764887,1549,1676469271,373411392,base_link,-0.26815989737304985,0.17151493731879294,0.40355236286740803,-0.41791853308677673,0.5300958156585693,0.21909950673580164
1676469271.4092917,1550,1676469271,404411392,base_link,-0.24063179324708783,0.17596356385146628,0.393308378201225,-0.18167290091514587,0.08124520629644395,0.12252794951200484
1676469271.4429953,1551,1676469271,433411392,base_link,-0.19670564968036347,0.19048286842466625,0.37978363726673825,-0.07067172229290009,-0.26854532957077026,0.07304610311985019
1676469271.4766555,1552,1676469271,473411136,base_link,-0.1484705737104693,0.2116898060763563,0.3527944857924286,-0.10935195535421371,-0.3452899158000946,0.15588402748107916
1676469271.5095656,1553,1676469271,503411136,base_link,-0.11148264698449943,0.22334450860140476,0.3339858237549724,0.13264746963977814,-0.50051349401474,0.0853747501969338
1676469271.54198,1554,1676469271,533411136,base_link,-0.07323318971510548,0.2482771814639112,0.31619201953736464,0.18377336859703064,-0.6137509346008301,-0.020197281613945885
1676469271.5780087,1555,1676469271,573410624,base_link,-0.047683995580493285,0.26719228817326035,0.2916867644149711,0.25770699977874756,-0.6213669180870056,0.04072180390357979
1676469271.609013,1556,1676469271,603410624,base_link,-0.030025387198157796,0.2811058317322405,0.27528385494641733,0.26784875988960266,-0.5707361698150635,0.0195873677730561
1676469271.6426182,1557,1676469271,633410624,base_link,-0.015908616684993247,0.29686367834923244,0.2624843981920881,0.3151412606239319,-0.4824584126472473,-7.429462857538513e-05
1676469271.678623,1558,1676469271,673410368,base_link,-0.004704353908415283,0.302551473944393,0.26426772319423886,0.2869579493999481,-0.4302753210067749,0.03170416131615644
1676469271.710812,1559,1676469271,703410368,base_link,-0.007351926937501238,0.30934719091811586,0.259968014042688,0.37470051646232605,-0.3171309232711792,-0.012446245178580246
1676469271.7448075,1560,1676469271,733410368,base_link,-0.015949879197408968,0.31711605170153956,0.25170772925800533,0.30583450198173523,-0.21045510470867157,0.01002889126539233
1676469271.7789507,1561,1676469271,773410112,base_link,-0.022365703025431505,0.32479599665069414,0.23804507331300487,0.31154149770736694,-0.1472405344247818,0.02953522466123106
1676469271.8108385,1562,1676469271,803410112,base_link,-0.03735039551582956,0.31988286564964347,0.22446148667855192,0.32732632756233215,0.03160748258233071,0.028921650722622868
1676469271.8431804,1563,1676469271,833410112,base_link,-0.05692880749496028,0.31831210723019265,0.21108743884383088,0.3409762680530548,0.11045540869235992,0.018539218232035623
1676469271.8770154,1564,1676469271,873409600,base_link,-0.07521585097921069,0.3177922165506173,0.1982623053533754,0.3845997452735901,0.210505872964859,-0.02102097868919375
1676469271.9089165,1565,1676469271,903409600,base_link,-0.09123938313108684,0.3070306459432902,0.18708384571204406,0.35454481840133667,0.3544895052909851,-0.10161280632019047
1676469271.942434,1566,1676469271,933409600,base_link,-0.1092443998483792,0.29493299796379563,0.17313353516899338,0.26530489325523376,0.398283988237381,0.045985210686922025
1676469271.9785042,1567,1676469271,973409600,base_link,-0.11878952504389177,0.2779222451502105,0.15783861682188344,0.29061535000801086,0.44856247305870056,-0.03851869702339178
1676469272.012182,1568,1676469272,3409600,base_link,-0.12919023359373719,0.2611457712317101,0.14793440334315708,0.24703912436962128,0.5083708167076111,0.0019757261034100623
1676469272.0450413,1569,1676469272,33409600,base_link,-0.13814178891765902,0.2424737168288607,0.13807833018564988,0.26679983735084534,0.5397297143936157,-0.03125751391053207
1676469272.0770578,1570,1676469272,73409600,base_link,-0.1404986764107462,0.23222830533158756,0.13106187608787645,0.19323904812335968,0.5412213802337646,-0.013497604057192868
1676469272.1106167,1571,1676469272,103409600,base_link,-0.13958295654060476,0.2147339222138604,0.1216882156319148,0.15200673043727875,0.5073338747024536,-0.0064863609150052695
1676469272.1438186,1572,1676469272,133409600,base_link,-0.13485601697072078,0.19542553631232912,0.11069721623669497,0.1921469122171402,0.4787261188030243,-0.1038051918148995
1676469272.1761434,1573,1676469272,173409344,base_link,-0.1309831698811531,0.15732966967119633,0.09735285520532987,0.06877203285694122,0.42867469787597656,0.030406724661588617
1676469272.209777,1574,1676469272,203409344,base_link,-0.12249707530701005,0.13993276295816423,0.08737022818563436,0.05747178941965103,0.4260548949241638,-0.04099393635988241
1676469272.2424169,1575,1676469272,233409344,base_link,-0.10791872902732898,0.124351708842137,0.08266002877126195,-0.08978648483753204,0.3895184397697449,0.014351183548569632
1676469272.2790332,1576,1676469272,273409088,base_link,-0.0810012033995483,0.09744991466045466,0.07950348577768028,-0.08049261569976807,0.34372678399086,-0.014542838558554691
1676469272.3109052,1577,1676469272,302409088,base_link,-0.06323399101678757,0.07527371963690727,0.08016685166254112,-0.015744540840387344,0.31898975372314453,-0.01199674978852276
1676469272.3454413,1578,1676469272,333409088,base_link,-0.04601492391659724,0.056786879007745684,0.08240763059657365,-0.03213988244533539,0.19281582534313202,-0.06776043027639392
1676469272.3786476,1579,1676469272,373408832,base_link,-0.017866028395305173,0.039561821393239306,0.08332769349127378,-0.01904302090406418,0.13676267862319946,-0.032604031264781966
1676469272.4110067,1580,1676469272,402408832,base_link,0.005834510578070627,0.02839351098473252,0.07931985604579116,-0.06509045511484146,0.08845982700586318,-0.0733964964747429
1676469272.4451883,1581,1676469272,432408832,base_link,0.030116186824434316,0.014772885203433036,0.07316072602176066,-0.18462501466274261,-0.01853292435407638,0.06401944160461426
1676469272.4774303,1582,1676469272,472408832,base_link,0.051929998599592964,-0.005197400577399465,0.06849353205557183,-0.1502704918384552,-0.05013811215758324,0.007160121109336621
1676469272.5125241,1583,1676469272,502408832,base_link,0.07240744212688617,-0.013980324212726863,0.06520918389962745,-0.06773699820041656,-0.10946156084537506,-0.0474356636404991
1676469272.5449426,1584,1676469272,532408832,base_link,0.09431511032846661,-0.02012121438391894,0.06392409089204822,-0.09477158635854721,-0.10752014070749283,-0.007726769894361483
1676469272.5794895,1585,1676469272,572408576,base_link,0.11913841341611407,-0.042585555108057616,0.06917984986895379,-0.13474039733409882,-0.12235673516988754,-0.03495686128735541
1676469272.6101558,1586,1676469272,602408576,base_link,0.13645393045540027,-0.05174092284508927,0.06877997097965491,-0.019007205963134766,-0.19630804657936096,-0.08211757987737653
1676469272.6429896,1587,1676469272,632408576,base_link,0.15082982581638524,-0.054737589813682916,0.06311702541157575,-0.2234460711479187,-0.2462514340877533,0.07900101691484454
1676469272.676408,1588,1676469272,672408576,base_link,0.16889649548975824,-0.06422860778007078,0.053657420576880464,-0.13423684239387512,-0.2504735589027405,-0.05752261728048322
1676469272.7089565,1589,1676469272,702408576,base_link,0.18111985485351753,-0.07248374369698657,0.05018043738680889,-0.07432352751493454,-0.16664302349090576,0.01783621497452261
1676469272.7426019,1590,1676469272,732408576,base_link,0.18792964979790489,-0.07686873115631615,0.04703315047122173,-0.21455346047878265,-0.23850654065608978,0.05012838542461398
1676469272.7759533,1591,1676469272,772408320,base_link,0.20083606327391906,-0.067411359582298,0.04352385719781924,-0.05539574846625328,-0.24061749875545502,0.01039525493979457
1676469272.8119738,1592,1676469272,802408320,base_link,0.20744249429658168,-0.06853801613045989,0.04009311235292001,-0.1702539622783661,-0.19844239950180054,0.04154605045914653
1676469272.8441837,1593,1676469272,832408320,base_link,0.21273581259790975,-0.07174217423080476,0.03734514684398343,-0.00612083962187171,-0.16724523901939392,-0.061292435973882654
1676469272.8786018,1594,1676469272,872408064,base_link,0.20487907703072367,-0.07233807309894956,0.032714044262713904,0.005167454015463591,-0.170865997672081,-0.03144688904285429
1676469272.9113028,1595,1676469272,902408064,base_link,0.20383153199305426,-0.06809049114888709,0.027516296986373787,-0.0852486789226532,-0.1790132224559784,0.020416837185621282
1676469272.9446077,1596,1676469272,932408064,base_link,0.20570288579815357,-0.0673055962303764,0.021109957101334686,0.0040495386347174644,-0.0783037319779396,0.0015893122181296444
1676469272.978263,1597,1676469272,972407808,base_link,0.20806224314937694,-0.06887869536145348,0.02440777540882892,0.011962455697357655,-0.0960601270198822,0.049341253936290755
1676469273.0104454,1598,1676469273,2407808,base_link,0.20323229459824652,-0.06606972339299198,0.02497496480703162,0.02448299340903759,-0.08612306416034698,-0.008537358604371537
1676469273.0431147,1599,1676469273,32407808,base_link,0.2013873803776377,-0.06163109897328148,0.02204824552506206,-0.017619866877794266,-0.0943683385848999,0.044412907212972655
1676469273.0779881,1600,1676469273,72407552,base_link,0.19270806509726773,-0.055860721710527625,0.013798228470629646,0.06473095715045929,-0.07568216323852539,-0.012761911377310744
1676469273.1091905,1601,1676469273,102407552,base_link,0.1858052760733931,-0.057879990201932296,0.011160977203211943,-0.04798424616456032,-0.07945951074361801,0.040127281099557884
1676469273.1426787,1602,1676469273,132407552,base_link,0.17858345532931885,-0.05952262298248607,0.00794204744961342,-0.009425698779523373,-0.08772268146276473,0.0623433291912079
1676469273.1774096,1603,1676469273,172407296,base_link,0.1756071165232679,-0.05202572225093653,0.006483219856043258,0.056459978222846985,0.01583345793187618,-0.015909820795059208
1676469273.2108586,1604,1676469273,202407296,base_link,0.17179318351623712,-0.05079761343653555,0.003917029530190629,-0.018836403265595436,0.021700108423829082,0.03240494802594185
1676469273.244536,1605,1676469273,232407296,base_link,0.16223086629277994,-0.05012309104174771,-0.00012118322328460646,-0.013715180568397045,0.03754415363073349,-0.0084016127511859
1676469273.278733,1606,1676469273,272407296,base_link,0.14370231921742532,-0.04905797452713171,-0.013954961446610084,0.02171720191836357,0.03596967831254005,-0.07326139509677887
1676469273.3107886,1607,1676469273,302407296,base_link,0.13786313860484212,-0.04694521865989216,-0.022420314871628988,0.020463109016418457,0.01909480802714824,-0.054132457822561264
1676469273.3444042,1608,1676469273,332407296,base_link,0.1359339114044677,-0.047438085049073445,-0.02404839449643901,0.07978516817092896,0.11253093183040619,-0.01580809243023397
1676469273.3774154,1609,1676469273,372405504,base_link,0.13098862881908716,-0.0510653636389279,-0.014010159828220957,0.08106622099876404,0.14055746793746948,-0.013143992982804793
1676469273.4107099,1610,1676469273,402405504,base_link,0.1252378009430826,-0.0501137811913119,-0.004124609052312814,0.05304454267024994,0.12333624064922333,-0.03388913348317148
1676469273.44507,1611,1676469273,432405504,base_link,0.12325361862888067,-0.04783127811641826,0.002158606059044266,-0.011552546173334122,0.09338124096393585,0.02313634380698203
1676469273.476176,1612,1676469273,471405504,base_link,0.11926760665608156,-0.052284793564533194,-0.0015579277828459545,0.04999870806932449,0.08677318692207336,0.0016158260405063523
1676469273.5095732,1613,1676469273,501405504,base_link,0.11372307477319968,-0.059057346275350725,-0.007620678819689318,-0.03614688664674759,0.006446797866374252,-0.022455481812357903
1676469273.5425808,1614,1676469273,532405504,base_link,0.10892336710460533,-0.06033140716661062,-0.01609924367611469,-0.10100704431533813,-0.016350949183106415,0.049267400056123734
1676469273.5800412,1615,1676469273,572405248,base_link,0.11632785422636063,-0.04363374074932103,-0.026430026222654834,0.04439997300505638,-0.007979770191013825,-0.09687820076942444
1676469273.610914,1616,1676469273,601405248,base_link,0.11465440867836796,-0.04594214754369992,-0.02905043161753316,-0.036320630460977554,0.029483411461114876,-0.06590952724218369
1676469273.644919,1617,1676469273,642405248,base_link,0.10453513977698106,-0.0581878351537357,-0.03552661317580695,0.08441158384084702,-0.005174359306693088,-0.09129645675420761
1676469273.677437,1618,1676469273,671404736,base_link,0.10534089246011373,-0.05480025777079541,-0.03693425924089204,0.06821178644895554,-0.02277731895446778,-0.06495330482721329
1676469273.7102306,1619,1676469273,701404736,base_link,0.10648388102851175,-0.051533311266545104,-0.03575618445571138,-0.03617914021015167,0.05084108188748359,-0.03189551830291749
1676469273.7450674,1620,1676469273,731404736,base_link,0.10689415852403525,-0.04913520121625703,-0.03525260305924236,-0.08247951418161392,-0.02276470139622688,0.019144237041473392
1676469273.7763543,1621,1676469273,772404480,base_link,0.10726326929816966,-0.05610658067240388,-0.023195854184817004,-0.014486929401755333,-0.011022759601473808,-0.0022144222166389214
1676469273.810245,1622,1676469273,801404480,base_link,0.10522018060991456,-0.05424343820095253,-0.019774039306987304,0.013552293181419373,-0.02785503678023815,0.012833108194172386
1676469273.8427875,1623,1676469273,831404480,base_link,0.10456792098846501,-0.05148396648343106,-0.019419445328534804,-0.030872849747538567,-0.04104895517230034,0.002529222518205648
1676469273.8760467,1624,1676469273,871404480,base_link,0.09898854063871572,-0.04630697356995009,-0.02590670134467506,-0.0042740399949252605,-0.0221357773989439,0.008532932959496978
1676469273.9091315,1625,1676469273,901404480,base_link,0.09882106617805803,-0.04626025092990787,-0.029610585062434334,-0.10088495165109634,-0.0715908631682396,0.053692266345024116
1676469273.942454,1626,1676469273,931404480,base_link,0.09550364002693222,-0.050763537338138494,-0.034223923624634986,-0.019083242863416672,-0.06102024018764495,0.058671023696661
1676469273.9794705,1627,1676469273,971404224,base_link,0.09244480004424001,-0.04580637885712676,-0.04410692338405119,-0.09631531685590744,-0.05732124298810959,0.022205712273716934
1676469274.0106125,1628,1676469274,1404224,base_link,0.09418840540883794,-0.04279587970436122,-0.05100594292732182,-0.018723906949162483,-0.04611008614301682,-0.06249749660491943
1676469274.0428262,1629,1676469274,31404224,base_link,0.09153694415638969,-0.04398401549725724,-0.05135561822095032,-0.023740028962492943,0.0037210732698440547,-0.0019076090538874273
1676469274.0763087,1630,1676469274,71403200,base_link,0.08232595477571357,-0.034045237876552566,-0.05080130016129551,-0.07122359424829483,-0.019538911059498787,0.005024119745939973
1676469274.1101077,1631,1676469274,101403200,base_link,0.08183623231852126,-0.028641615758712064,-0.04495590963220391,0.028797123581171036,-0.019331330433487892,-0.0006536308210343099
1676469274.14282,1632,1676469274,131403200,base_link,0.08225349861308201,-0.025378046564764226,-0.03697375839038162,0.006605315022170544,-0.017311712726950652,-0.047767553478479385
1676469274.1766295,1633,1676469274,171403456,base_link,0.07034660427936583,-0.0349676677105039,-0.032081749017099495,0.02618240751326084,-0.017907604575157155,0.08861124515533447
1676469274.2094123,1634,1676469274,201403456,base_link,0.06451333279482376,-0.03153948902097316,-0.0323741531324678,0.003533450188115239,-0.03005140461027623,-0.06569194048643112
1676469274.2422972,1635,1676469274,231403456,base_link,0.06294977678304597,-0.023053209621213825,-0.03738428212496194,0.007515874691307545,-0.011086512356996541,-0.039326682686805725
1676469274.2790358,1636,1676469274,266403456,base_link,0.06565610304151429,-0.02266415835618628,-0.0425608291347583,0.013482727110385895,0.018170895054936402,-0.04408528283238411
1676469274.310268,1637,1676469274,306403456,base_link,0.05884666526079139,-0.013745384121542891,-0.03957036399235341,0.07024186104536057,0.016415512189269062,-0.04050400108098984
1676469274.3421478,1638,1676469274,336403456,base_link,0.05393626267733957,-0.008954812845727607,-0.04031556212336106,0.055866170674562454,-0.04920589923858642,0.0359044261276722
1676469274.3797705,1639,1676469274,366403200,base_link,0.053909659222637844,-0.006944592542228715,-0.04190622434776152,0.13484542071819305,-0.046638999134302146,-0.06473661214113235
1676469274.410959,1640,1676469274,406403200,base_link,0.0448553092408492,-0.013182512141088757,-0.04092505943042187,-0.0015989819075912237,-0.04507333785295486,0.049647234380245216
1676469274.4448602,1641,1676469274,436403200,base_link,0.039340398732404,-0.00925808408260232,-0.04027178137823292,0.050178851932287216,0.01014286838471889,-0.0440809540450573
1676469274.4771724,1642,1676469274,466403200,base_link,0.0383982443818438,-0.0038314895200214183,-0.03806287964688028,0.024514514952898026,0.01779386959969997,-0.02179026231169701
1676469274.51005,1643,1676469274,506403200,base_link,0.037255909392518806,-0.01605968673398788,-0.03218737283728964,-0.0585571825504303,0.026220399886369712,0.0479927584528923
1676469274.5430439,1644,1676469274,536403200,base_link,0.030110886248348553,-0.01677029599595525,-0.03117161520563305,0.03461527079343796,-0.006037583574652682,-0.08628346771001816
1676469274.5811067,1645,1676469274,566402944,base_link,0.025092017955941327,-0.013204032923780362,-0.03416881114203229,-0.0719379335641861,-0.04588145017623901,0.03639278560876847
1676469274.6107724,1646,1676469274,606402944,base_link,0.027874795074311027,-0.016284928352971476,-0.03842097667547332,-0.027793005108833313,-0.015984511002898223,-0.04433291032910347
1676469274.6434722,1647,1676469274,636402944,base_link,0.023164340660284544,-0.018333825578162852,-0.03868035116936986,0.050642725080251694,0.03803211078047752,-0.06286562979221344
1676469274.6768377,1648,1676469274,665402944,base_link,0.01732247294969866,-0.015433249588539467,-0.041199693319116895,-0.069759801030159,-0.012971855700016015,0.060308512300252914
1676469274.7119937,1649,1676469274,706402944,base_link,0.01922815087909258,-0.0061561856070494496,-0.04225605573405308,-0.023096533492207527,-0.03178865462541581,-0.04782262817025184
1676469274.742804,1650,1676469274,735402944,base_link,0.013266889017455959,-0.0073151053534809655,-0.042196544670677336,0.008938104845583439,0.018614536151289943,0.016273405402898785
1676469274.776298,1651,1676469274,765403200,base_link,0.009135676683124334,-0.0032833155899624432,-0.04016964163379232,0.06766805797815323,0.02344135381281375,-0.07928170263767242
1676469274.809288,1652,1676469274,806403200,base_link,0.008032173720375343,-0.003459319960039399,-0.04057307712102031,0.0574781708419323,0.02150597050786017,-0.10942010581493378
1676469274.8429852,1653,1676469274,835403200,base_link,0.003953560547161966,-0.0012470796578132057,-0.04104732569219012,0.04994089901447296,0.03602297231554985,-0.028096858412027362
1676469274.8797364,1654,1676469274,865403456,base_link,0.003199523346328585,0.002649388323325003,-0.0403063006334011,-0.026233751326799393,0.01231670193374157,0.004878311883658169
1676469274.9092472,1655,1676469274,905403456,base_link,-0.004860822064145053,-0.006085650813218737,-0.041194775567957656,-0.07126647233963013,0.015556951984763156,0.09169746190309525
1676469274.9423594,1656,1676469274,935403456,base_link,-0.006136747662148524,-0.0029625040976259892,-0.04195148467981596,0.057974305003881454,0.019343156367540356,-0.04014071449637413
1676469274.9771907,1657,1676469274,966403456,base_link,-0.004388644725368527,-0.003001154878205445,-0.03916451108010208,0.04746402055025101,0.08057814836502074,-0.06461703777313234
1676469275.0097623,1658,1676469275,5403456,base_link,-0.00937738122943585,-0.004776743699536267,-0.03243658759437005,0.0277541633695364,0.02845127135515213,0.00434080325067043
1676469275.0423303,1659,1676469275,35403456,base_link,-0.010406154414662024,-0.002719796346638235,-0.02696930586728489,0.017278634011745453,-0.003959179855883119,0.021202698349952698
1676469275.0756807,1660,1676469275,65403200,base_link,-0.011263771521000469,-0.004567285498339469,-0.02794172831071952,0.07356537878513336,0.02167307585477828,-0.09864131361246109
1676469275.110994,1661,1676469275,105403200,base_link,-0.016003082524511165,-0.018138530441693678,-0.022967186806184835,-0.06180316582322121,0.024363648146390915,-0.009494555182754997
1676469275.1427572,1662,1676469275,135403200,base_link,-0.0160113656022572,-0.015242774826985961,-0.025106110705000143,0.03097599558532238,0.0019467070233076746,-0.05328807979822159
1676469275.1794994,1663,1676469275,165403200,base_link,-0.014273273470718361,-0.011138281650338522,-0.025543437158876147,-0.02601015567779541,0.016609866172075268,-0.042484432458877563
1676469275.209254,1664,1676469275,205403200,base_link,-0.016984125932714218,-0.020914186117873323,-0.0272902308706791,-0.1147979199886322,0.045168910175561905,0.015552846714854235
1676469275.242241,1665,1676469275,235403200,base_link,-0.014579083052695589,-0.019111378973218095,-0.028718635097988762,-0.0674872174859047,-0.02586030587553978,0.006103565916419033
1676469275.2802758,1666,1676469275,275403456,base_link,-0.021047119962545928,-0.023608711059100947,-0.024381905220490992,-0.044340893626213074,-0.012417148798704144,0.030380355194211006
1676469275.3090577,1667,1676469275,305403456,base_link,-0.01946202876392321,-0.018617469687741757,-0.025597876119506337,-0.13822872936725616,-0.0030845622532069657,0.022766660898923874
1676469275.3420775,1668,1676469275,335403456,base_link,-0.014227083316476055,-0.014483132999487273,-0.024778345972016478,-0.11797269433736801,0.0067034987732768085,0.024122122675180435
1676469275.375344,1669,1676469275,365402944,base_link,-0.015532349921743235,-0.01607921816551866,-0.0231314420211819,-0.08931083232164383,0.005248109810054302,0.0027150325477123256
1676469275.4109135,1670,1676469275,405402944,base_link,-0.017999371741055873,-0.006221720473726014,-0.022586737319555537,0.009447353892028332,-0.02115445025265217,0.006109713576734069
1676469275.4448678,1671,1676469275,435402944,base_link,-0.014581589069707837,-0.004471885396827162,-0.020350335460847437,0.00741059985011816,-0.003084779251366855,-0.00993970688432455
1676469275.4772644,1672,1676469275,465403200,base_link,-0.016462057116000215,-0.007486824125783903,-0.02082532788085136,-0.0632375180721283,-0.030300276353955262,0.06505437940359116
1676469275.5113335,1673,1676469275,505403200,base_link,-0.019340657421273506,0.003299133422439652,-0.025757897026378818,0.057690251618623734,-0.04108957201242447,-0.005421711597591633
1676469275.5456815,1674,1676469275,535403200,base_link,-0.016324493137399258,0.0066011484847311955,-0.023875709288011915,0.02049088478088379,-0.011996779590845108,-0.005495591089129446
1676469275.579302,1675,1676469275,565403456,base_link,-0.018399559980900943,0.008174764409441464,-0.021845056505940052,-0.02206440642476082,-0.03407426178455352,0.03592620417475701
