Time,header.seq,header.stamp.secs,header.stamp.nsecs,header.frame_id,pose.position.x,pose.position.y,pose.position.z,pose.orientation.x,pose.orientation.y,pose.orientation.z,pose.orientation.w
1676469259.5769756,1038,1676469259,314529152,map,-0.9975195527076721,-0.922254741191864,0.12872394919395447,0.012822338356647388,0.09672717274900575,0.01407089396275612,-0.9951289030159309
1676469259.5770996,1039,1676469259,344529152,map,-0.9975622296333313,-0.9222408533096313,0.12874239683151245,0.012817438785507994,0.09672797353912746,0.014075319381849727,-0.9951287765753853
1676469259.577177,1040,1676469259,374527360,map,-0.9976014494895935,-0.9222311973571777,0.12876136600971222,0.012824356137019849,0.09673292052547142,0.014076625934153573,-0.9951282286663548
1676469259.5773,1041,1676469259,414527360,map,-0.9976636171340942,-0.9222218990325928,0.1287911832332611,0.012830135523621904,0.09673746711675453,0.014065962781480331,-0.9951278493447181
1676469259.5774107,1042,1676469259,444527360,map,-0.9977169036865234,-0.9222181439399719,0.12881635129451752,0.012837764103202377,0.09673366336367642,0.014070556787968036,-0.9951280600789607
1676469259.5775328,1043,1676469259,474525568,map,-0.9977760910987854,-0.9222175478935242,0.12883852422237396,0.012848187545674725,0.0967345774234535,0.014062633180447957,-0.9951279757852637
1676469259.5793605,1044,1676469259,514525568,map,-0.9978561401367188,-0.9222168922424316,0.1288602203130722,0.012843514513846079,0.09673023102970082,0.014060525838022402,-0.9951284815474458
1676469259.579423,1045,1676469259,544525568,map,-0.9979156851768494,-0.9222128391265869,0.1288677603006363,0.012860149348117722,0.09673460639941185,0.014067817242814818,-0.9951277650510211
1676469259.5914447,1046,1676469259,574524032,map,-0.9979722499847412,-0.9222011566162109,0.12887288630008698,0.0128471048985036,0.09673379507257802,0.014069671704149304,-0.9951279336384151
1676469259.6186864,1047,1676469259,614524032,map,-0.9980515837669373,-0.92218017578125,0.12887561321258545,0.012848366669780897,0.0967332497977254,0.014071020403301658,-0.9951279336384151
1676469259.649709,1048,1676469259,644524032,map,-0.9981192946434021,-0.9221557974815369,0.12887494266033173,0.012864614279881845,0.09673222773664902,0.014073464920515245,-0.9951278493447181
1676469259.690882,1049,1676469259,673522496,map,-0.9981853365898132,-0.922126293182373,0.1288784295320511,0.012860115103803306,0.0967170127243366,0.014068449445542478,-0.9951294087781131
1676469259.717634,1050,1676469259,714522496,map,-0.9982704520225525,-0.9220857620239258,0.1288769245147705,0.012864785501453918,0.0967210561876156,0.014071188990695697,-0.9951289451627794
1676469259.7511222,1051,1676469259,744522496,map,-0.998326301574707,-0.9220520257949829,0.12887340784072876,0.012855323533963228,0.09672482833055733,0.014072158368211454,-0.9951286501348399
1676469259.785888,1052,1676469259,773520960,map,-0.9983819723129272,-0.9220157861709595,0.1288662999868393,0.012861988004384015,0.09673420073599494,0.014077005255790174,-0.995127596463627
1676469259.8162453,1053,1676469259,813520960,map,-0.9984566569328308,-0.9219783544540405,0.12885548174381256,0.01286743285037601,0.09673465644879446,0.014081009206398725,-0.9951274700230816
1676469259.8494813,1054,1676469259,843520960,map,-0.9985063076019287,-0.9219463467597961,0.12884512543678284,0.012871629095980877,0.09673747765346666,0.014078606836033597,-0.9951271749951419
1676469259.8844697,1055,1676469259,873519424,map,-0.9985436201095581,-0.9219182133674622,0.12883499264717102,0.01287083620839327,0.09673748028764469,0.014079955535185951,-0.9951271749951419
1676469259.9163718,1056,1676469259,913519424,map,-0.9985789656639099,-0.9218795299530029,0.1288214921951294,0.012875035088176166,0.09672950926492006,0.01407966050724637,-0.9951278914915666
1676469259.9501195,1057,1676469259,943519424,map,-0.9985999464988708,-0.9218538403511047,0.12880808115005493,0.012864598474813652,0.09671942036305778,0.014078311808094011,-0.9951289873096278
1676469259.9829535,1058,1676469259,973517888,map,-0.9986168146133423,-0.9218353033065796,0.12880083918571472,0.012862182933558376,0.09671947568079645,0.014086024681371536,-0.9951289451627794
1676469260.0162117,1059,1676469260,13517888,map,-0.9986280798912048,-0.9218166470527649,0.1288064569234848,0.012845727223392901,0.09670709240986833,0.014089607163494916,-0.9951302517150832
1676469260.0490727,1060,1676469260,43517888,map,-0.9986333847045898,-0.9218125939369202,0.12881048023700714,0.012849736442357498,0.09670650762234526,0.014093442526709422,-0.9951302095682347
1676469260.085624,1061,1676469260,73516096,map,-0.998633086681366,-0.9218096137046814,0.12880805134773254,0.012848227058345206,0.09670151585497473,0.01408914354816129,-0.9951307996241139
1676469260.117809,1062,1676469260,113516096,map,-0.9986332058906555,-0.9218124747276306,0.1287999153137207,0.01284944931695202,0.09669483557948576,0.014092894617678774,-0.9951313475331445
1676469260.1508672,1063,1676469260,143516096,map,-0.9986313581466675,-0.9218164682388306,0.1288021057844162,0.012857080530710528,0.09669505421626241,0.014095254841195393,-0.9951312632394474
1676469260.1837645,1064,1676469260,173514816,map,-0.9986274242401123,-0.9218211770057678,0.12880495190620422,0.012845095020665236,0.09669855767304489,0.014096139925014127,-0.995131052505205
1676469260.2168612,1065,1676469260,213514816,map,-0.9986194968223572,-0.9218317866325378,0.12880204617977142,0.012853318924480927,0.09669967983288648,0.014096940715135838,-0.9951308417709623
1676469260.2498372,1066,1676469260,243514816,map,-0.9986063241958618,-0.9218424558639526,0.12880250811576843,0.012839125973244886,0.09669534924420199,0.014098205120591168,-0.9951313475331446
1676469260.2834976,1067,1676469260,273513536,map,-0.9985912442207336,-0.9218488335609436,0.12880241870880127,0.012842247474212722,0.0966968428231461,0.014104569294716283,-0.995131136798902
1676469260.3170938,1068,1676469260,313513536,map,-0.9985650181770325,-0.9218535423278809,0.12880690395832062,0.012847149679530146,0.09669764097908977,0.014110132678719743,-0.9951308839178109
1676469260.3498683,1069,1676469260,343513536,map,-0.9985350966453552,-0.9218490123748779,0.12880848348140717,0.012834811189628583,0.09669610261911912,0.014107140252475456,-0.9951312632394474
1676469260.384248,1070,1676469260,373512256,map,-0.9985053539276123,-0.9218328595161438,0.12881521880626678,0.012836241548299918,0.09669361858923502,0.014116960468178534,-0.995131305386296
1676469260.4169,1071,1676469260,413512256,map,-0.9984466433525085,-0.921798050403595,0.12883643805980682,0.01283345722212017,0.09669028108566856,0.014115401034783624,-0.9951316847079327
1676469260.4496655,1072,1676469260,443512256,map,-0.9984025359153748,-0.9217600226402283,0.12885984778404236,0.012841064728276386,0.09669304170424602,0.014122650292727471,-0.9951312632394474
1676469260.4855113,1073,1676469260,473510976,map,-0.9983618259429932,-0.9217197299003601,0.12888604402542114,0.012846206643794714,0.09669856294140095,0.0141296045227318,-0.9951305467430228
1676469260.5160775,1074,1676469260,513510976,map,-0.9983042478561401,-0.9216603636741638,0.12892338633537292,0.012836929068766255,0.09669766205251402,0.014133819207582849,-0.9951306310367198
1676469260.5495267,1075,1676469260,543510976,map,-0.998258650302887,-0.9216022491455078,0.1289496123790741,0.012841905031068574,0.0966980387399726,0.01414098417182973,-0.9951304624493258
1676469260.5851114,1076,1676469260,573509696,map,-0.9982134103775024,-0.9215442538261414,0.12897588312625885,0.01283821718182387,0.09668927219548233,0.014140351969102061,-0.9951313475331446
1676469260.6178398,1077,1676469260,613509696,map,-0.9981447458267212,-0.9214669466018677,0.12900830805301666,0.012844876383888587,0.09668856623576977,0.01414347083589188,-0.9951313475331446
1676469260.6508377,1078,1676469260,643509696,map,-0.9980913996696472,-0.9214033484458923,0.12903247773647308,0.0128424766477015,0.09668451750413469,0.014142417164679101,-0.9951317268547811
1676469260.6836495,1079,1676469260,673508416,map,-0.9980371594429016,-0.9213367700576782,0.1290535181760788,0.012853548097969703,0.09668343485696357,0.014136600899584574,-0.9951318111484782
1676469260.7168727,1080,1676469260,713508416,map,-0.9979665279388428,-0.9212607741355896,0.1290811002254486,0.012852660379972946,0.09668326890374755,0.014137359542857773,-0.9951318111484782
1676469260.7505023,1081,1676469260,743508416,map,-0.9979134202003479,-0.9212021231651306,0.12910081446170807,0.012845237266278963,0.09668337953922489,0.014131922599399846,-0.9951320218827207
1676469260.782984,1082,1676469260,773506880,map,-0.9978601336479187,-0.921140730381012,0.12911958992481232,0.012854709770481787,0.0966863087451964,0.01413988835376844,-0.9951314739736901
1676469260.8154137,1083,1676469260,813506880,map,-0.9977945685386658,-0.9210605621337891,0.12915398180484772,0.012851662026498843,0.09668238118575079,0.014140183381708015,-0.9951319375890236
1676469260.8486383,1084,1676469260,843506880,map,-0.9977526068687439,-0.921005129814148,0.12918321788311005,0.012850726893297507,0.09667937558861636,0.014145283150377852,-0.9951321483232662
1676469260.8855867,1085,1676469260,883505600,map,-0.9976946711540222,-0.9209367036819458,0.12922416627407074,0.012849209606751117,0.09667442333391633,0.014145198856680828,-0.9951326540854484
1676469260.9159431,1086,1676469260,913505600,map,-0.9976471066474915,-0.920886218547821,0.12924884259700775,0.012843066703580654,0.09667029294276226,0.014149202807289322,-0.9951330334070849
1676469260.9501662,1087,1676469260,942505600,map,-0.9975975751876831,-0.9208372235298157,0.1292681097984314,0.012841733809496493,0.09666724256460128,0.014155988449899602,-0.9951332441413275
1676469260.9826543,1088,1676469260,972504576,map,-0.9975450038909912,-0.9207879304885864,0.12928040325641632,0.012835604077216189,0.09666931566271242,0.01415666279947578,-0.9951331598476305
1676469261.015798,1089,1676469261,12504576,map,-0.9974781274795532,-0.92071932554245,0.12929530441761017,0.012838567527502115,0.09667621457497805,0.014154344722807672,-0.9951324433512058
1676469261.04861,1090,1676469261,42504576,map,-0.9974245429039001,-0.9206685423851013,0.12930580973625183,0.012850800650282403,0.09667826923384296,0.01416231047717621,-0.9951319797358722
1676469261.085801,1091,1676469261,82503552,map,-0.99733966588974,-0.9206127524375916,0.12932057678699493,0.01285425405768226,0.09667719712338396,0.014159444491477513,-0.9951320640295692
1676469261.1177847,1092,1676469261,112503552,map,-0.9972714781761169,-0.9205797910690308,0.1293247491121292,0.012861927418289273,0.09667284282709718,0.014154513310201717,-0.9951324433512058
1676469261.150793,1093,1676469261,142503552,map,-0.9972032308578491,-0.920555830001831,0.12931929528713226,0.012853234630783902,0.09666756393432119,0.01415830652656771,-0.9951330334070849
1676469261.1840189,1094,1676469261,172502016,map,-0.9971361756324768,-0.9205358624458313,0.1293075829744339,0.012853750929678165,0.0966608836588322,0.014159065169840907,-0.9951337077566611
1676469261.217504,1095,1676469261,212502016,map,-0.9970510005950928,-0.9205124378204346,0.12928476929664612,0.012861363704190446,0.09665369235280503,0.014162015449236679,-0.9951342135188432
1676469261.249768,1096,1676469261,243502016,map,-0.9969879388809204,-0.9204904437065125,0.1292659491300583,0.012849939274065962,0.09665629755487862,0.014170444818938836,-0.9951340449314492
1676469261.282629,1097,1676469261,272500992,map,-0.9969239234924316,-0.9204767942428589,0.12924665212631226,0.012847592221439509,0.0966542507985478,0.014165808665602618,-0.9951342978125403
1676469261.3157537,1098,1676469261,312500992,map,-0.996833860874176,-0.9204694628715515,0.12922169268131256,0.012844863212998431,0.09665281780569844,0.014169686175665636,-0.9951343821062373
1676469261.3487225,1099,1676469261,342500992,map,-0.9967615008354187,-0.9204714894294739,0.1291988641023636,0.012842176351405858,0.09665951915461167,0.014178916335489506,-0.9951336656098126
1676469261.3849373,1100,1676469261,372499968,map,-0.9966877698898315,-0.9204747080802917,0.1291808933019638,0.012843353828986132,0.0966567506335001,0.014186544915070006,-0.9951337920503581
1676469261.4167967,1101,1676469261,412499968,map,-0.9965879917144775,-0.9204763174057007,0.1291562020778656,0.012834861239011189,0.09665368445027094,0.014186797796161072,-0.9951342135188432
1676469261.44924,1102,1676469261,442499968,map,-0.9965208768844604,-0.9204791188240051,0.12913911044597626,0.012840990971291493,0.09665309702856982,0.014185069775372117,-0.9951342556656918
1676469261.4857547,1103,1676469261,482498944,map,-0.9964318871498108,-0.920494794845581,0.12911799550056458,0.01283265379782043,0.09665248853344444,0.014178916335489502,-0.9951345085467829
1676469261.5157137,1104,1676469261,512498944,map,-0.9963714480400085,-0.9205084443092346,0.12909631431102753,0.01283923924290026,0.09665121359127699,0.014181866614885276,-0.9951345085467829
1676469261.5493045,1105,1676469261,542498944,map,-0.9963073134422302,-0.9205257296562195,0.12907449901103973,0.012842063081750484,0.09664549215659164,0.014182625258158473,-0.995135014308965
1676469261.5859914,1106,1676469261,582497920,map,-0.9962186217308044,-0.9205504059791565,0.12904083728790283,0.01284075652944665,0.09664576611110695,0.014188020054767889,-0.995134930015268
1676469261.6182675,1107,1676469261,612497920,map,-0.9961538314819336,-0.9205729961395264,0.12901671230793,0.012844396963486774,0.0966464141189028,0.0141888208448896,-0.9951348035747224
1676469261.6791131,1108,1676469261,672492544,map,-0.996049702167511,-0.9206358194351196,0.12896285951137543,0.01283323068280942,0.09664535781351201,0.01418764073313129,-0.9951350564558135
1676469261.7087142,1109,1676469261,702492544,map,-0.9960047602653503,-0.9207146167755127,0.1289464682340622,0.012639737135473943,0.09672933277499193,0.013754539717833355,-0.9951353936306016
1676469261.7440946,1110,1676469261,732492544,map,-0.9960407614707947,-0.9208436608314514,0.128904789686203,0.012135945318511093,0.09727940183161973,0.013898302618103998,-0.9950861239646923
1676469261.7771792,1111,1676469261,772491520,map,-0.9960246086120605,-0.9210847616195679,0.12888553738594055,0.011694267419541184,0.09764487822848196,0.014159613078871541,-0.9950519007237015
1676469261.811333,1112,1676469261,802491520,map,-0.9951273798942566,-0.9214198589324951,0.12902283668518066,0.0102361392433901,0.09492804495826515,0.014236826105343485,-0.9953297327490853
1676469261.8422253,1113,1676469261,832491520,map,-0.9926040172576904,-0.9217993021011353,0.12935490906238556,0.008172115875580498,0.07833868977034295,0.013141176631454298,-0.9968067269083011
1676469261.8777835,1114,1676469261,872490496,map,-0.9877269864082336,-0.921917200088501,0.12985509634017944,0.00811093182243284,0.06567833755759118,0.012197045077961766,-0.9977333253728131
1676469261.9110832,1115,1676469261,902490496,map,-0.9840835928916931,-0.9218360185623169,0.13018181920051575,0.009867636175969195,0.039311519376088906,0.009033334041339987,-0.999137489777802
1676469261.9438214,1116,1676469261,932490496,map,-0.9811803102493286,-0.9218502640724182,0.13043788075447083,0.011083497022890066,0.019580002703479676,0.007827259824352256,-0.9997162503015536
1676469261.9768019,1117,1676469261,972489984,map,-0.978782594203949,-0.9221921563148499,0.13063456118106842,0.010792197926954131,0.013989353475686037,0.007864433344738849,-0.9998130194657346
1676469262.0096352,1118,1676469262,1489984,map,-0.977841854095459,-0.9225602149963379,0.1306944191455841,0.009501004527403843,0.009899378185890083,0.008265165580380446,-0.9998716878788617
1676469262.042771,1119,1676469262,32489984,map,-0.9772883057594299,-0.922843873500824,0.13071925938129425,0.008571826708690194,0.011480420237097473,0.008661135222140294,-0.9998598446144302
1676469262.075903,1120,1676469262,72488704,map,-0.976613461971283,-0.9230993986129761,0.13074032962322235,0.008521170971227784,0.012810182777482911,0.008681197122031456,-0.9998439973993901
1676469262.1089084,1121,1676469262,101488704,map,-0.9759504795074463,-0.9233399033546448,0.1307757943868637,0.008344416472832334,0.014569766122972035,0.008846117740254608,-0.9998199315488904
1676469262.1419666,1122,1676469262,131488704,map,-0.9751284718513489,-0.9236605763435364,0.1308416724205017,0.007539596058736493,0.014362880414522217,0.008797353836527496,-0.9998297517645934
1676469262.177864,1123,1676469262,171487680,map,-0.9738894701004028,-0.9241610765457153,0.13101275265216827,0.007134138766250136,0.01365328092646912,0.008715588950416372,-0.999843407343511
1676469262.210763,1124,1676469262,201487680,map,-0.9723190665245056,-0.9258412718772888,0.1319195032119751,0.0010813893511134043,0.008088485991422756,0.009076197386275568,-0.9999255936981072
1676469262.2421873,1125,1676469262,231487680,map,-0.9710253477096558,-0.9291366338729858,0.1382138729095459,-0.027178482190125006,0.0035546019831361,0.006855648525630625,-0.9996008100834823
1676469262.2795386,1126,1676469262,271486656,map,-0.9704194068908691,-0.9345017075538635,0.1677568405866623,-0.027186392626754895,0.00987966646704102,0.0062763822396968766,-0.9995618663954582
1676469262.310776,1127,1676469262,301486656,map,-0.9704615473747253,-0.9406210780143738,0.2073119729757309,-0.02066312686662208,0.02141241444494758,0.005536072845603015,-0.9995418466424155
1676469262.344068,1128,1676469262,341486656,map,-0.9711766839027405,-0.9509931206703186,0.2766680121421814,-0.01363600631620785,0.022888971536405206,0.004625658770919235,-0.9996343589748969
1676469262.3776696,1129,1676469262,371485376,map,-0.9720722436904907,-0.9595881104469299,0.33251217007637024,-0.0087601842674078,0.021339032377673716,0.004257126727539944,-0.9997248904054984
1676469262.4115248,1130,1676469262,401485376,map,-0.9731626510620117,-0.9683932662010193,0.3853585124015808,0.006499941307272049,0.01450710561303748,0.0033465862123105965,-0.9998681053967383
1676469262.4418025,1131,1676469262,431485376,map,-0.9745169281959534,-0.9774786829948425,0.43365103006362915,0.01825860581861527,0.009791670762067604,0.002798255713183876,-0.9997814514762
1676469262.4778671,1132,1676469262,471484352,map,-0.9766964912414551,-0.9900228977203369,0.4898435175418854,0.02432511947251335,0.0076239961106963185,0.0026064032587622956,-0.9996717010826777
1676469262.5109832,1133,1676469262,501484352,map,-0.9785412549972534,-0.9996076226234436,0.5255004167556763,0.03355832704038209,0.004609474381091006,0.0022375340405949187,-0.9994236247323425
1676469262.5440278,1134,1676469262,541484352,map,-0.98125159740448,-1.012459397315979,0.5664836168289185,0.041298172983833654,0.0021563578932739147,0.002041045432837131,-0.9991425052527748
1676469262.5790346,1135,1676469262,571483328,map,-0.9833634495735168,-1.0218795537948608,0.5938599109649658,0.04523161850025494,0.0008755691676774993,0.0018783164507365905,-0.9989743814740649
1676469262.6103375,1136,1676469262,601483328,map,-0.9855273962020874,-1.0309245586395264,0.620245099067688,0.052367290687391856,-0.0018380925521888634,0.0017010046590512724,-0.998624773365667
1676469262.6429877,1137,1676469262,631483328,map,-0.9877282977104187,-1.0394221544265747,0.6469370126724243,0.05767916600651914,-0.0031462964856525987,0.0014995005763206706,-0.998329113223363
1676469262.676486,1138,1676469262,671482304,map,-0.9905271530151367,-1.0495232343673706,0.6841738224029541,0.0595239441025531,-0.003570804812210384,0.0013520287533810695,-0.9982195735640833
1676469262.7091327,1139,1676469262,701482304,map,-0.9924687743186951,-1.055987000465393,0.7132358551025391,0.06215666016567625,-0.005263535518063261,0.0010676639664780512,-0.9980519555475554
1676469262.7418003,1140,1676469262,731482304,map,-0.9942807555198669,-1.0616207122802734,0.7425597906112671,0.06191712908887672,-0.006801553045566745,0.0009071266205000659,-0.9980577296658014
1676469262.778898,1141,1676469262,771481280,map,-0.9965299963951111,-1.0677896738052368,0.7801339030265808,0.061100752535754796,-0.007398555252189466,0.0008439906414307044,-0.9981038383180724
1676469262.81093,1142,1676469262,801481280,map,-0.9980615973472595,-1.0714911222457886,0.8060823082923889,0.058166636456396144,-0.008108740186310153,0.0007415316527007572,-0.9982737322644197
1676469262.8444958,1143,1676469262,841481280,map,-0.9999895691871643,-1.075219750404358,0.8368082642555237,0.054249368744357956,-0.007773627959622005,0.0006784378204799301,-0.998496984120982
1676469262.8765743,1144,1676469262,871480256,map,-1.0012513399124146,-1.077184796333313,0.8569508194923401,0.051938899582415,-0.007242846354543997,0.0005691088954426834,-0.9986238461349998
1676469262.9107952,1145,1676469262,901480256,map,-1.0023435354232788,-1.078386902809143,0.8747537732124329,0.04774811726278734,-0.0067082399229636235,0.00037358966520064507,-0.9988368141605253
1676469262.9449317,1146,1676469262,941480256,map,-1.0035429000854492,-1.0788729190826416,0.8955422043800354,0.04358058946682556,-0.005958742515894397,0.0003804174546593884,-0.9990321226565247
1676469262.9767804,1147,1676469262,971479232,map,-1.0042564868927002,-1.0784351825714111,0.9095141291618347,0.04152865039073745,-0.005089077858275529,0.00033506744566167915,-0.9991243399610666
1676469263.0106776,1148,1676469263,1479232,map,-1.0047472715377808,-1.077391505241394,0.9226884841918945,0.037082157872838126,-0.003922858754910899,0.00034459263342513473,-0.9993044755916022
1676469263.0427365,1149,1676469263,31479232,map,-1.0050512552261353,-1.0758213996887207,0.9354694485664368,0.03264126166616764,-0.0026988154924783396,0.0003695014208950998,-0.9994634113573367
1676469263.077327,1150,1676469263,70478208,map,-1.0051864385604858,-1.0729714632034302,0.9518311023712158,0.03043446848320542,-0.0019758284531224608,0.00045586031349392536,-0.9995347659718657
1676469263.1097667,1151,1676469263,101478208,map,-1.0050766468048096,-1.0702881813049316,0.9633738994598389,0.026462968313845845,-0.0005613960221650494,0.0004308250854784581,-0.9996495739872094
1676469263.1430252,1152,1676469263,130478208,map,-1.0047931671142578,-1.0672733783721924,0.9741824269294739,0.022733265931482283,0.0003835718828526253,0.0004861638975732291,-0.9997414119701146
1676469263.1768122,1153,1676469263,166477184,map,-1.0042228698730469,-1.0637671947479248,0.986087441444397,0.020844153302081912,0.000752525394716992,0.000439591629968679,-0.9997824208537157
1676469263.2132394,1154,1676469263,206477184,map,-1.0034579038619995,-1.0590617656707764,0.9975329041481018,0.016894115756782,0.00206653966637466,0.0004064642070391433,-0.9998550820205485
1676469263.2422867,1155,1676469263,235477184,map,-1.0027446746826172,-1.0553607940673828,1.0049293041229248,0.014033632197405398,0.00387960950289376,0.0003380177250574721,-0.9998940257085726
1676469263.277245,1156,1676469263,265476160,map,-1.001966118812561,-1.051571249961853,1.0112930536270142,0.012596419724100102,0.005048976119734293,0.0002977674847295216,-0.9999078920217327
1676469263.3093076,1157,1676469263,305476160,map,-1.0008444786071777,-1.0464885234832764,1.0185519456863403,0.010288602356254667,0.006905442886876565,0.00023210269474956244,-0.9999232334745906
1676469263.342679,1158,1676469263,335476160,map,-0.9998847842216492,-1.0427138805389404,1.0231616497039795,0.0084574188620327,0.007934176727231427,0.00021507536795116762,-0.9999327586623541
1676469263.37614,1159,1676469263,365475136,map,-0.998953104019165,-1.0390233993530273,1.0272607803344727,0.007643189719653732,0.008370155026382331,0.0002279723035954846,-0.9999357932354469
1676469263.411448,1160,1676469263,405475136,map,-0.9976535439491272,-1.0342013835906982,1.0316882133483887,0.00704689997587059,0.00977487137398703,0.0002862192482375811,-0.9999273638657447
1676469263.44164,1161,1676469263,435475136,map,-0.9966938495635986,-1.0308101177215576,1.0345475673675537,0.007113173014021747,0.01012498812569925,0.00032853468414247917,-0.9999234020619846
1676469263.478108,1162,1676469263,475474112,map,-0.9954971075057983,-1.0266058444976807,1.0376702547073364,0.006943807220369735,0.0101714708312507,0.000349650255246462,-0.9999241185584093
1676469263.5110347,1163,1676469263,505474112,map,-0.9946356415748596,-1.0237330198287964,1.0396003723144531,0.007076666434585598,0.010398676095130455,0.00032018960813735473,-0.999920873251074
1676469263.5440402,1164,1676469263,535474112,map,-0.9938282370567322,-1.0211776494979858,1.041218638420105,0.006837583332687615,0.010677955436706686,0.00026552514561873687,-0.9999195666987701
1676469263.5803354,1165,1676469263,565472832,map,-0.993097186088562,-1.0189313888549805,1.0426239967346191,0.006808432036861126,0.010799750773916185,0.00027492389283665194,-0.9999185130275574
1676469263.6100795,1166,1676469263,605472832,map,-0.9922811388969421,-1.0163581371307373,1.0442246198654175,0.007589111526383336,0.010959900895723487,0.00019345403466507918,-0.999911137329068
1676469263.6429808,1167,1676469263,635472832,map,-0.9917137622833252,-1.014814019203186,1.0450068712234497,0.008684440042142957,0.010350749448427185,0.00023821398778366818,-0.9999086928118543
1676469263.676003,1168,1676469263,665471808,map,-0.9912474751472473,-1.0136144161224365,1.04558527469635,0.009515790086379008,0.009887722030416853,0.00022422123407806298,-0.9999058268261556
1676469263.7086353,1169,1676469263,705471808,map,-0.9908136129379272,-1.0125045776367188,1.0460463762283325,0.010982284741231757,0.009402641767831576,0.00024255511318024833,-0.9998955008482705
1676469263.7418296,1170,1676469263,735471808,map,-0.9905697703361511,-1.0119177103042603,1.046157956123352,0.013634694824820326,0.008885691326100538,0.0003404200954225964,-0.9998675153408593
1676469263.778226,1171,1676469263,775470784,map,-0.9903862476348877,-1.0116047859191895,1.0460147857666016,0.014707809893463122,0.008536867214939426,0.00029131901690736993,-0.9998554191953366
1676469263.8089108,1172,1676469263,805470784,map,-0.9903803467750549,-1.011680245399475,1.045722484588623,0.016157182720380574,0.00813208558911826,0.00022725580717079967,-0.9998364531135067
1676469263.8419163,1173,1676469263,835470784,map,-0.9903994202613831,-1.0119576454162598,1.0454298257827759,0.018205612083513394,0.007207254328793425,0.00021461175261753705,-0.9998082990187014
1676469263.8797238,1174,1676469263,875469760,map,-0.990519106388092,-1.0127360820770264,1.045147180557251,0.019027320542244198,0.006236161633871822,0.00028520772387332006,-0.9997994903273626
1676469263.9092991,1175,1676469263,905469760,map,-0.9907122254371643,-1.0134623050689697,1.044982671737671,0.02067125902695613,0.004899776605277981,0.0002616897824041923,-0.9997742865119531
1676469263.9425569,1176,1676469263,935469760,map,-0.9909511804580688,-1.0143131017684937,1.0448153018951416,0.021903030967734372,0.004349903794913555,0.00030004341454912837,-0.99975059998309
1676469263.9778101,1177,1676469263,965468736,map,-0.9912005066871643,-1.0152579545974731,1.0446183681488037,0.02257916124825826,0.004077932815650788,0.0002993269181244395,-0.9997367336699299
1676469264.011179,1178,1676469264,5468736,map,-0.9915797114372253,-1.0166587829589844,1.0442208051681519,0.023705819607394846,0.0038949766389875357,0.0003895211739377643,-0.9997113612671263
1676469264.0448234,1179,1676469264,35468736,map,-0.9918926358222961,-1.0177537202835083,1.0438075065612793,0.024764250121326388,0.003646295086249578,0.00047002165459354294,-0.999686578920202
1676469264.077292,1180,1676469264,65467968,map,-0.9921979308128357,-1.018908143043518,1.0433807373046875,0.025462411349820333,0.003562208172203296,0.00039495811739568984,-0.9996694251528581
1676469264.1095462,1181,1676469264,105467968,map,-0.9926278591156006,-1.0205514430999756,1.0428996086120605,0.025989316761924355,0.0033383623084948895,0.0003941151804254637,-0.9996566125109108
1676469264.144314,1182,1676469264,135467968,map,-0.9929090738296509,-1.0217472314834595,1.0426418781280518,0.026501792146769457,0.002966494078638191,0.0004908000509094403,-0.9996443056311455
1676469264.177808,1183,1676469264,165466944,map,-0.9931852221488953,-1.022934079170227,1.0424847602844238,0.026837711749024395,0.0028406080275812312,0.0005970522560054131,-0.9996356655272008
1676469264.2118049,1184,1676469264,205466944,map,-0.9935520887374878,-1.0244187116622925,1.042343258857727,0.027803580539636427,0.002774474353911575,0.0006286202455400787,-0.9996094080405785
1676469264.2420015,1185,1676469264,234466944,map,-0.9937389492988586,-1.0254216194152832,1.0422173738479614,0.02830572072697325,0.002416086530133283,0.0006491457607648504,-0.9995962160769946
1676469264.2781947,1186,1676469264,275465920,map,-0.9939469695091248,-1.0266697406768799,1.0420207977294922,0.02829541713960135,0.0021305903637655658,0.0006022363183722586,-0.9995971854545104
1676469264.3106987,1187,1676469264,304465920,map,-0.9940497875213623,-1.0274657011032104,1.0418410301208496,0.028069164954260775,0.002385910703688499,0.0006262600220234289,-0.9996030017196048
1676469264.3432894,1188,1676469264,335465920,map,-0.9940916299819946,-1.0282096862792969,1.0415970087051392,0.027353981667324497,0.0031004696904312124,0.0006367545873026682,-0.9996208298365249
1676469264.3761477,1189,1676469264,364464896,map,-0.9940730929374695,-1.0288844108581543,1.0412579774856567,0.026574679852912984,0.0034295456981591936,0.0007615092588949395,-0.9996407231490221
1676469264.4097123,1190,1676469264,404464896,map,-0.9940010905265808,-1.0295823812484741,1.0407048463821411,0.026126801098855908,0.003838459690767951,0.0007491602322812136,-0.9996510491269073
1676469264.442642,1191,1676469264,434464896,map,-0.9938578605651855,-1.0299499034881592,1.0403721332550049,0.026547583380587526,0.003885894651677947,0.0008155415186859006,-0.9996397116246578
1676469264.4778736,1192,1676469264,474463872,map,-0.9936392903327942,-1.0303211212158203,1.0402512550354004,0.026641381191948522,0.004051336837151397,0.0008153729312918135,-0.999636508464171
1676469264.5088449,1193,1676469264,504463872,map,-0.9934394359588623,-1.0304009914398193,1.0404012203216553,0.02683359057749344,0.0048814414090867266,0.0007667776149587621,-0.9996277840665292
1676469264.5418513,1194,1676469264,534463872,map,-0.9932030439376831,-1.0304068326950073,1.0406595468521118,0.026359842219529275,0.0058076994060881045,0.0007790002010269396,-0.9996353704992612
1676469264.5782068,1195,1676469264,574462336,map,-0.9928764700889587,-1.0302480459213257,1.0410079956054688,0.025607997759833596,0.00649221427528763,0.0007694328664149795,-0.9996507540989678
1676469264.610844,1196,1676469264,604462336,map,-0.9925981163978577,-1.0300185680389404,1.0412214994430542,0.02440914909318744,0.007186825948883546,0.000851029165132071,-0.9996758736206802
1676469264.6447382,1197,1676469264,634462336,map,-0.9923310875892639,-1.029724359512329,1.0413823127746582,0.023522864747820612,0.0077351004717271,0.0008227907766297593,-0.9996930695348727
1676469264.6774287,1198,1676469264,674460800,map,-0.9920104742050171,-1.0291730165481567,1.041485071182251,0.023333801229390327,0.007909831427485647,0.0009063679772268469,-0.9996960619611169
1676469264.7108693,1199,1676469264,704460800,map,-0.991718053817749,-1.0286635160446167,1.0415016412734985,0.023495388953858557,0.007912943050285864,0.0009798299341813627,-0.9996921423042054
1676469264.7438674,1200,1676469264,734460800,map,-0.991494357585907,-1.028091549873352,1.0415749549865723,0.023084497352092326,0.007501789347805458,0.0010523646604685699,-0.9997048285056072
1676469264.7776623,1201,1676469264,774459520,map,-0.9912582039833069,-1.027162790298462,1.0418323278427124,0.023130240512161313,0.007718536760262319,0.0009584614819863266,-0.9997022154009995
1676469264.8113089,1202,1676469264,804459520,map,-0.9911613464355469,-1.0264627933502197,1.0421193838119507,0.02260763539569442,0.008066711875810813,0.0011714295075118454,-0.9997112769734293
1676469264.8447657,1203,1676469264,834459520,map,-0.9910639524459839,-1.0257216691970825,1.0423835515975952,0.02079926361569527,0.007364366914057657,0.0012900307392215158,-0.9997557840454568
1676469264.8791676,1204,1676469264,874458240,map,-0.9910098314285278,-1.0247399806976318,1.0426782369613647,0.020476798077738417,0.006935786148262502,0.0013628183465998571,-0.9997653513800688
1676469264.9099355,1205,1676469264,904458240,map,-0.9910246729850769,-1.0239763259887695,1.042803406715393,0.019924495238139536,0.006407075007117593,0.0013443580269520655,-0.9997801027770477
1676469264.9431746,1206,1676469264,934458240,map,-0.9910656213760376,-1.023261308670044,1.0428555011749268,0.019180666582195024,0.006414463876497158,0.0013282579308208943,-0.9997946012929354
1676469264.9774423,1207,1676469264,964456704,map,-0.9911354780197144,-1.0225498676300049,1.0429396629333496,0.01908490894237827,0.006071744143652792,0.0012950883610428408,-0.9997986052435439
1676469265.0087292,1208,1676469265,4456704,map,-0.9912503957748413,-1.0216317176818848,1.0431004762649536,0.01879725933546945,0.005844072136353007,0.001360753151022824,-0.9998053487393057
1676469265.0418978,1209,1676469265,34456704,map,-0.9913976788520813,-1.0210633277893066,1.043195366859436,0.018399355548489656,0.005714255233127897,0.001351270110107859,-0.9998134830810683
1676469265.0792153,1210,1676469265,74455424,map,-0.9915772676467896,-1.0203421115875244,1.0432543754577637,0.0185459383363435,0.005180037342807235,0.0013921104063149086,-0.9998136938153108
1676469265.1109517,1211,1676469265,104455424,map,-0.9917357563972473,-1.019914150238037,1.0433415174484253,0.018964559933544428,0.00428714516184731,0.001424563479668273,-0.9998099848926418
1676469265.1427345,1212,1676469265,134455424,map,-0.9918854832649231,-1.0195585489273071,1.0434147119522095,0.018778658087296972,0.0040267408583227506,0.0013589829833853223,-0.9998147053396751
1676469265.1762505,1213,1676469265,164454400,map,-0.9919792413711548,-1.0192664861679077,1.0434759855270386,0.018820513859135336,0.003899208445995833,0.0012633939309626269,-0.999814536752281
1676469265.209007,1214,1676469265,204454400,map,-0.9920712113380432,-1.0190590620040894,1.0436396598815918,0.01890067650645855,0.0033016089395043746,0.0010996112776493097,-0.9998153796892513
1676469265.2415607,1215,1676469265,234454400,map,-0.9921251535415649,-1.0189697742462158,1.043811321258545,0.019202958313790236,0.003390352421766602,0.0011007070957105658,-0.9998093105430657
1676469265.2796967,1216,1676469265,274453376,map,-0.992119312286377,-1.0190486907958984,1.0439777374267578,0.01941086871749448,0.0035301719575234615,0.0010271186982105497,-0.9998048429771235
1676469265.3114626,1217,1676469265,304453376,map,-0.9920884966850281,-1.0192015171051025,1.0439560413360596,0.020020916032275828,0.003505741931910827,0.000924912590571664,-0.999792999712692
1676469265.3424683,1218,1676469265,334453376,map,-0.9920485615730286,-1.0194778442382812,1.0438170433044434,0.02067363373845191,0.003694696790497292,0.0007780729703596843,-0.9997791755463804
1676469265.3788183,1219,1676469265,374452352,map,-0.992007851600647,-1.02011239528656,1.043543815612793,0.020923052202494304,0.004100759285386485,0.0006735066392041589,-0.9997724741974672
1676469265.4112408,1220,1676469265,403452352,map,-0.9919363856315613,-1.0207582712173462,1.0433056354522705,0.021175013306882016,0.004891208282684618,0.0005093446642542244,-0.9997637497998254
1676469265.4441497,1221,1676469265,434452352,map,-0.9918350577354431,-1.0215039253234863,1.0430761575698853,0.02224002465608183,0.005103225369940638,0.00038446355211643686,-0.9997395996556286
1676469265.4778998,1222,1676469265,474451072,map,-0.9917004108428955,-1.0226486921310425,1.0429000854492188,0.0234899559616677,0.0049436145960853745,0.0003816397132662498,-0.99971182488246
1676469265.508972,1223,1676469265,503451072,map,-0.9916398525238037,-1.0236655473709106,1.0428657531738281,0.024983858909670434,0.004945901062617091,0.000455270257614771,-0.9996755364458921
1676469265.5426295,1224,1676469265,534451072,map,-0.9915785193443298,-1.024700403213501,1.0428017377853394,0.026941026187070248,0.0052487373644245,0.0005994124795220266,-0.9996231057663446
1676469265.5802193,1225,1676469265,573449536,map,-0.9914480447769165,-1.0260705947875977,1.042555332183838,0.028646144773662785,0.005189634970466574,0.0006268922247510906,-0.9995759855897094
1676469265.6107833,1226,1676469265,603449536,map,-0.9913800358772278,-1.0271532535552979,1.0422677993774414,0.030467323268708678,0.004785104250102949,0.0008523778642844131,-0.999523976378647
1676469265.6434546,1227,1676469265,633449536,map,-0.9913475513458252,-1.0281822681427002,1.0420030355453491,0.031628787680725676,0.004283785926312089,0.0010810666643045054,-0.9994899217250501
1676469265.677197,1228,1676469265,673448256,map,-0.9913353323936462,-1.0294560194015503,1.0417860746383667,0.03201248205285673,0.0044636923833588716,0.0012266840259096594,-0.9994768140551632
1676469265.7108521,1229,1676469265,703448256,map,-0.9913551807403564,-1.0303783416748047,1.0417014360427856,0.03235546125223724,0.004687509271108926,0.0014885002488593045,-0.999464338588004
1676469265.7427766,1230,1676469265,733448256,map,-0.9914116263389587,-1.0311769247055054,1.0416446924209595,0.03253927551239439,0.004774691344342727,0.001805023081176117,-0.9994575107985453
1676469265.776615,1231,1676469265,773447232,map,-0.9915071725845337,-1.0320403575897217,1.0415959358215332,0.032765926775706805,0.004454424027953523,0.0019452877930203948,-0.9994512730649656
1676469265.8092484,1232,1676469265,803447232,map,-0.9916495084762573,-1.0325696468353271,1.041560173034668,0.032851845760574296,0.003988493251843621,0.0022661938975823367,-0.9994497557784192
1676469265.8424172,1233,1676469265,833447232,map,-0.9917972683906555,-1.0329337120056152,1.0416008234024048,0.033066468049903895,0.00333964515319644,0.0025157453876153454,-0.9994444874223554
1676469265.8773055,1234,1676469265,873446208,map,-0.9920538067817688,-1.0331982374191284,1.0418641567230225,0.03321967316133001,0.0027067509537996477,0.002666883986375411,-0.9994408627933834
1676469265.9113948,1235,1676469265,903446208,map,-0.9922649264335632,-1.0331695079803467,1.0421926975250244,0.03271242530278927,0.0027059923105264504,0.0027751592401998714,-0.9994573422111512
1676469265.9418285,1236,1676469265,933446208,map,-0.9924514889717102,-1.03299081325531,1.0425854921340942,0.0315655805788495,0.0027865612798110883,0.0027258895742906853,-0.9994941364099013
1676469265.9779572,1237,1676469265,973445440,map,-0.9925971031188965,-1.0324013233184814,1.0431888103485107,0.031175184857805207,0.0025674108384445993,0.0026511632118808573,-0.9995071597860911
1676469266.0112948,1238,1676469266,3445440,map,-0.9927481412887573,-1.0317895412445068,1.0435442924499512,0.02981726213107779,0.002543146107503469,0.0026144533068278375,-0.9995487587255714
1676469266.0447404,1239,1676469266,33445440,map,-0.9928684830665588,-1.030992031097412,1.043766736984253,0.028175911067737727,0.0029432777505537682,0.002612261670705301,-0.9995952888463274
1676469266.0772703,1240,1676469266,73444672,map,-0.9929758310317993,-1.029723882675171,1.0439276695251465,0.02735529875634046,0.00301694780757278,0.002561263984007106,-0.9996179638508262
1676469266.109916,1241,1676469266,103444672,map,-0.9930018782615662,-1.0286325216293335,1.0438756942749023,0.025098140089407722,0.002930768039080129,0.0025511487403644946,-0.9996774752009235
1676469266.1435828,1242,1676469266,133444672,map,-0.9930282235145569,-1.027441143989563,1.0436850786209106,0.023448928638820376,0.003085265214830907,0.0024143822169466686,-0.9997173882664634
1676469266.1764803,1243,1676469266,173443648,map,-0.993040919303894,-1.0257887840270996,1.043407678604126,0.022784664671785824,0.003265364625418529,0.002347790196299412,-0.9997323925445333
1676469266.2091355,1244,1676469266,203443648,map,-0.9930499792098999,-1.0245568752288818,1.0433094501495361,0.020585783901087017,0.0038301620299673687,0.0022056710231207126,-0.9997784169031072
1676469266.2426386,1245,1676469266,233443648,map,-0.9930397272109985,-1.023266077041626,1.043288230895996,0.019385981661993304,0.004023178791079072,0.0021481827217518126,-0.9998016819634852
1676469266.2750187,1246,1676469266,263442880,map,-0.9929928779602051,-1.0220067501068115,1.0433664321899414,0.01892137587743346,0.0038341475413296807,0.002116867613308223,-0.9998114178854912
1676469266.3085756,1247,1676469266,303442880,map,-0.992975652217865,-1.020422339439392,1.0435618162155151,0.01821081952421027,0.0037655456428441047,0.0020649005490943097,-0.9998249470238632
1676469266.3420942,1248,1676469266,333442880,map,-0.9929680824279785,-1.019241213798523,1.0436031818389893,0.01788659698950612,0.0046076607495160226,0.0019194517748832409,-0.9998276022753194
1676469266.378768,1249,1676469266,373441344,map,-0.9930049180984497,-1.017791986465454,1.0433571338653564,0.017683581547129713,0.00488895869464535,0.0019503032679931618,-0.999829793911442
1676469266.4107068,1250,1676469266,403441344,map,-0.9929834604263306,-1.016826868057251,1.042984127998352,0.017108733436300042,0.004841939275319892,0.001727472879916088,-0.9998404570641152
1676469266.444682,1251,1676469266,433441344,map,-0.992997407913208,-1.01592218875885,1.0425353050231934,0.017204314586188655,0.004713172750585014,0.0015452299069549883,-0.999839698420842
1676469266.4773555,1252,1676469266,473440320,map,-0.9929938316345215,-1.014805793762207,1.0418789386749268,0.017551243735528046,0.004967993913770895,0.0013868841970995731,-0.9998327441908378
1676469266.508968,1253,1676469266,503440320,map,-0.9930122494697571,-1.0141350030899048,1.0413981676101685,0.017930483054062595,0.005261960938144793,0.0011885411280072769,-0.9998247362896207
1676469266.543253,1254,1676469266,533440320,map,-0.9930194616317749,-1.013559103012085,1.0410054922103882,0.018027811322530885,0.004836972532640686,0.0010421651231289732,-0.9998252841986514
1676469266.5784838,1255,1676469266,572439552,map,-0.9930669069290161,-1.012998104095459,1.040663719177246,0.01807149323828989,0.004738486542927362,0.0010031371414078434,-0.9998250313175603
1676469266.6110184,1256,1676469266,603439552,map,-0.9931376576423645,-1.012683391571045,1.040433645248413,0.017913158723691095,0.005151316899725093,0.0009444687282807219,-0.9998258742545305
1676469266.6439507,1257,1676469266,633439552,map,-0.9931661486625671,-1.012459635734558,1.0401287078857422,0.018425753305092142,0.005123121316615813,0.0008912372586114555,-0.9998167283884036
1676469266.6794395,1258,1676469266,673438528,map,-0.9931944608688354,-1.0123132467269897,1.0396531820297241,0.019149671526382306,0.0047458609243277525,0.0008037404011028179,-0.9998050958582145
1676469266.7113378,1259,1676469266,702438528,map,-0.9932501912117004,-1.0122828483581543,1.0392796993255615,0.02040709048302394,0.004852680136245089,0.0007340295136657909,-0.999779723455411
1676469266.7442782,1260,1676469266,732438528,map,-0.993314266204834,-1.0124003887176514,1.0389207601547241,0.02105060173697843,0.005467081088768711,0.0005685609864120435,-0.9997633704781888
1676469266.7781427,1261,1676469266,772437760,map,-0.993360161781311,-1.0126416683197021,1.0384738445281982,0.02102680654827149,0.005369796284237947,0.0006104971006803781,-0.9997643398557046
1676469266.810671,1262,1676469266,802437760,map,-0.993401825428009,-1.01292884349823,1.0382122993469238,0.021473054746126805,0.004417551462407063,0.0006666367028969074,-0.9997594508212773
1676469266.8442981,1263,1676469266,833437760,map,-0.9934651851654053,-1.0132538080215454,1.037876844406128,0.022185858711755744,0.004032784321272507,0.0008942296848557445,-0.9997453737738746
1676469266.876796,1264,1676469266,872436992,map,-0.9935080409049988,-1.0137896537780762,1.037278652191162,0.022933263922923112,0.003691795901939628,0.0009705154806604364,-0.9997297794399256
1676469266.909956,1265,1676469266,902436992,map,-0.9935449361801147,-1.014243483543396,1.0367783308029175,0.02410273491906816,0.0026442399334684038,0.0012239444807564278,-0.9997052921209407
1676469266.9428961,1266,1676469266,932436992,map,-0.9936120510101318,-1.0147979259490967,1.0362645387649536,0.024238019058798542,0.0026285316713194925,0.0013757995759411806,-0.9997018782262114
1676469266.975966,1267,1676469266,972436224,map,-0.993735134601593,-1.015560507774353,1.0356014966964722,0.024167147815938456,0.0026988233950125517,0.001519646769908869,-0.9997031847785153
1676469267.008656,1268,1676469267,2436224,map,-0.9938656687736511,-1.0161941051483154,1.0351409912109375,0.024220010500683245,0.0029291875322609716,0.0017919154112892724,-0.9997008245549986
1676469267.0416296,1269,1676469267,32436224,map,-0.9940115213394165,-1.0168226957321167,1.0346921682357788,0.024724949502178996,0.003109869754738158,0.0020587049623632266,-0.9996873375634752
1676469267.078889,1270,1676469267,72435200,map,-0.9941620826721191,-1.017620325088501,1.0341508388519287,0.024917578380575497,0.002927126946495492,0.0021708577262506755,-0.9996829121443815
1676469267.1110864,1271,1676469267,102435200,map,-0.9943040013313293,-1.018196702003479,1.0337563753128052,0.025455316191291325,0.0025052376514459514,0.0024797941258355776,-0.9996697623276461
1676469267.1418347,1272,1676469267,132435200,map,-0.9944211840629578,-1.018717885017395,1.0333929061889648,0.02599920283207819,0.00191331940842486,0.002624020641439811,-0.9996566968046077
1676469267.1772919,1273,1676469267,172434688,map,-0.9946053624153137,-1.019325613975525,1.032975673675537,0.02624328181724986,0.0018415815209922707,0.0027190617848318888,-0.9996502483367855
1676469267.211631,1274,1676469267,202434688,map,-0.9947100877761841,-1.019737720489502,1.032781720161438,0.02621366575363686,0.001890187374037459,0.002796274811303872,-0.9996506698052707
1676469267.2437801,1275,1676469267,232434688,map,-0.9948126673698425,-1.0200855731964111,1.0326898097991943,0.026250000288320297,0.001999981231497354,0.002809551068584805,-0.9996495318403609
1676469267.2770724,1276,1676469267,272433920,map,-0.9949253797531128,-1.0204471349716187,1.032607078552246,0.026180712186457403,0.001944198560404169,0.0028740357468064427,-0.9996512177143013
1676469267.3115246,1277,1676469267,302433920,map,-0.9949917793273926,-1.0206677913665771,1.0324772596359253,0.0259079628075862,0.0021311580291314474,0.0029017683731266384,-0.9996578769163661
1676469267.344166,1278,1676469267,332433920,map,-0.9949800968170166,-1.0207866430282593,1.032225489616394,0.025976696414973372,0.001734674722655372,0.0028882392347546475,-0.9996569075388503
1676469267.3752031,1279,1676469267,372433152,map,-0.9949901103973389,-1.0208395719528198,1.031739592552185,0.02625591796926903,0.0014685107888639953,0.0029329570410246883,-0.999649869015149
1676469267.4117482,1280,1676469267,402433152,map,-0.9949545860290527,-1.0208014249801636,1.0312912464141846,0.025947723090800165,0.0018580280115346316,0.0028936761782125168,-0.9996574554478809
1676469267.443832,1281,1676469267,432433152,map,-0.9949174523353577,-1.0206369161605835,1.0308915376663208,0.025598361278048282,0.002527118451268186,0.0027926923291804297,-0.999665294761704
1676469267.4779687,1282,1676469267,472432128,map,-0.9948034286499023,-1.0202442407608032,1.0304653644561768,0.025547396518575502,0.003162167408295097,0.0026663782241932825,-0.9996650840274613
1676469267.5112894,1283,1676469267,502432128,map,-0.9947042465209961,-1.0198620557785034,1.0302026271820068,0.025028061075590743,0.0036775094373834505,0.002606192524519721,-0.9996766322639533
1676469267.544402,1284,1676469267,532432128,map,-0.9945798516273499,-1.0194017887115479,1.0299370288848877,0.023847457384538247,0.004159020718007714,0.002492986089419461,-0.9997038591280913
1676469267.5784674,1285,1676469267,572431360,map,-0.9944000244140625,-1.018664002418518,1.0295463800430298,0.023394634278315233,0.004251222217481361,0.002393393086388228,-0.9997144379870677
1676469267.609788,1286,1676469267,602431360,map,-0.9942680597305298,-1.0180954933166504,1.029252529144287,0.02259150171379335,0.0045999696082072924,0.0022204645669480013,-0.9997317603418057
1676469267.6432316,1287,1676469267,632431360,map,-0.9941579103469849,-1.0175316333770752,1.028951644897461,0.02167350713327814,0.005311723853890508,0.0019055854617231335,-0.9997492512839377
1676469267.6759374,1288,1676469267,672431360,map,-0.9939689040184021,-1.0167158842086792,1.0285911560058594,0.02118588982797586,0.0052939662012327525,0.0018045594658425241,-0.9997599144366109
1676469267.709114,1289,1676469267,701431360,map,-0.9938521981239319,-1.0160897970199585,1.0284018516540527,0.02092711805628659,0.004854954748975663,0.0016043619354157892,-0.999767922337828
1676469267.7422805,1290,1676469267,731431360,map,-0.9937344193458557,-1.0154433250427246,1.0282464027404785,0.02080054316767428,0.004750741397676413,0.001538149236405178,-0.9997712519388603
1676469267.775436,1291,1676469267,772430080,map,-0.9935505390167236,-1.014662265777588,1.0280218124389648,0.02075295015608237,0.004547378902344301,0.0015242829232450872,-0.9997731485470434
1676469267.8113706,1292,1676469267,802430080,map,-0.9934146404266357,-1.0140855312347412,1.0277584791183472,0.02028850769056051,0.004126737549137386,0.0014448782606505375,-0.9997846124898383
1676469267.8455496,1293,1676469267,842430080,map,-0.9932512640953064,-1.0133576393127441,1.027351975440979,0.01979258482192355,0.004598170464611484,0.0012276955502739,-0.9997928311252979
1676469267.8758903,1294,1676469267,872429056,map,-0.9931193590164185,-1.0128792524337769,1.0270553827285767,0.01974779260012409,0.004872960672912925,0.0011197996180860312,-0.9997924939505098
1676469267.9111753,1295,1676469267,901429056,map,-0.9930008053779602,-1.0124766826629639,1.026764154434204,0.019822465620428758,0.005438587843541822,0.0010095856092300144,-0.9997882371188103
1676469267.945995,1296,1676469267,941429056,map,-0.9928120374679565,-1.0120210647583008,1.026336908340454,0.01968592629486616,0.0053731463001500555,0.0009174947452337238,-0.9997913981324485
1676469267.977322,1297,1676469267,971428544,map,-0.9926823377609253,-1.0116863250732422,1.0260441303253174,0.019919622008780464,0.005056250073097216,0.0009167782488090476,-0.9997884057062042
1676469268.0108557,1298,1676469268,1428544,map,-0.9925895929336548,-1.01132071018219,1.0257759094238281,0.021323131820528474,0.004818853997592556,0.0007027144052222032,-0.9997607995204296
1676469268.0453756,1299,1676469268,41428544,map,-0.9924626350402832,-1.010906457901001,1.0255333185195923,0.022129200176466943,0.005022747938342611,0.0005519551280987686,-0.9997423813476304
1676469268.0783615,1300,1676469268,71428032,map,-0.9923619031906128,-1.0106120109558105,1.0254220962524414,0.022034335523003015,0.004800020283208759,0.0005021375531588493,-0.9997455845081172
1676469268.1100962,1301,1676469268,101428032,map,-0.992318868637085,-1.0103650093078613,1.0253071784973145,0.021397164077026874,0.004939987991479914,0.0004320894909337481,-0.9997588186185496
1676469268.1429029,1302,1676469268,131428032,map,-0.9923003911972046,-1.010092854499817,1.025048851966858,0.020896632713923054,0.005535531522017451,0.0003635165684065568,-0.9997662786107361
1676469268.1791444,1303,1676469268,171427520,map,-0.9922299385070801,-1.009756326675415,1.024537444114685,0.02104726489195648,0.005403299077537061,0.00019551923024209065,-0.9997639183872195
1676469268.2100403,1304,1676469268,201427520,map,-0.9922224879264832,-1.009474754333496,1.0241634845733643,0.021367188448112518,0.004989337999819123,-3.645702396182287e-05,-0.9997592822338832
1676469268.2429802,1305,1676469268,231427520,map,-0.9922472834587097,-1.009246587753296,1.0238068103790283,0.021218217119328222,0.005385087029168798,-0.000300085561397454,-0.999760335905096
1676469268.27644,1306,1676469268,271427008,map,-0.9923479557037354,-1.0089579820632935,1.0233094692230225,0.020862635353698446,0.005371446596774953,-0.00029110828266462824,-0.9997679644846765
1676469268.309232,1307,1676469268,301427008,map,-0.9924405217170715,-1.0087871551513672,1.0229440927505493,0.02038539802693099,0.005124954045981529,-0.00040258669697592627,-0.9997789648121378
1676469268.3426483,1308,1676469268,331427008,map,-0.9926053285598755,-1.0086256265640259,1.0225906372070312,0.020900725568040165,0.004819106878683623,-0.0004620980470733965,-0.9997698610928595
1676469268.3759267,1309,1676469268,371426496,map,-0.9928203821182251,-1.008466124534607,1.022194266319275,0.02102652864248912,0.004755330794352543,-0.0006257121129926564,-0.9997674165756458
1676469268.4086478,1310,1676469268,401426496,map,-0.9930092096328735,-1.0082849264144897,1.0220454931259155,0.02148958092055463,0.0038700935347534098,-0.0007203739347480853,-0.9997613474294603
1676469268.4416301,1311,1676469268,431426496,map,-0.99320387840271,-1.0081034898757935,1.0220656394958496,0.021251110100412945,0.0032926382462166335,-0.000711944565045957,-0.9997685123937071
1676469268.4785895,1312,1676469268,461425984,map,-0.9934210181236267,-1.0079373121261597,1.0222042798995972,0.020895955730168846,0.0032268061859316343,-0.0006719472058091578,-0.9997762252669846
1676469268.5090666,1313,1676469268,506425984,map,-0.9937372207641602,-1.0076085329055786,1.0224202871322632,0.020595444749019125,0.003045810496268647,-0.0007862073121221689,-0.9997829266158978
1676469268.5431464,1314,1676469268,536425984,map,-0.9939286708831787,-1.0073319673538208,1.0225094556808472,0.020298403638881964,0.002346552791168913,-0.0009147130532318675,-0.9997908080765694
1676469268.5768692,1315,1676469268,566425472,map,-0.994118869304657,-1.0070698261260986,1.0225470066070557,0.020101689808902444,0.0020251554124040097,-0.0009702204527207303,-0.9997954863767541
1676469268.608956,1316,1676469268,606425472,map,-0.9944729804992676,-1.0067893266677856,1.022404670715332,0.01911593165706032,0.0024265172165952227,-0.001093247103524032,-0.9998137359621593
1676469268.6428015,1317,1676469268,636425472,map,-0.9949299097061157,-1.0065034627914429,1.0219709873199463,0.019149660989670178,0.005395702108092972,-0.0016120748086931337,-0.999800839026515
1676469268.6770623,1318,1676469268,666424960,map,-0.9951669573783875,-1.0061075687408447,1.0211279392242432,0.02098309829073217,0.008053335519764669,-0.002062835353517094,-0.9997453316270262
1676469268.711021,1319,1676469268,706424960,map,-0.9928666353225708,-1.0054762363433838,1.0197125673294067,0.0251658967460173,-0.01695505516064482,-0.0026257065153800917,-0.9995360725241695
1676469268.7428334,1320,1676469268,736424960,map,-0.9882727861404419,-1.0044413805007935,1.01698899269104,0.03398107310183651,-0.09133992569385072,-0.003547373798616319,-0.9952335536407835
1676469268.775731,1321,1676469268,766424448,map,-0.9808815121650696,-1.0020164251327515,1.0128824710845947,0.047646511747739685,-0.1413775730374051,-0.005179594800897748,-0.9887949060343196
1676469268.808825,1322,1676469268,806424448,map,-0.9656383991241455,-0.9953327178955078,1.0079513788223267,0.10025577276078856,-0.23383668985421646,-0.01492188098103944,-0.966978053517989
1676469268.842646,1323,1676469268,836424448,map,-0.9472522735595703,-0.9861053228378296,1.0066744089126587,0.17582177414992559,-0.2937742394204531,-0.035313032052792064,-0.9389017617950629
1676469268.8771105,1324,1676469268,865423936,map,-0.9204261302947998,-0.9718447923660278,1.0073297023773193,0.2237765479476739,-0.3247562139050612,-0.04915477360019435,-0.9176280978623407
1676469268.9091234,1325,1676469268,905423936,map,-0.8708290457725525,-0.9433425664901733,1.0090886354446411,0.28155605506378534,-0.36415667630239823,-0.0679920968078959,-0.8851515487143317
1676469268.941878,1326,1676469268,935423936,map,-0.8230310082435608,-0.9138385057449341,1.0102667808532715,0.31772692563192195,-0.3891509560203629,-0.08805159432871634,-0.8601500803245179
1676469268.9755538,1327,1676469268,965423680,map,-0.7658922076225281,-0.8764883875846863,1.0111315250396729,0.32214884126878335,-0.3921174250743098,-0.0977005252394064,-0.8561067645594738
1676469269.00832,1328,1676469269,5423680,map,-0.6722362637519836,-0.81086665391922,1.0119266510009766,0.3164020631565843,-0.3863012152975451,-0.11739772845042719,-0.8584165382984162
1676469269.0417671,1329,1676469269,36423680,map,-0.5887096524238586,-0.7492938041687012,1.0122228860855103,0.3111341417320978,-0.3783137842779613,-0.13381080707863063,-0.8614922467153473
1676469269.0757546,1330,1676469269,65423168,map,-0.4947749078273773,-0.6786566972732544,1.0121793746948242,0.30246384483876254,-0.3724381079321258,-0.13700279865060314,-0.866623161906215
1676469269.1104722,1331,1676469269,105423168,map,-0.3563619554042816,-0.5728324055671692,1.0119181871414185,0.2744472277849718,-0.3498839015694531,-0.13771900004734883,-0.8850387637477165
1676469269.142942,1332,1676469269,135423168,map,-0.24323201179504395,-0.48584064841270447,1.0118440389633179,0.22319774527707378,-0.302722600146839,-0.1333156659023246,-0.9169344871763969
1676469269.176826,1333,1676469269,165422656,map,-0.1236625537276268,-0.3942367732524872,1.0122934579849243,0.1885458892761183,-0.2703986884448903,-0.12797115048320362,-0.9353922358664093
1676469269.2090533,1334,1676469269,205422656,map,0.04405359923839569,-0.2670595049858093,1.0133248567581177,0.10231957222346547,-0.19269152968681263,-0.10994136089297081,-0.9696976210650029
1676469269.2419407,1335,1676469269,235422656,map,0.17330500483512878,-0.16932342946529388,1.0148717164993286,0.017021721267549306,-0.08425161339354988,-0.09271333080196083,-0.9919759394256794
1676469269.2751474,1336,1676469269,265422144,map,0.3046844005584717,-0.07021938264369965,1.01719069480896,-0.01856605291979519,-0.01544948576741091,-0.08499704362973784,-0.9960885024628269
1676469269.3108513,1337,1676469269,305422144,map,0.4806291460990906,0.060997430235147476,1.0195156335830688,-0.07611569639248422,0.12539180023282953,-0.07257442861854578,-0.9865172903407909
1676469269.3436193,1338,1676469269,335422144,map,0.610912024974823,0.1568497270345688,1.0203561782836914,-0.13628326765282514,0.2690856270871358,-0.0640651063447418,-0.951270428840161
1676469269.3771982,1339,1676469269,365421376,map,0.7383273243904114,0.2484656274318695,1.020121455192566,-0.16235275825732928,0.3095023685400819,-0.06474506145176812,-0.9346967285722825
1676469269.4089856,1340,1676469269,405421376,map,0.9027753472328186,0.36343029141426086,1.016523003578186,-0.237731717201131,0.38897746378682396,-0.07502134820254275,-0.8868777150419439
1676469269.442171,1341,1676469269,435421376,map,1.0191618204116821,0.4416118264198303,1.0109288692474365,-0.30403111227913243,0.4247249034072179,-0.09812637699676041,-0.8470803426012896
1676469269.4774199,1342,1676469269,465420864,map,1.1273233890533447,0.5097858309745789,1.0019382238388062,-0.3346052580524809,0.432253025974264,-0.11203247678183881,-0.829846580538882
1676469269.5087566,1343,1676469269,505420864,map,1.2587336301803589,0.5836390256881714,0.9833653569221497,-0.39241059196710637,0.43550271263058093,-0.1411070376851697,-0.7977720912522428
1676469269.5423672,1344,1676469269,535420864,map,1.3478280305862427,0.6253464221954346,0.9645643830299377,-0.42499277165419574,0.41822160912058354,-0.1650883205333531,-0.785632049786892
1676469269.5800927,1345,1676469269,575420096,map,1.453763484954834,0.6603341698646545,0.9333605170249939,-0.43059891890380414,0.4028359600235984,-0.17495255861966102,-0.7884792169177728
1676469269.6108632,1346,1676469269,605420096,map,1.5237528085708618,0.6699875593185425,0.9058100581169128,-0.42373939681937767,0.35850594295542154,-0.19256475723484795,-0.8092202289790144
1676469269.6418324,1347,1676469269,635420096,map,1.585396647453308,0.6643528342247009,0.8751005530357361,-0.41449868711247395,0.31482403509895385,-0.19913498730236265,-0.8303143473370802
1676469269.6782,1348,1676469269,675419328,map,1.6543445587158203,0.6314091086387634,0.8307361006736755,-0.4118072894653335,0.2955889562767868,-0.19849264825763235,-0.8388341009558906
1676469269.710775,1349,1676469269,705419328,map,1.6973789930343628,0.5899052023887634,0.7959499955177307,-0.4033907903570187,0.2613590824256565,-0.19143140740496564,-0.8557577886538035
1676469269.7428532,1350,1676469269,735419328,map,1.7334511280059814,0.5355452299118042,0.7600128650665283,-0.3734673497778299,0.2284414032877082,-0.17787457855349706,-0.8813043000885603
1676469269.7762597,1351,1676469269,765419072,map,1.7630324363708496,0.47132590413093567,0.7230028510093689,-0.33259496401398864,0.20933511469787836,-0.16685836173026514,-0.9042774935406358
1676469269.8090787,1352,1676469269,805419072,map,1.790521502494812,0.3700754940509796,0.6728785037994385,-0.24808472175290766,0.19705549867532776,-0.14114903701971082,-0.9379232384131855
1676469269.8418298,1353,1676469269,835419072,map,1.800550103187561,0.28145501017570496,0.6371909379959106,-0.1477239532899444,0.20663735024243468,-0.10361465531615202,-0.9616354768538996
1676469269.8762274,1354,1676469269,865418560,map,1.800357460975647,0.1835189163684845,0.6054352521896362,-0.09856151159749903,0.21520114468376092,-0.0853236817056972,-0.9678295462984546
1676469269.9089253,1355,1676469269,905418560,map,1.7837527990341187,0.04462309554219246,0.5713889598846436,0.00043211056435801186,0.23752326415675235,-0.05176235697071479,-0.9700016684301606
1676469269.9417152,1356,1676469269,935418560,map,1.7580925226211548,-0.06242460757493973,0.5524082779884338,0.09639354093037157,0.26005546459614626,-0.023108063367310343,-0.9604923278817386
1676469269.9757023,1357,1676469269,965418304,map,1.721696138381958,-0.1687241643667221,0.5384051203727722,0.14187628089076645,0.2662708076624872,-0.010675375259324259,-0.9533399655425914
1676469270.0089917,1358,1676469270,4418304,map,1.6534626483917236,-0.305804580450058,0.5275638103485107,0.23118365505884417,0.27312698960916915,0.01286545194849605,-0.9336971317661497
1676469270.0420256,1359,1676469270,34418304,map,1.5876003503799438,-0.401315301656723,0.5249742865562439,0.29299477823827075,0.27422775070552935,0.02727655527243198,-0.9155376563230487
1676469270.0766532,1360,1676469270,64417792,map,1.5095901489257812,-0.4878043532371521,0.5263801217079163,0.3325846933538422,0.27142916835426956,0.03700619739802035,-0.9024103038579062
1676469270.1106205,1361,1676469270,104417792,map,1.388358235359192,-0.585349440574646,0.5328096151351929,0.3845959090257678,0.2632325098419656,0.05064508616353975,-0.8833061489522822
1676469270.1437538,1362,1676469270,134417792,map,1.2853405475616455,-0.6430016756057739,0.539706289768219,0.4447500459781459,0.24926267875358268,0.06662868840541711,-0.8576865970290561
1676469270.1777647,1363,1676469270,174416512,map,1.133249282836914,-0.6968483328819275,0.54964679479599,0.46440876911647616,0.24335558720053832,0.07215624758762089,-0.848466973917298
1676469270.2106898,1364,1676469270,204416512,map,1.0086004734039307,-0.7203758955001831,0.5558742880821228,0.5092478213329885,0.22757746138186363,0.08641157615946057,-0.8254746036491499
1676469270.2421572,1365,1676469270,234416512,map,0.8767980337142944,-0.7307387590408325,0.5594478249549866,0.5335900708652433,0.22250475098878944,0.08729560630697657,-0.8112661845197029
1676469270.278983,1366,1676469270,274415488,map,0.6927245259284973,-0.7269402742385864,0.5590253472328186,0.5350024644424041,0.22102239364310067,0.0821653233188365,-0.8112770584066188
1676469270.310923,1367,1676469270,304415488,map,0.5491169691085815,-0.7113150358200073,0.554908812046051,0.5094271034898417,0.21448328902321123,0.07150718612055311,-0.8302817888966055
1676469270.344695,1368,1676469270,334415488,map,0.39938992261886597,-0.6824575066566467,0.5485627055168152,0.4418703941637754,0.2056225779366598,0.04792754166525431,-0.8718789582092205
1676469270.3783016,1369,1676469270,374414976,map,0.19331097602844238,-0.6249412298202515,0.5380581617355347,0.4132347294674127,0.19936153714982097,0.04062635880401507,-0.8876044531508172
1676469270.409994,1370,1676469270,404414976,map,0.03393246605992317,-0.5674575567245483,0.5310969352722168,0.30435060119591334,0.16381187161606442,0.023928704654666132,-0.9380638402998178
1676469270.4444213,1371,1676469270,434414976,map,-0.1279912292957306,-0.49954283237457275,0.5259751081466675,0.18572519563445852,0.11335912522988228,0.014923946176616593,-0.9759267988343675
1676469270.4768744,1372,1676469270,464414208,map,-0.29063180088996887,-0.42225128412246704,0.523464024066925,0.14121551050234676,0.08621851461732229,0.013749229214920975,-0.9861214471395767
1676469270.5088968,1373,1676469270,504414208,map,-0.5052152872085571,-0.30931422114372253,0.5255513191223145,0.014673902002683774,-0.014894627867728884,0.01634378920925158,-0.9996478038195719
1676469270.5417907,1374,1676469270,534414208,map,-0.661543607711792,-0.21793904900550842,0.5314511060714722,-0.055466812073731386,-0.1128878997559281,0.020635560646267412,-0.9918436826150522
1676469270.5758157,1375,1676469270,564413952,map,-0.8104010820388794,-0.12433306127786636,0.5407024621963501,-0.08906977262668649,-0.19388008135153198,0.022777042019105947,-0.97670790637782
1676469270.610996,1376,1676469270,604413952,map,-0.994435727596283,0.0011583352461457253,0.5558185577392578,-0.1265390321809399,-0.3086151668422153,0.027928819899986544,-0.9423186910975381
1676469270.6447697,1377,1676469270,634413952,map,-1.121415615081787,0.09435294568538666,0.5667724013328552,-0.17345073996667246,-0.40471365875958626,0.04537715156816305,-0.8966953597872229
1676469270.6770358,1378,1676469270,674413440,map,-1.2751338481903076,0.21589602530002594,0.5787820219993591,-0.1918130681916562,-0.4321653341875809,0.05875000942588163,-0.8791980956279253
1676469270.7104144,1379,1676469270,704413440,map,-1.377314567565918,0.30384841561317444,0.5853621959686279,-0.21594298190111325,-0.452444079614355,0.09256859852417446,-0.8602871840227237
1676469270.743631,1380,1676469270,734413440,map,-1.4674299955368042,0.3877556025981903,0.5894849896430969,-0.21241844115767763,-0.4411961499547223,0.11484624253527477,-0.864311702293332
1676469270.7766728,1381,1676469270,774413184,map,-1.5663005113601685,0.4919838309288025,0.5929445028305054,-0.2075719434372735,-0.4311257821690597,0.11990883768470635,-0.8698657296964006
1676469270.810127,1382,1676469270,804413184,map,-1.6253039836883545,0.5627871155738831,0.5947780013084412,-0.18374925918003662,-0.384808692658831,0.12873320765112925,-0.8953135753587933
1676469270.8429532,1383,1676469270,834413184,map,-1.6711839437484741,0.6275848150253296,0.5964449644088745,-0.1583776571666001,-0.3380032686883308,0.12277638281684203,-0.9195631439711728
1676469270.8757846,1384,1676469270,864412928,map,-1.70388662815094,0.6856736540794373,0.5992869734764099,-0.14205161178057168,-0.32040624293860787,0.11427405691989088,-0.9295712924717212
1676469270.9089754,1385,1676469270,904412928,map,-1.7307345867156982,0.7530279755592346,0.6056413054466248,-0.11743184105594068,-0.2686881243537612,0.10007503653766175,-0.9507899547671367
1676469270.9426029,1386,1676469270,934412928,map,-1.7393420934677124,0.7969921231269836,0.6126542091369629,-0.09213056105924462,-0.18925322139543027,0.09212260057323222,-0.9732463857096202
1676469270.9792607,1387,1676469270,974412672,map,-1.7372828722000122,0.8469862341880798,0.6284226179122925,-0.06824343427063456,-0.12405343759507807,0.08627341879004186,-0.9861595478906305
1676469271.0110712,1388,1676469271,4412672,map,-1.7273410558700562,0.8780614137649536,0.6472325325012207,-0.03512756019494931,-0.03643042868312743,0.07672083557504773,-0.9957675120645679
1676469271.0437765,1389,1676469271,34412672,map,-1.7122540473937988,0.9043853282928467,0.6703718900680542,-0.0010030897262031562,0.06363713670825023,0.0637320619478089,-0.9959355515495809
1676469271.0792866,1390,1676469271,74411904,map,-1.6863622665405273,0.9328033924102783,0.701163649559021,0.006993642576011331,0.10441832722862608,0.05861391725204001,-0.9927801012952673
1676469271.1086686,1391,1676469271,104411904,map,-1.664124846458435,0.9496459364891052,0.7219989895820618,0.004812790778307575,0.16165473268900413,0.04987784493324739,-0.9855743810459052
1676469271.14269,1392,1676469271,134411904,map,-1.639414668083191,0.9627825617790222,0.7415920495986938,-0.0109477387311138,0.19572833129421213,0.04068077038544266,-0.979752931889035
1676469271.1779318,1393,1676469271,174411904,map,-1.6043543815612793,0.9758681058883667,0.7674388885498047,-0.01923000539527746,0.19252629823558187,0.035356696187849514,-0.9804661408595363
1676469271.2109144,1394,1676469271,204411904,map,-1.575993299484253,0.9830371737480164,0.7876864075660706,0.0019515202582439373,0.13683509107202235,0.030869658401682716,-0.9901108570853753
1676469271.2452238,1395,1676469271,233411904,map,-1.5474913120269775,0.9870893359184265,0.8071357011795044,0.026140313115070698,0.08200663516583691,0.029176998818636713,-0.9958615838304443
1676469271.276852,1396,1676469271,273411648,map,-1.5092878341674805,0.9886908531188965,0.8320340514183044,0.03629812902594831,0.05663598804193698,0.027354147620540552,-0.9973598200013095
1676469271.3098216,1397,1676469271,303411648,map,-1.4798132181167603,0.9879400730133057,0.8501552939414978,0.04947648312905616,0.028376200794395585,0.023913236761262655,-0.9980857151732127
1676469271.3432128,1398,1676469271,333411648,map,-1.4497780799865723,0.9861130118370056,0.8678986430168152,0.06047255639287795,0.007613027393371356,0.020873690340353978,-0.9979226068694755
1676469271.376274,1399,1676469271,373411392,map,-1.4084707498550415,0.9822471141815186,0.8908259272575378,0.06471138348562999,0.0005412577311110538,0.01950362273581032,-0.9977133477666189
1676469271.4091334,1400,1676469271,404411392,map,-1.3765264749526978,0.9784521460533142,0.9071976542472839,0.07045539834507357,-0.006508008148222466,0.016748946863986792,-0.9973531186523963
1676469271.4428315,1401,1676469271,433411392,map,-1.344185471534729,0.974299430847168,0.9226644039154053,0.07262351125781491,-0.005093528302060477,0.014044467888739764,-0.997247582943725
1676469271.4766045,1402,1676469271,473411136,map,-1.3009027242660522,0.9689124226570129,0.9416018128395081,0.07291638707393909,-0.0026561944919216984,0.012740570836358234,-0.9972531884745769
1676469271.5093303,1403,1676469271,503411136,map,-1.2687058448791504,0.9650407433509827,0.9545038342475891,0.07203793348131668,0.0050863317276773545,0.010384604151447761,-0.9973349112138395
1676469271.5418296,1404,1676469271,533411136,map,-1.2368289232254028,0.9614529013633728,0.9663094282150269,0.06904933996607966,0.015786755385907333,0.008354811927163128,-0.9974534281518522
1676469271.5776696,1405,1676469271,573410624,map,-1.1953682899475098,0.9575018286705017,0.9804630279541016,0.06719593493699112,0.021547141661819362,0.007401829535483272,-0.9974796856384746
1676469271.6087003,1406,1676469271,603410624,map,-1.1651737689971924,0.9550071954727173,0.9899802803993225,0.0625592060328928,0.03234830023925742,0.005670984907686418,-0.9975008012095785
1676469271.6425686,1407,1676469271,633410624,map,-1.1362566947937012,0.9531733393669128,0.9987607598304749,0.05685971470908945,0.042047485339896135,0.004118168567999529,-0.9974878621270856
1676469271.6777048,1408,1676469271,673410368,map,-1.0999046564102173,0.9517507553100586,1.0096372365951538,0.05363819630628472,0.04629877769236753,0.0033826639146359314,-0.9974808236033843
1676469271.710662,1409,1676469271,703410368,map,-1.074583649635315,0.951464831829071,1.0173285007476807,0.04692207327628823,0.05291572918781789,0.00213296770943943,-0.9974937626858772
1676469271.744744,1410,1676469271,733410368,map,-1.0511410236358643,0.9518224596977234,1.0246466398239136,0.03980838198773876,0.05768471753672143,0.0010774841821810952,-0.9975403349534817
1676469271.7788343,1411,1676469271,773410112,map,-1.022892713546753,0.953265368938446,1.0336054563522339,0.036307768800456164,0.05914724610727485,0.0006383983143945669,-0.9975886352418751
1676469271.8108087,1412,1676469271,803410112,map,-1.004090666770935,0.9549843072891235,1.039652705192566,0.02962486571889261,0.05937711897032032,-0.0001694303310136895,-0.9977959555897002
1676469271.8430412,1413,1676469271,833410112,map,-0.9873908758163452,0.9571451544761658,1.0451550483703613,0.02221356367920658,0.05742589900837209,-0.0009606531181087007,-0.9981021524441319
1676469271.8767939,1414,1676469271,873409600,map,-0.9684502482414246,0.9607669711112976,1.0516853332519531,0.018644165518065185,0.055764209456447486,-0.0012710646573914856,-0.9982690961110836
1676469271.908728,1415,1676469271,903409600,map,-0.9566690325737,0.963875412940979,1.056058645248413,0.012183036519187921,0.05032453303883403,-0.001684061625949676,-0.9986572264390203
1676469271.9422731,1416,1676469271,933409600,map,-0.9468449354171753,0.9671891331672668,1.0599753856658936,0.006352428325300686,0.04257591133126909,-0.0020039562061474245,-0.9990711084913974
1676469271.9782782,1417,1676469271,973409600,map,-0.9368523955345154,0.9718976616859436,1.0644667148590088,0.0035556253613015054,0.038171511661231006,-0.002138488946594152,-0.9992626237710309
1676469272.01197,1418,1676469272,3409600,map,-0.9316307306289673,0.9755864143371582,1.0673277378082275,-0.0014973510870464678,0.028645985405891854,-0.0023256209539825913,-0.9995858900991094
1676469272.044947,1419,1676469272,33409600,map,-0.9282848238945007,0.9793050289154053,1.0698094367980957,-0.0060023342110557985,0.01855251192762218,-0.0023467365250864508,-0.9998071189069431
1676469272.076809,1420,1676469272,73409600,map,-0.926170289516449,0.9841495752334595,1.072702169418335,-0.007826292587106013,0.013310556089904817,-0.0023427747213265247,-0.9998780941998354
1676469272.1098595,1421,1676469272,103409600,map,-0.9261556267738342,0.987675666809082,1.0745577812194824,-0.010057491923442454,0.003215380438718136,-0.002390189925901274,-0.9999414409131473
1676469272.1436186,1422,1676469272,133409600,map,-0.9271965026855469,0.9909414052963257,1.0761686563491821,-0.012274868575192466,-0.006253253498031883,-0.002307160634334721,-0.9999024972251233
1676469272.1759899,1423,1676469272,173409344,map,-0.9301126003265381,0.9948680400848389,1.0777733325958252,-0.013391386172086751,-0.010661343486856573,-0.002188475108928095,-0.999851162363637
1676469272.2094786,1424,1676469272,203409344,map,-0.9332913756370544,0.9974469542503357,1.0785470008850098,-0.01466102508061851,-0.019288769791266674,-0.002104012824512295,-0.999704238449728
1676469272.242101,1425,1676469272,233409344,map,-0.9370139241218567,0.9997393488883972,1.0790766477584839,-0.01389543531531609,-0.027131334354620493,-0.0021073002786961494,-0.9995330379510767
1676469272.2781918,1426,1676469272,273409088,map,-0.9426994323730469,1.0022495985031128,1.0794978141784668,-0.013315463069669804,-0.030735587959480396,-0.0019758864050391173,-0.9994369431364719
1676469272.3107512,1427,1676469272,302409088,map,-0.9474042654037476,1.003664493560791,1.0796271562576294,-0.012379380247153833,-0.03728422698675643,-0.0018338093787088915,-0.9992264196281601
1676469272.3453753,1428,1676469272,333409088,map,-0.952279806137085,1.004698395729065,1.0797065496444702,-0.011359691248082405,-0.04214616494169468,-0.0017824323703741944,-0.9990453146201087
1676469272.37847,1429,1676469272,373408832,map,-0.9587228298187256,1.0054718255996704,1.0797840356826782,-0.010498287372771675,-0.043590385974926184,-0.0016841459196466953,-0.9989929682342582
1676469272.410501,1430,1676469272,402408832,map,-0.963340699672699,1.0057246685028076,1.0796864032745361,-0.007960753381565296,-0.04532662408224345,-0.0016292707228855827,-0.9989391888555582
1676469272.444816,1431,1676469272,432408832,map,-0.9678727388381958,1.005652904510498,1.0793448686599731,-0.0048408500427035706,-0.04552865895184747,-0.0015963540341985983,-0.9989500205956255
1676469272.47726,1432,1676469272,472408832,map,-0.9734235405921936,1.0050618648529053,1.0785824060440063,-0.0036145743143889465,-0.04503848320113168,-0.001614730060149307,-0.9989775003408548
1676469272.5123897,1433,1676469272,502408832,map,-0.9771931767463684,1.0042600631713867,1.077858328819275,-0.0017372456804144196,-0.042954239882748976,-0.001565671128482648,-0.9990743537987327
1676469272.5446708,1434,1676469272,532408832,map,-0.9804807901382446,1.0032258033752441,1.0770962238311768,0.0003995284162810454,-0.04029447871377199,-0.001463970783025847,-0.9991867594437113
1676469272.5793424,1435,1676469272,572408576,map,-0.9841981530189514,1.0014922618865967,1.0760958194732666,0.0013346273733020938,-0.039125625432375424,-0.001436238156705694,-0.999232446627497
1676469272.6100976,1436,1676469272,602408576,map,-0.9864672422409058,0.9998888969421387,1.0754282474517822,0.003328210186359829,-0.03567278701496894,-0.001438050471191661,-0.9993569905648467
1676469272.6428506,1437,1676469272,632408576,map,-0.9882748126983643,0.9981171488761902,1.074756145477295,0.005922817595895041,-0.031181663618674617,-0.0015118496029341837,-0.999495105787417
1676469272.6763334,1438,1676469272,672408576,map,-0.990001916885376,0.995585024356842,1.0736967325210571,0.007599339545772939,-0.02877796365219204,-0.0015599391570850982,-0.9995557551024241
1676469272.7087991,1439,1676469272,702408576,map,-0.9907422065734863,0.9935678839683533,1.072817087173462,0.01030996405836848,-0.0243704569691653,-0.0016412404278626884,-0.9996485203159966
1676469272.742429,1440,1676469272,732408576,map,-0.9911488890647888,0.9915080666542053,1.0719090700149536,0.012872099626031825,-0.020549387133947453,-0.0018614577113320874,-0.9997042805965766
1676469272.7758198,1441,1676469272,772408320,map,-0.9912004470825195,0.9886900186538696,1.070767879486084,0.013975708268844507,-0.018188177117664427,-0.0020191290716113073,-0.999734921355444
1676469272.8118584,1442,1676469272,802408320,map,-0.990872323513031,0.9866337180137634,1.0699663162231445,0.015835988091006063,-0.013599881939540525,-0.002227208062709644,-0.999779639161714
1676469272.8440049,1443,1676469272,832408320,map,-0.9902341961860657,0.9846282601356506,1.0692089796066284,0.017457765647525676,-0.009963985518026243,-0.0023842050734126825,-0.9997951913488146
1676469272.8782198,1444,1676469272,872408064,map,-0.9891108274459839,0.9820565581321716,1.0682181119918823,0.01774298851792258,-0.008074751057891894,-0.0024451915632079002,-0.999807034613246
1676469272.9110107,1445,1676469272,902408064,map,-0.9881092309951782,0.9802885055541992,1.0674936771392822,0.018221827095661197,-0.004494805318638396,-0.002503522801546984,-0.9998207744858606
1676469272.9444437,1446,1676469272,932408064,map,-0.9869770407676697,0.9786768555641174,1.0667468309402466,0.019199855910613132,-0.0020401432268610693,-0.0025905981905705155,-0.9998103220674299
1676469272.9781501,1447,1676469272,972407808,map,-0.9853336811065674,0.9766545295715332,1.0657905340194702,0.01901725864070673,-0.0010701466792730021,-0.0027072606672486487,-0.9998149582207662
1676469273.0099978,1448,1676469273,2407808,map,-0.9840892553329468,0.9753273129463196,1.065203070640564,0.018628368352407693,0.0007056093668792873,-0.0026946166126954165,-0.9998226289471951
1676469273.0429347,1449,1676469273,32407808,map,-0.9828091859817505,0.9741458892822266,1.064728856086731,0.01842800025895338,0.002651598509800604,-0.0026841641942646757,-0.9998231347093772
1676469273.0760243,1450,1676469273,72407552,map,-0.9811136722564697,0.9728948473930359,1.0640969276428223,0.01855889717517158,0.0035802707309682464,-0.0026782214886246505,-0.9998178663533134
1676469273.1089468,1451,1676469273,102407552,map,-0.9799772500991821,0.9721134901046753,1.0636464357376099,0.018157466223807033,0.005102894780597632,-0.002706965639309085,-0.9998184564091925
1676469273.1426163,1452,1676469273,132407552,map,-0.9789946675300598,0.9714741110801697,1.0631773471832275,0.01773099839806574,0.006727473703136139,-0.0029148760430133024,-0.9998159697451304
1676469273.1758091,1453,1676469273,172407296,map,-0.9778767824172974,0.9708011150360107,1.0625665187835693,0.017318359677719834,0.006992018934526893,-0.0029472026758211953,-0.9998212381011943
1676469273.2107995,1454,1676469273,202407296,map,-0.9771623015403748,0.9704797863960266,1.0621165037155151,0.016601885972820158,0.006656670619632632,-0.003016660682167201,-0.9998354837359908
1676469273.2440279,1455,1676469273,232407296,map,-0.9766514301300049,0.9702987670898438,1.061640739440918,0.016565507315654687,0.006067018428263508,-0.0031815813003903287,-0.9998393190992054
1676469273.278617,1456,1676469273,272407296,map,-0.9763609766960144,0.970350444316864,1.0608389377593994,0.016555200764832502,0.005838462983506264,-0.0031998730326439685,-0.9998408363857518
1676469273.3101025,1457,1676469273,302407296,map,-0.976390540599823,0.9705466628074646,1.0599899291992188,0.01659482670496684,0.005568860130294202,-0.003310508509985059,-0.9998413000010854
1676469273.3439243,1458,1676469273,332407296,map,-0.9765328764915466,0.9707838892936707,1.0590558052062988,0.015265254977852586,0.004502487569596389,-0.0031594542049220254,-0.9998683582778294
1676469273.376888,1459,1676469273,372405504,map,-0.9769042134284973,0.9711816310882568,1.058005452156067,0.014816951133315603,0.003330771924495882,-0.0030835898776024966,-0.9998799908080184
1676469273.4105806,1460,1676469273,402405504,map,-0.9773830771446228,0.9715408682823181,1.0575209856033325,0.01429688207174895,0.0008858128274991721,-0.0030112658855577347,-0.9998928877436628
1676469273.4447477,1461,1676469273,432405504,map,-0.9779374003410339,0.9719257950782776,1.0573095083236694,0.0141114181575993,-0.0010735460860232088,-0.0029672645757123648,-0.9998955008482705
1676469273.4759789,1462,1676469273,471405504,map,-0.9787805080413818,0.9725199937820435,1.0572574138641357,0.014038010201294466,-0.001956357926199443,-0.002910155595980155,-0.999895374407725
1676469273.5093195,1463,1676469273,501405504,map,-0.979580819606781,0.972951352596283,1.0571658611297607,0.013587404743702085,-0.0030780017981799925,-0.0027566989205520106,-0.9998992097709394
1676469273.5424259,1464,1676469273,532405504,map,-0.980471134185791,0.9733922481536865,1.0568861961364746,0.013494890764859402,-0.0031106172027545982,-0.0026419751989053544,-0.9999006427637888
1676469273.5798893,1465,1676469273,572405248,map,-0.9816240072250366,0.9740018248558044,1.0562185049057007,0.013553136721684695,-0.00295765937479123,-0.0026731638668033705,-0.9999002212953036
1676469273.6108754,1466,1676469273,601405248,map,-0.9824499487876892,0.9744629263877869,1.055567979812622,0.014032917347341982,-0.003059418330709229,-0.002583643960566241,-0.999893562093239
1676469273.6446586,1467,1676469273,642405248,map,-0.9836698174476624,0.9750027656555176,1.0545965433120728,0.01376184429351585,-0.002940353812938206,-0.002609817153491514,-0.9998975660438475
1676469273.67695,1468,1676469273,671404736,map,-0.9845261573791504,0.9753698110580444,1.0537972450256348,0.013314273738288506,-0.002657535288539949,-0.0024804684754115985,-0.9999047731549427
1676469273.7097647,1469,1676469273,701404736,map,-0.9853092432022095,0.9757683873176575,1.0530369281768799,0.01370062961804857,-0.0029026485178614025,-0.0026188787259213407,-0.9998985354213633
1676469273.7449358,1470,1676469273,731404736,map,-0.9860327243804932,0.976146936416626,1.052361011505127,0.014952717327625828,-0.003194049523559945,-0.0026804131247472472,-0.9998795693395334
1676469273.776207,1471,1676469273,772404480,map,-0.9869456887245178,0.9766039252281189,1.051661729812622,0.015244510496578875,-0.0030648786524971666,-0.0026987891506980535,-0.9998755232420763
1676469273.8100774,1472,1676469273,801404480,map,-0.9876053929328918,0.9769037961959839,1.0512950420379639,0.0148094272623119,-0.0024159778702893472,-0.002635863905871185,-0.999883994758627
1676469273.842619,1473,1676469273,831404480,map,-0.988230288028717,0.9772268533706665,1.0510340929031372,0.015132498661216093,-0.0014982183901634854,-0.0026270973613809834,-0.9998809601855342
1676469273.8757749,1474,1676469273,871404480,map,-0.9889816641807556,0.9776454567909241,1.050720453262329,0.015616903586408435,-0.0010088045754434284,-0.002656220833701988,-0.9998740902492269
1676469273.9089084,1475,1676469273,901404480,map,-0.9894779324531555,0.977907657623291,1.0504392385482788,0.01602951464788501,2.231543919756274e-05,-0.0026220818864081726,-0.9998681896904354
1676469273.9423842,1476,1676469273,931404480,map,-0.9899247884750366,0.9781301021575928,1.0500595569610596,0.01649072892822874,0.0012212483995407415,-0.0025823374082623767,-0.9998599710549758
1676469273.9793203,1477,1676469273,971404224,map,-0.9905036091804504,0.9783639907836914,1.0492841005325317,0.016537586345605235,0.0018049842270501475,-0.00244371642351005,-0.9998586645026719
1676469274.010433,1478,1676469274,1404224,map,-0.9908300042152405,0.9786224961280823,1.0484519004821777,0.017246417312217516,0.002953268529284376,-0.0023206897727067635,-0.9998442924273298
1676469274.0426698,1479,1676469274,31404224,map,-0.9910820722579956,0.9788876175880432,1.0474916696548462,0.01822612212294226,0.0032949359080049856,-0.0021128636626995983,-0.9998262957230155
1676469274.0760264,1480,1676469274,71403200,map,-0.9913484454154968,0.9792107343673706,1.0462872982025146,0.01865175985333124,0.003308145652290611,-0.002073287771947848,-0.999818414262344
1676469274.109828,1481,1676469274,101403200,map,-0.9915137887001038,0.979516863822937,1.0455573797225952,0.01909948516651796,0.0038368218905765984,-0.0019438969470194085,-0.9998083833123984
1676469274.1427836,1482,1676469274,131403200,map,-0.9916350245475769,0.9798488616943359,1.04502272605896,0.018717354837593368,0.004059642400486075,-0.0017479983951406933,-0.9998151268081602
1676469274.176155,1483,1676469274,171403456,map,-0.9917367696762085,0.9803210496902466,1.044568657875061,0.018167772445356962,0.00412157521873931,-0.001590622062801045,-0.9998252420518028
1676469274.2092938,1484,1676469274,201403456,map,-0.9918386340141296,0.9807126522064209,1.0442594289779663,0.017547422201748226,0.004692371305211364,-0.001477078452912672,-0.999834008596293
1676469274.2421353,1485,1676469274,231403456,map,-0.991905152797699,0.9811666011810303,1.043852686882019,0.01760875706158821,0.005296308644047648,-0.0013822480437631589,-0.999829962498836
1676469274.2790146,1486,1676469274,266403456,map,-0.9916127920150757,0.9815558791160583,1.0431233644485474,0.017676550267417983,0.005255939865708307,-0.0013485305649545295,-0.9998291195618657
1676469274.3099442,1487,1676469274,306403456,map,-0.9916422963142395,0.982212483882904,1.042388916015625,0.017529220031547582,0.004928277753038966,-0.0013039391992299557,-0.999833418540414
1676469274.3419487,1488,1676469274,336403456,map,-0.9917216897010803,0.9827589988708496,1.0418670177459717,0.01672972065707624,0.005153045579058547,-0.0010924884602508498,-0.9998461890355127
1676469274.379626,1489,1676469274,366403200,map,-0.9918127059936523,0.9833322763442993,1.0413646697998047,0.016251911055131348,0.0056905957045896025,-0.0010685069034481315,-0.9998512045104855
1676469274.4106784,1490,1676469274,406403200,map,-0.9918951392173767,0.9841098189353943,1.040662407875061,0.014995767699201676,0.006424020674397004,-0.0008061849183162972,-0.9998666302570405
1676469274.4445863,1491,1676469274,436403200,map,-0.9919833540916443,0.9846680164337158,1.040152907371521,0.014398258084035557,0.006551532342571921,-0.0007142626417140952,-0.9998746803051061
1676469274.4771256,1492,1676469274,466403200,map,-0.9920834898948669,0.9852356910705566,1.0396993160247803,0.014278763207428569,0.0065042113098618065,-0.00059612502533799,-0.9998767455006831
1676469274.5099034,1493,1676469274,506403200,map,-0.9921913743019104,0.9859738349914551,1.03925359249115,0.014122665439251138,0.005864768873149888,-0.0004270318691123072,-0.9998829832342627
1676469274.542844,1494,1676469274,536403200,map,-0.9923069477081299,0.9864190220832825,1.0389878749847412,0.014040304899632535,0.005682387935114359,-0.00035711024743274476,-0.9998852170172339
1676469274.580989,1495,1676469274,566402944,map,-0.9924605488777161,0.986802875995636,1.0386923551559448,0.013828587120855391,0.005934100438950308,-0.00021216723540371435,-0.9998867764506286
1676469274.610676,1496,1676469274,606402944,map,-0.9926831126213074,0.9872629642486572,1.038149118423462,0.014240353269728223,0.006474904432895305,-0.00011025615570443441,-0.9998776727313503
1676469274.6433012,1497,1676469274,636402944,map,-0.9928298592567444,0.9875465035438538,1.0376769304275513,0.014449884022194354,0.0062053618365057244,3.3886066202841414e-05,-0.999876408325895
1676469274.6766531,1498,1676469274,665402944,map,-0.9930042624473572,0.9878191351890564,1.0371899604797363,0.0150549359476104,0.006061466239516706,4.5139274755270716e-05,-0.9998683582778295
1676469274.7118378,1499,1676469274,706402944,map,-0.9932759404182434,0.9881786108016968,1.0364344120025635,0.01629219586904592,0.00643562916771147,0.00011969704977103361,-0.9998465683571494
1676469274.7426636,1500,1676469274,735402944,map,-0.993504524230957,0.9883893132209778,1.035783052444458,0.01721498234867347,0.00681701106080274,0.0002031056629741042,-0.9998285716528351
1676469274.7759135,1501,1676469274,765403200,map,-0.9937795996665955,0.9885849952697754,1.0351593494415283,0.017269903314277957,0.00681523990534852,0.00023210269474955073,-0.9998276444221679
1676469274.808992,1502,1676469274,806403200,map,-0.9941449761390686,0.9889085292816162,1.034388542175293,0.017139110118819762,0.006742505969347607,0.00040313460600675637,-0.9998303418204726
1676469274.8427799,1503,1676469274,835403200,map,-0.9944743514060974,0.9890528917312622,1.0338081121444702,0.016803695290930194,0.006620659101030358,0.0005495949045821101,-0.9998367902882948
1676469274.8795993,1504,1676469274,865403456,map,-0.9948282241821289,0.9891709089279175,1.0332304239273071,0.016277718097310174,0.006271507034704271,0.000783299179575064,-0.9998475377346651
1676469274.909097,1505,1676469274,905403456,map,-0.9953247308731079,0.9893386363983154,1.0324407815933228,0.015911272322932206,0.005820101116262436,0.00101995373396369,-0.9998560092512158
1676469274.942121,1506,1676469274,935403456,map,-0.9957481026649475,0.9893774390220642,1.031808853149414,0.015708787008884728,0.0052653168809574736,0.0012546273864723614,-0.9998619941037042
1676469274.9770594,1507,1676469274,966403456,map,-0.9961609840393066,0.9893728494644165,1.0311869382858276,0.015454001077830022,0.004839416720582064,0.0013922789937089609,-0.9998679789561928
1676469275.0095913,1508,1676469275,5403456,map,-0.99669349193573,0.9892635941505432,1.0304803848266602,0.015463435715723636,0.003959600928644897,0.0016008216001408408,-0.9998713507040737
1676469275.0421164,1509,1676469275,35403456,map,-0.9971141815185547,0.9891008734703064,1.0301192998886108,0.015080851649633043,0.003619319127569082,0.0017534774854473187,-0.9998782627872295
1676469275.075509,1510,1676469275,65403200,map,-0.997506320476532,0.9889184236526489,1.029862880706787,0.015144854931819376,0.0037049503284865832,0.0018283302884026342,-0.9998768297943801
1676469275.1109385,1511,1676469275,105403200,map,-0.9979979395866394,0.9884675145149231,1.0295846462249756,0.015229799929359559,0.0036287547532794584,0.0021436730089611725,-0.9998751439204396
1676469275.1426158,1512,1676469275,135403200,map,-0.9983664751052856,0.9880021810531616,1.0293976068496704,0.01496436500433852,0.0034550945908908915,0.0024123591682181102,-0.9998792321647453
1676469275.179349,1513,1676469275,165403200,map,-0.9986908435821533,0.9875066876411438,1.0291850566864014,0.015313234225798429,0.003409756435694313,0.0025189906949506695,-0.9998738373681358
1676469275.209124,1514,1676469275,205403200,map,-0.9990672469139099,0.9866449236869812,1.028875470161438,0.017018707767880774,0.0027567674091809363,0.0027066284645211798,-0.9998477906157561
1676469275.2421231,1515,1676469275,235403200,map,-0.9993302822113037,0.9858806133270264,1.0286012887954712,0.01833630320457285,0.0026811171088264216,0.002689137522389181,-0.9998247362896207
1676469275.280009,1516,1676469275,275403456,map,-0.9996249675750732,0.9847323894500732,1.0282814502716064,0.01876168673678175,0.00265331006697685,0.0026778843138367584,-0.9998169391226461
1676469275.3088775,1517,1676469275,305403456,map,-0.9998409152030945,0.983864426612854,1.0280675888061523,0.02048454058551877,0.002670026560767484,0.002599870497243085,-0.9997832637906859
1676469275.3420591,1518,1676469275,335403456,map,-0.9999745488166809,0.9829842448234558,1.0278950929641724,0.02223163743322816,0.0024530499748218458,0.002526745715076706,-0.999746722473027
1676469275.3752656,1519,1676469275,365402944,map,-1.000081181526184,0.9821223616600037,1.027758240699768,0.02310533304178039,0.0022448768118589193,0.002483376607958957,-0.9997274613632575
1676469275.410775,1520,1676469275,405402944,map,-1.0001887083053589,0.9810349345207214,1.0276005268096924,0.024295560702272546,0.002524517859006162,0.0024712383155878295,-0.9996986329188761
1676469275.4446137,1521,1676469275,435402944,map,-1.0001776218414307,0.9802761673927307,1.0275275707244873,0.025022259957019923,0.0027663874273535466,0.0023574418246084276,-0.9996803411866223
1676469275.4769096,1522,1676469275,465403200,map,-1.0001649856567383,0.9795911312103271,1.0274162292480469,0.02533185094984571,0.002850508585714244,0.002351541265816911,-0.9996723332854053
1676469275.5108597,1523,1676469275,505403200,map,-1.0001932382583618,0.9788152575492859,1.0270973443984985,0.02550504025291107,0.003546339883738945,0.0021685396495825784,-0.9996660955518256
1676469275.545413,1524,1676469275,535403200,map,-1.0001198053359985,0.9783654808998108,1.0268248319625854,0.025553599349296192,0.004228435918960649,0.0019321801231335096,-0.9996627238039447
1676469275.5784595,1525,1676469275,565403456,map,-1.0000154972076416,0.9780154824256897,1.0265614986419678,0.02559181732127246,0.00424546983120413,0.0019143520062133907,-0.999661670132732
