Time,header.seq,header.stamp.secs,header.stamp.nsecs,header.frame_id,remote_timestamp_ns,observed_offset_ns,estimated_offset_ns,round_trip_time_ms
1676104288.9991367,1332,1676104288,998713183,,350848208000,1676103938150349354,1676103938149264384,0.3076019883155823
1676104289.0993543,1333,1676104289,98974305,,350948343000,1676103938150375312,1676103938149266944,0.5044670104980469
1676104289.1994426,1334,1676104289,198972510,,351048384000,1676103938150316610,1676103938149269504,0.5373179912567139
1676104289.2994535,1335,1676104289,298916994,,351148340000,1676103938150328168,1676103938149272064,0.4920229911804199
1676104289.3995807,1336,1676104289,398952068,,351248423000,1676103938150345833,1676103938149274624,0.36037901043891907
1676104289.4996161,1337,1676104289,498968180,,351348267000,1676103938150424641,1676103938149277440,0.5470960140228271
1676104289.5993068,1338,1676104289,598831926,,351448302000,1676103938150326830,1676103938149280000,0.4004330039024353
1676104289.6993558,1339,1676104289,698900721,,351548365000,1676103938150340708,1676103938149282304,0.38474801182746887
1676104289.8058827,1340,1676104289,802656115,,351650453000,1676103938151042685,1676103938149286656,2.3144888877868652
1676104289.8993568,1341,1676104289,898863762,,351748329000,1676103938150320045,1676103938149288960,0.42476600408554077
1676104290.000123,1342,1676104289,999421506,,351848375000,1676103938150549612,1676103938149292032,0.9876390099525452
1676104290.0994365,1343,1676104290,98911200,,351948352000,1676103938150319234,1676103938149294592,0.4748939871788025
1676104290.1994581,1344,1676104290,198960472,,352048433000,1676103938150290016,1676103938149296896,0.4694119989871979
1676104290.2993069,1345,1676104290,298865822,,352148318000,1676103938150331800,1676103938149299456,0.4271549880504608
1676104290.3994226,1346,1676104290,398862169,,352248332000,1676103938150314842,1676103938149302016,0.4256170094013214
1676104290.499474,1347,1676104290,498856665,,352348326000,1676103938150320532,1676103938149304576,0.41471099853515625
1676104290.5996523,1348,1676104290,598935528,,352448363000,1676103938150322517,1676103938149307136,0.4947449862957001
1676104290.6992276,1349,1676104290,698760547,,352548249000,1676103938150307451,1676103938149309696,0.4030809998512268
1676104290.7995913,1350,1676104290,798896631,,352648336000,1676103938150341795,1676103938149312256,0.43230199813842773
1676104290.8996933,1351,1676104290,899192489,,352748639000,1676103938150176814,1676103938149314304,0.747534990310669
1676104291.0004625,1352,1676104291,43923,,352849456000,1676103938149777668,1676103938149315072,1.614361047744751
1676104291.0996673,1353,1676104291,98869630,,352948307000,1676103938150342590,1676103938149317632,0.43504300713539124
1676104291.2000747,1354,1676104291,199564451,,353048998000,1676103938149994912,1676103938149319168,1.1373569965362549
1676104291.299649,1355,1676104291,299219117,,353148456000,1676103938150368804,1676103938149321728,0.7819780111312866
1676104291.399946,1356,1676104291,399081980,,353248320000,1676103938150434110,1676103938149324544,0.6501849889755249
1676104291.499762,1357,1676104291,499027175,,353348477000,1676103938150306478,1676103938149327104,0.48069000244140625
1676104291.5992713,1358,1676104291,598901094,,353448342000,1676103938150334350,1676103938149329664,0.44380199909210205
1676104291.6994119,1359,1676104291,698797975,,353548239000,1676103938150337518,1676103938149332224,0.436616986989975
1676104291.7998066,1360,1676104291,799080752,,353648361000,1676103938150396511,1676103938149335040,0.6420000195503235
1676104291.8993397,1361,1676104291,898939634,,353748367000,1676103938150327317,1676103938149337600,0.48585599660873413
1676104291.9994562,1362,1676104291,998916847,,353848385000,1676103938150295001,1676103938149339904,0.4679870009422302
1676104292.099698,1363,1676104292,99267263,,353948698000,1676103938150143136,1676103938149341952,0.8466799855232239
1676104292.2002656,1364,1676104292,198974439,,354048410000,1676103938150285012,1676103938149344256,0.5537070035934448
1676104292.2996128,1365,1676104292,299027902,,354148477000,1676103938150252873,1676103938149346560,0.5911679863929749
1676104292.3998938,1366,1676104292,399154992,,354248596000,1676103938150206622,1676103938149348608,0.6996830105781555
1676104292.4996467,1367,1676104292,498909167,,354348309000,1676103938150362062,1676103938149351168,0.47163501381874084
1676104292.599762,1368,1676104292,598912390,,354448325000,1676103938150356887,1676103938149353728,0.4554319977760315
1676104292.699572,1369,1676104292,699147811,,354548483000,1676103938150271127,1676103938149356032,0.7814220190048218
1676104292.7996118,1370,1676104292,799167497,,354648583000,1676103938150219859,1676103938149358336,0.7224050164222717
1676104292.9005003,1371,1676104292,900066195,,354749447000,1676103938149803801,1676103938149359616,1.6248799562454224
1676104293.0002668,1372,1676104292,999423973,,354848771000,1676103938150150237,1676103938149361920,0.997842013835907
1676104293.1002362,1373,1676104293,99504298,,354948917000,1676103938150045230,1676103938149363712,1.0771369934082031
1676104293.2003102,1374,1676104293,199582364,,355048388000,1676103938150632621,1676103938149367040,1.116894006729126
1676104293.2993443,1375,1676104293,298909452,,355148360000,1676103938150312866,1676103938149369600,0.4679870009422302
1676104293.3997478,1376,1676104293,398918094,,355248367000,1676103938150309379,1676103938149372160,0.4781709909439087
1676104293.4999013,1377,1676104293,498958587,,355348375000,1676103938150322057,1676103938149374720,0.5184119939804077
1676104293.5994973,1378,1676104293,598912342,,355448304000,1676103938150369265,1676103938149377280,0.47230198979377747
1676104293.699949,1379,1676104293,699233661,,355548659000,1676103938150152839,1676103938149379328,0.8366609811782837
1676104293.7993472,1380,1676104293,798873850,,355648328000,1676103938150330523,1676103938149381888,0.4255799949169159
1676104293.9000487,1381,1676104293,899190558,,355748617000,1676103938150186106,1676103938149383936,0.7684969902038574
1676104293.9992874,1382,1676104293,998860673,,355848299000,1676103938150351206,1676103938149386496,0.4160439968109131
1676104294.0995567,1383,1676104294,98954657,,355948349000,1676103938150340469,1676103938149389056,0.5250589847564697
1676104294.1996167,1384,1676104294,199036660,,356048472000,1676103938150267955,1676103938149391360,0.5880759954452515
1676104294.3030472,1385,1676104294,298901540,,356148343000,1676103938150333851,1676103938149393920,0.4422290027141571
1676104294.3993251,1386,1676104294,398870972,,356248296000,1676103938150356969,1676103938149396480,0.430525004863739
1676104294.4998398,1387,1676104294,499038380,,356348283000,1676103938150447380,1676103938149399296,0.6077240109443665
1676104294.599353,1388,1676104294,598925704,,356448343000,1676103938150334025,1676103938149401856,0.491800993680954
1676104294.6994438,1389,1676104294,698852397,,356548308000,1676103938150302449,1676103938149404416,0.47822800278663635
1676104294.7995458,1390,1676104294,798884013,,356648286000,1676103938150370028,1676103938149406976,0.4511359930038452
1676104294.899709,1391,1676104294,898974312,,356748307000,1676103938150394283,1676103938149409792,0.5399659872055054
1676104294.999667,1392,1676104294,998961670,,356848361000,1676103938150328307,1676103938149412352,0.5398920178413391
1676104295.0995321,1393,1676104295,99125348,,356948548000,1676103938150228894,1676103938149414656,0.6917949914932251
1676104295.2000055,1394,1676104295,199211658,,357048440000,1676103938150388770,1676103938149417472,0.759738028049469
1676104295.2993572,1395,1676104295,298904831,,357148291000,1676103938150370755,1676103938149420032,0.48009800910949707
1676104295.399556,1396,1676104295,399043011,,357248448000,1676103938150284056,1676103938149422336,0.6163340210914612
1676104295.4994502,1397,1676104295,498896994,,357348331000,1676103938150334056,1676103938149424896,0.4590429961681366
1676104295.5994658,1398,1676104295,598830420,,357448289000,1676103938150340296,1676103938149427456,0.3971189856529236
1676104295.6998434,1399,1676104295,699187649,,357548606000,1676103938150174567,1676103938149429504,0.8076990246772766
1676104295.799526,1400,1676104295,799011652,,357648421000,1676103938150317455,1676103938149432064,0.5413190126419067
1676104295.899515,1401,1676104295,898931189,,357748350000,1676103938150323576,1676103938149434624,0.508948028087616
1676104295.9994597,1402,1676104295,998970260,,357848398000,1676103938150297342,1676103938149437184,0.5435220003128052
1676104296.0993476,1403,1676104296,98830753,,357948281000,1676103938150346999,1676103938149440000,0.3991369903087616
1676104296.1995718,1404,1676104296,198929815,,358048357000,1676103938150323830,1676103938149442816,0.4919680058956146
1676104296.3003292,1405,1676104296,298857640,,358148280000,1676103938150362516,1676103938149445632,0.42463600635528564
1676104296.4000142,1406,1676104296,399403448,,358248800000,1676103938150126313,1676103938149447680,0.9474359750747681
1676104296.4994428,1407,1676104296,498888749,,358348300000,1676103938150363968,1676103938149450496,0.44413599371910095
1676104296.5993397,1408,1676104296,598880498,,358448300000,1676103938150360810,1676103938149453056,0.4347279965877533
1676104296.6997006,1409,1676104296,699152555,,358548571000,1676103938150273332,1676103938149455360,0.6110939979553223
1676104296.7992973,1410,1676104296,798870534,,358648312000,1676103938150337800,1676103938149457920,0.4359320104122162
1676104296.8995883,1411,1676104296,898896339,,358748312000,1676103938150354020,1676103938149460480,0.45506200194358826
1676104296.99967,1412,1676104296,998867070,,358848299000,1676103938150349354,1676103938149463040,0.43248799443244934
1676104297.1000686,1413,1676104297,99253985,,358948649000,1676103938150190950,1676103938149465088,0.822754979133606
1676104297.1998441,1414,1676104297,199340057,,359048734000,1676103938150156143,1676103938149467136,0.8926230072975159
1676104297.300132,1415,1676104297,299292022,,359148625000,1676103938150245718,1676103938149469440,0.8372169733047485
1676104297.3993986,1416,1676104297,398884348,,359248317000,1676103938150341557,1676103938149472000,0.4469510018825531
1676104297.4994752,1417,1676104297,498857386,,359348287000,1676103938150361623,1676103938149474560,0.4118959903717041
1676104297.5991929,1418,1676104297,598819906,,359448265000,1676103938150358624,1676103938149477120,0.38837799429893494
1676104297.6994388,1419,1676104297,698979494,,359548377000,1676103938150366093,1676103938149479680,0.46741199493408203
1676104297.7994282,1420,1676104297,798893275,,359648297000,1676103938150362633,1676103938149482240,0.4611540138721466
1676104297.8992715,1421,1676104297,898847332,,359748274000,1676103938150361615,1676103938149484800,0.4186739921569824
1676104297.9992595,1422,1676104297,998887201,,359848316000,1676103938150334356,1676103938149487360,0.4672650098800659
1676104298.0994692,1423,1676104298,98829583,,359948244000,1676103938150387144,1676103938149490176,0.3907490074634552
1676104298.199326,1424,1676104298,198837667,,360048272000,1676103938150357117,1676103938149492736,0.41091400384902954
1676104298.2992723,1425,1676104298,298912990,,360148228000,1676103938150433608,1676103938149495552,0.49735599756240845
1676104298.3992853,1426,1676104298,398824503,,360248263000,1676103938150362869,1676103938149498112,0.3920629918575287
1676104298.4992936,1427,1676104298,498824846,,360348233000,1676103938150391731,1676103938149500928,0.3938409984111786
1676104298.59928,1428,1676104298,598818079,,360448255000,1676103938150364519,1676103938149503488,0.39163699746131897
1676104298.6992369,1429,1676104298,698743869,,360548176000,1676103938150367726,1676103938149506048,0.3947109878063202
1676104298.7997065,1430,1676104298,798876672,,360648284000,1676103938150374029,1676103938149508608,0.43083998560905457
1676104298.8991413,1431,1676104298,898771722,,360748236000,1676103938150355616,1676103938149511168,0.35436001420021057
1676104298.999309,1432,1676104298,998954005,,360848389000,1676103938150297567,1676103938149513472,0.5294110178947449
1676104299.09987,1433,1676104299,99335180,,360948751000,1676103938150130609,1676103938149515520,0.9009379744529724
1676104299.1991854,1434,1676104299,198789974,,361048241000,1676103938150367896,1676103938149518080,0.3569900095462799
1676104299.2992253,1435,1676104299,298740421,,361148193000,1676103938150384777,1676103938149520640,0.3211210072040558
1676104299.3994744,1436,1676104299,399041451,,361248462000,1676103938150272904,1676103938149523200,0.6075019836425781
1676104299.4992342,1437,1676104299,498833495,,361348260000,1676103938150377232,1676103938149526016,0.38715600967407227
1676104299.599592,1438,1676104299,599106026,,361448479000,1676103938150297683,1676103938149528576,0.6528519988059998
1676104299.6992784,1439,1676104299,698807684,,361548249000,1676103938150346079,1676103938149531392,0.42021000385284424
1676104299.7995403,1440,1676104299,798940811,,361648340000,1676103938150341790,1676103938149534208,0.5118190050125122
1676104299.8992522,1441,1676104299,898800279,,361748241000,1676103938150363738,1676103938149536768,0.38606399297714233
1676104299.9992085,1442,1676104299,998760096,,361848181000,1676103938150403360,1676103938149539584,0.3475089967250824
1676104300.099825,1443,1676104300,99324998,,361948724000,1676103938150148409,1676103938149541632,0.899511992931366
1676104300.1993303,1444,1676104300,198869059,,362048293000,1676103938150347472,1676103938149544192,0.45178401470184326
1676104300.2991836,1445,1676104300,298783923,,362148172000,1676103938150426299,1676103938149547008,0.3671570122241974
1676104300.3995273,1446,1676104300,398995021,,362248308000,1676103938150411241,1676103938149549824,0.5459110140800476
1676104300.499483,1447,1676104300,498911311,,362348311000,1676103938150357207,1676103938149552384,0.4814310073852539
1676104300.5991216,1448,1676104300,598725179,,362448164000,1676103938150400498,1676103938149555200,0.31776899099349976
1676104300.6994767,1449,1676104300,698760652,,362548183000,1676103938150375657,1676103938149557760,0.39852601289749146
1676104300.7991836,1450,1676104300,798745385,,362648179000,1676103938150400343,1676103938149560576,0.32821398973464966
1676104300.8994477,1451,1676104300,898968149,,362748351000,1676103938150340924,1676103938149563136,0.5466709733009338
1676104300.9992998,1452,1676104300,998868106,,362848263000,1676103938150375520,1676103938149565696,0.4548949897289276
1676104301.0996017,1453,1676104301,99159766,,362948580000,1676103938150209951,1676103938149567744,0.7345719933509827
1676104301.1997907,1454,1676104301,199245079,,363048602000,1676103938150234090,1676103938149570048,0.8116440176963806
1676104301.2997482,1455,1676104301,299332782,,363148778000,1676103938150091951,1676103938149571840,0.9210309982299805
1676104301.3992114,1456,1676104301,398760817,,363248182000,1676103938150402451,1676103938149574656,0.3486199975013733
1676104301.4992692,1457,1676104301,498798021,,363348240000,1676103938150366526,1676103938149577216,0.37869301438331604
1676104301.599335,1458,1676104301,598955906,,363448399000,1676103938150281053,1676103938149579520,0.54728102684021
1676104301.7003708,1459,1676104301,699968602,,363549390000,1676103938149828289,1676103938149580544,1.4953479766845703
1676104301.7993555,1460,1676104301,798894910,,363648276000,1676103938150388814,1676103938149583360,0.4541170001029968
1676104301.8992498,1461,1676104301,898835857,,363748241000,1676103938150387289,1676103938149586176,0.4098399877548218
1676104301.999213,1462,1676104301,998776286,,363848193000,1676103938150401485,1676103938149588992,0.3589160144329071
1676104302.0993612,1463,1676104302,98853663,,363948246000,1676103938150393132,1676103938149591808,0.42419201135635376
1676104302.1993046,1464,1676104302,198853821,,364048243000,1676103938150396660,1676103938149594624,0.4208959937095642
1676104302.3000407,1465,1676104302,298845498,,364148234000,1676103938150399013,1676103938149597440,0.41895100474357605
1676104302.3993602,1466,1676104302,398905692,,364248332000,1676103938150331244,1676103938149600000,0.47837600111961365
1676104302.4993565,1467,1676104302,498879017,,364348284000,1676103938150369505,1676103938149602560,0.4449320137500763
1676104302.599381,1468,1676104302,598840472,,364448242000,1676103938150393700,1676103938149605376,0.4034700095653534
1676104302.6991212,1469,1676104302,698780225,,364548141000,1676103938150466553,1676103938149608192,0.3407680094242096
1676104302.799955,1470,1676104302,799363996,,364648515000,1676103938150380611,1676103938149610752,0.9305300116539001
1676104302.8994381,1471,1676104302,898880686,,364748198000,1676103938150447276,1676103938149613568,0.4647650122642517
1676104302.9999151,1472,1676104302,998835808,,364848233000,1676103938150396869,1676103938149616384,0.407043993473053
1676104303.099336,1473,1676104303,98854955,,364948235000,1676103938150405896,1676103938149619456,0.42174801230430603
1676104303.199361,1474,1676104303,198865603,,365048246000,1676103938150396590,1676103938149622272,0.4398770034313202
1676104303.2997293,1475,1676104303,299145706,,365148490000,1676103938150419805,1676103938149625088,0.46639499068260193
1676104303.399352,1476,1676104303,398876583,,365248288000,1676103938150362848,1676103938149627648,0.4456920027732849
1676104303.499657,1477,1676104303,499025468,,365348429000,1676103938150380909,1676103938149630208,0.42458099126815796
1676104303.5998185,1478,1676104303,598936359,,365448281000,1676103938150399866,1676103938149633024,0.5051339864730835
1676104303.699574,1479,1676104303,698802751,,365548182000,1676103938150458080,1676103938149635840,0.31569498777389526
1676104303.7993293,1480,1676104303,798839639,,365648251000,1676103938150387681,1676103938149638656,0.39684098958969116
1676104303.8996608,1481,1676104303,898874823,,365748277000,1676103938150376755,1676103938149641216,0.43733999133110046
1676104303.9994254,1482,1676104303,998936506,,365848325000,1676103938150355124,1676103938149643776,0.5071719884872437
1676104304.0993793,1483,1676104304,98859701,,365948244000,1676103938150403651,1676103938149646592,0.4186370074748993
1676104304.1993046,1484,1676104304,198829321,,366048239000,1676103938150394363,1676103938149649408,0.38658198714256287
1676104304.299559,1485,1676104304,299031083,,366148351000,1676103938150408729,1676103938149652224,0.5374860167503357
1676104304.399546,1486,1676104304,398835522,,366248249000,1676103938150386073,1676103938149654784,0.3964340090751648
1676104304.499896,1487,1676104304,499415903,,366348763000,1676103938150161379,1676103938149656832,0.9763810038566589
1676104304.5993848,1488,1676104304,598891147,,366448294000,1676103938150365774,1676103938149659392,0.45637598633766174
1676104304.6992369,1489,1676104304,698702272,,366548109000,1676103938150414443,1676103938149662208,0.35234200954437256
1676104304.799568,1490,1676104304,798927440,,366648281000,1676103938150403308,1676103938149665024,0.47972801327705383
1676104304.8993437,1491,1676104304,898822229,,366748215000,1676103938150406373,1676103938149667840,0.39685899019241333
1676104304.9992368,1492,1676104304,998818978,,366848231000,1676103938150395334,1676103938149670656,0.38037899136543274
1676104305.0992246,1493,1676104305,98826271,,366948220000,1676103938150401711,1676103938149673472,0.40406298637390137
1676104305.1993814,1494,1676104305,198907155,,367048272000,1676103938150393819,1676103938149676288,0.47693100571632385
1676104305.2993877,1495,1676104305,298887227,,367148250000,1676103938150403872,1676103938149679104,0.45941299200057983
1676104305.399449,1496,1676104305,399062238,,367248413000,1676103938150332107,1676103938149681664,0.6280760169029236
1676104305.4998698,1497,1676104305,499357894,,367348710000,1676103938150181962,1676103938149683712,0.9260299801826477
1676104305.5996573,1498,1676104305,598931533,,367448260000,1676103938150428298,1676103938149686528,0.480320006608963
1676104305.699504,1499,1676104305,698762683,,367548127000,1676103938150423697,1676103938149689344,0.4185439944267273
1676104305.7992592,1500,1676104305,798829475,,367648244000,1676103938150377369,1676103938149691904,0.4108780026435852
1676104305.8994017,1501,1676104305,898824287,,367748218000,1676103938150403857,1676103938149694720,0.398360013961792
1676104305.9994211,1502,1676104305,998852858,,367848229000,1676103938150413067,1676103938149697536,0.41432198882102966
1676104306.0993683,1503,1676104306,98872751,,367948225000,1676103938150427858,1676103938149700352,0.43363600969314575
1676104306.19933,1504,1676104306,198883329,,368048266000,1676103938150390872,1676103938149703168,0.44798800349235535
1676104306.2993674,1505,1676104306,298823151,,368148203000,1676103938150424480,1676103938149705984,0.3857490122318268
1676104306.3994286,1506,1676104306,399006762,,368248346000,1676103938150368659,1676103938149708288,0.5792250037193298
1676104306.4994524,1507,1676104306,498926603,,368348281000,1676103938150397322,1676103938149710848,0.49070900678634644
1676104306.5994759,1508,1676104306,598832092,,368448202000,1676103938150420949,1676103938149713408,0.4116550087928772
1676104306.6997101,1509,1676104306,699305251,,368548667000,1676103938150330500,1676103938149715712,0.610131025314331
1676104306.7992234,1510,1676104306,798817380,,368648215000,1676103938150401395,1676103938149718272,0.39660000801086426
1676104306.8995159,1511,1676104306,898908772,,368748278000,1676103938150395834,1676103938149720832,0.4637100100517273
1676104306.999329,1512,1676104306,998840168,,368848219000,1676103938150411914,1676103938149723648,0.41308099031448364
1676104307.0992446,1513,1676104307,98792033,,368948199000,1676103938150406019,1676103938149726464,0.36967599391937256
1676104307.1992052,1514,1676104307,198810508,,369048202000,1676103938150410319,1676103938149729280,0.39126700162887573
1676104307.2992792,1515,1676104307,298847205,,369148260000,1676103938150377831,1676103938149731840,0.41380301117897034
1676104307.3993056,1516,1676104307,398846291,,369248217000,1676103938150419084,1676103938149734656,0.41465499997138977
1676104307.4996543,1517,1676104307,498985208,,369348343000,1676103938150372057,1676103938149737216,0.5335230231285095
1676104307.5998504,1518,1676104307,599239195,,369448449000,1676103938150386168,1676103938149739776,0.8008120059967041
1676104307.6993227,1519,1676104307,698888939,,369548263000,1676103938150350215,1676103938149742336,0.5455219745635986
1676104307.7995079,1520,1676104307,798890303,,369648255000,1676103938150417578,1676103938149745152,0.4291369915008545
1676104307.8998194,1521,1676104307,898885927,,369748230000,1676103938150427452,1676103938149747968,0.45011699199676514
1676104308.0138435,1522,1676104307,999018844,,369848360000,1676103938150440988,1676103938149750784,0.42917299270629883
1676104308.099454,1523,1676104308,98929180,,369948244000,1676103938150442288,1676103938149753600,0.47865399718284607
1676104308.1993735,1524,1676104308,199003753,,370048399000,1676103938150307502,1676103938149756160,0.5895770192146301
1676104308.2996078,1525,1676104308,299068049,,370148411000,1676103938150340354,1676103938149758720,0.6280009746551514
1676104308.3992407,1526,1676104308,398853334,,370248225000,1676103938150418395,1676103938149761536,0.41461899876594543
1676104308.499543,1527,1676104308,498909611,,370348289000,1676103938150405200,1676103938149764352,0.42515501379966736
1676104308.5992513,1528,1676104308,598808115,,370448199000,1676103938150417574,1676103938149767168,0.3784709870815277
1676104308.6995537,1529,1676104308,698917169,,370548301000,1676103938150448451,1676103938149769984,0.32971298694610596
1676104308.799684,1530,1676104308,799037834,,370648321000,1676103938150427897,1676103938149772800,0.5715029835700989
1676104308.9000602,1531,1676104308,899089797,,370748390000,1676103938150369787,1676103938149775360,0.6536669731140137
1676104308.9993348,1532,1676104308,998895711,,370848262000,1676103938150400420,1676103938149778176,0.4612469971179962
1676104309.0996118,1533,1676104309,99032752,,370948364000,1676103938150366787,1676103938149780736,0.5976510047912598
1676104309.2002754,1534,1676104309,199847423,,371049189000,1676103938149952729,1676103938149782016,1.4062219858169556
1676104309.2993422,1535,1676104309,298911364,,371148276000,1676103938150405685,1676103938149784832,0.45430299639701843
1676104309.3996189,1536,1676104309,399162921,,371248533000,1676103938150260737,1676103938149787136,0.7318320274353027
1676104309.49968,1537,1676104309,499244020,,371348591000,1676103938150243003,1676103938149789440,0.8153669834136963
1676104309.599813,1538,1676104309,599406820,,371448765000,1676103938150153333,1676103938149791232,0.9715480208396912
1676104309.6994252,1539,1676104309,698872694,,371548211000,1676103938150405322,1676103938149793792,0.50689297914505
1676104309.7998912,1540,1676104309,799013014,,371648328000,1676103938150408771,1676103938149796352,0.5450599789619446
1676104309.9026682,1541,1676104309,898949746,,371748237000,1676103938150450633,1676103938149798912,0.5180969834327698
1676104309.9993763,1542,1676104309,998928977,,371848242000,1676103938150442113,1676103938149801472,0.4845980107784271
1676104310.0994585,1543,1676104310,98846234,,371948192000,1676103938150444777,1676103938149804032,0.41176700592041016
1676104310.1991951,1544,1676104310,198803362,,372048184000,1676103938150429283,1676103938149806592,0.37498998641967773
1676104310.299386,1545,1676104310,298842579,,372148213000,1676103938150434464,1676103938149809152,0.3852669894695282
1676104310.3994384,1546,1676104310,398842131,,372248194000,1676103938150439054,1676103938149811712,0.4133029878139496
1676104310.4992695,1547,1676104310,498871572,,372348255000,1676103938150389087,1676103938149814272,0.44967299699783325
1676104310.6002085,1548,1676104310,599639807,,372448934000,1676103938150098369,1676103938149815808,1.20939302444458
1676104310.6994672,1549,1676104310,699082411,,372548411000,1676103938150369030,1676103938149818112,0.5987250208854675
1676104310.799398,1550,1676104310,798867487,,372648190000,1676103938150455113,1676103938149820672,0.4394510090351105
1676104310.8996093,1551,1676104310,899071756,,372748422000,1676103938150326931,1676103938149822976,0.6404269933700562
1676104310.9995546,1552,1676104310,999119325,,372848483000,1676103938150291251,1676103938149825024,0.684499979019165
1676104311.099325,1553,1676104311,98886630,,372948230000,1676103938150457238,1676103938149827584,0.39254501461982727
1676104311.1998637,1554,1676104311,199046944,,373048193000,1676103938150545211,1676103938149830400,0.6121129989624023
1676104311.299359,1555,1676104311,298857619,,373148210000,1676103938150438893,1676103938149832960,0.41147100925445557
1676104311.3993835,1556,1676104311,398867936,,373248235000,1676103938150415368,1676103938149835520,0.4299890100955963
1676104311.4994988,1557,1676104311,498845514,,373348174000,1676103938150446140,1676103938149838080,0.4457100033760071
1676104311.5992978,1558,1676104311,598864239,,373448219000,1676103938150425106,1676103938149840640,0.4350619912147522
1676104311.6992052,1559,1676104311,698793022,,373548157000,1676103938150417101,1676103938149843200,0.43256300687789917
1676104311.7992704,1560,1676104311,798838098,,373648200000,1676103938150428899,1676103938149846016,0.4128960072994232
1676104311.8994606,1561,1676104311,898916765,,373748226000,1676103938150464197,1676103938149848832,0.4469510018825531
1676104311.9992633,1562,1676104311,998809419,,373848172000,1676103938150440758,1676103938149851648,0.38835999369621277
1676104312.0993843,1563,1676104312,98988590,,373948344000,1676103938150366857,1676103938149854208,0.5501149892807007
1676104312.199221,1564,1676104312,198824030,,374048165000,1676103938150454035,1676103938149857024,0.4052850008010864
1676104312.299287,1565,1676104312,298836039,,374148186000,1676103938150446424,1676103938149859840,0.40161898732185364
1676104312.3994372,1566,1676104312,398852363,,374248217000,1676103938150441516,1676103938149862656,0.38293400406837463
1676104312.4995189,1567,1676104312,498964166,,374348278000,1676103938150424302,1676103938149865472,0.5160229802131653
1676104312.5993483,1568,1676104312,598867974,,374448201000,1676103938150447461,1676103938149868288,0.43296998739242554
1676104312.6995564,1569,1676104312,698775634,,374548096000,1676103938150460732,1676103938149871104,0.42998799681663513
1676104312.799222,1570,1676104312,798791384,,374648159000,1676103938150446101,1676103938149873920,0.3675830066204071
1676104312.899522,1571,1676104312,898821781,,374748160000,1676103938150464675,1676103938149876480,0.38763800263404846
1676104312.999504,1572,1676104312,998790477,,374848109000,1676103938150495953,1676103938149879296,0.36456501483917236
1676104313.0993161,1573,1676104313,98864749,,374948184000,1676103938150458718,1676103938149881856,0.4380429983139038
1676104313.19926,1574,1676104313,198817914,,375048177000,1676103938150446706,1676103938149884416,0.3846200108528137
1676104313.2993178,1575,1676104313,298905075,,375148193000,1676103938150474813,1676103938149887232,0.4684140086174011
1676104313.3991945,1576,1676104313,398798205,,375248160000,1676103938150448117,1676103938149889792,0.3750450015068054
1676104313.4992957,1577,1676104313,498901348,,375348249000,1676103938150419835,1676103938149892352,0.4598209857940674
1676104313.5998437,1578,1676104313,599446552,,375448790000,1676103938150149519,1676103938149894144,1.0086389780044556
1676104313.699506,1579,1676104313,699083652,,375548409000,1676103938150361762,1676103938149896448,0.6194090247154236
1676104313.799241,1580,1676104313,798824841,,375648169000,1676103938150453920,1676103938149899008,0.3980270028114319
1676104313.8992167,1581,1676104313,898802450,,375748147000,1676103938150462787,1676103938149901568,0.37945300340652466
1676104313.9994757,1582,1676104313,998977720,,375848263000,1676103938150434949,1676103938149904128,0.553022027015686
1676104314.0993147,1583,1676104314,98841356,,375948176000,1676103938150459861,1676103938149906688,0.40580400824546814
1676104314.1993115,1584,1676104314,198833748,,376048166000,1676103938150465243,1676103938149909248,0.39952701330184937
1676104314.2992218,1585,1676104314,298851047,,376148188000,1676103938150448126,1676103938149911808,0.4232659935951233
1676104314.3992114,1586,1676104314,398819162,,376248160000,1676103938150462343,1676103938149914368,0.38787901401519775
1676104314.499799,1587,1676104314,499037659,,376348318000,1676103938150419343,1676103938149916928,0.5942059755325317
1676104314.59933,1588,1676104314,598888110,,376448218000,1676103938150436662,1676103938149919488,0.4610440135002136
1676104314.7058523,1589,1676104314,699002129,,376548318000,1676103938150361517,1676103938149921792,0.6385200023651123
1676104314.7998328,1590,1676104314,799082445,,376648339000,1676103938150495312,1676103938149924608,0.4893389940261841
1676104314.8993309,1591,1676104314,898890082,,376748206000,1676103938150463440,1676103938149927168,0.43498799204826355
1676104314.999332,1592,1676104314,998895363,,376848191000,1676103938150477100,1676103938149929984,0.4489879906177521
1676104315.099539,1593,1676104315,99117773,,376948430000,1676103938150342097,1676103938149932288,0.6856110095977783
1676104315.1991684,1594,1676104315,198812327,,377048164000,1676103938150453415,1676103938149934848,0.38417500257492065
1676104315.2993355,1595,1676104315,298887167,,377148176000,1676103938150482969,1676103938149937664,0.450747013092041
1676104315.3994584,1596,1676104315,398951785,,377248245000,1676103938150449986,1676103938149940224,0.5074689984321594
1676104315.499564,1597,1676104315,499099475,,377348413000,1676103938150347188,1676103938149942528,0.6721479892730713
1676104315.5994756,1598,1676104315,598894323,,377448192000,1676103938150477764,1676103938149945344,0.44200700521469116
1676104315.6992593,1599,1676104315,698816649,,377548171000,1676103938150468412,1676103938149947904,0.3490090072154999
1676104315.7992735,1600,1676104315,798861175,,377648158000,1676103938150484143,1676103938149950720,0.43261799216270447
1676104315.8995595,1601,1676104315,898879239,,377748162000,1676103938150487976,1676103938149953536,0.45222899317741394
1676104315.999237,1602,1676104315,998826490,,377848151000,1676103938150471948,1676103938149956096,0.40195199847221375
1676104316.0994852,1603,1676104316,98882576,,377948173000,1676103938150484471,1676103938149958912,0.44417399168014526
1676104316.1994977,1604,1676104316,198890794,,378048211000,1676103938150456846,1676103938149961472,0.4419330060482025
1676104316.29986,1605,1676104316,299331556,,378148561000,1676103938150310652,1676103938149963520,0.9132159948348999
1676104316.3992865,1606,1676104316,398813473,,378248148000,1676103938150468432,1676103938149965824,0.3891749978065491
1676104316.499734,1607,1676104316,499098258,,378348180000,1676103938150500074,1676103938149968384,0.4685620069503784
1676104316.5992284,1608,1676104316,598817039,,378448141000,1676103938150476396,1676103938149970944,0.39428600668907166
1676104316.6993651,1609,1676104316,698882107,,378548198000,1676103938150475585,1676103938149973504,0.411081999540329
1676104316.799366,1610,1676104316,798923047,,378648229000,1676103938150444044,1676103938149975808,0.49441298842430115
1676104316.8995457,1611,1676104316,899104889,,378748441000,1676103938150320926,1676103938149977856,0.6808159947395325
1676104316.9992204,1612,1676104316,998806412,,378848138000,1676103938150475194,1676103938149980416,0.38134199380874634
1676104317.0994837,1613,1676104317,98830949,,378948122000,1676103938150507464,1676103938149982976,0.3953230082988739
1676104317.1993155,1614,1676104317,198876060,,379048193000,1676103938150476862,1676103938149985536,0.4061189889907837
1676104317.2994056,1615,1676104317,298954578,,379148241000,1676103938150485982,1676103938149988352,0.44861799478530884
1676104317.39926,1616,1676104317,398853267,,379248157000,1676103938150484300,1676103938149991168,0.4184519946575165
1676104317.4994793,1617,1676104317,499084318,,379348412000,1676103938150339651,1676103938149993472,0.6601859927177429
1676104317.5995,1618,1676104317,599068135,,379448373000,1676103938150392772,1676103938149996032,0.5995950102806091
1676104317.6997774,1619,1676104317,699199207,,379548481000,1676103938150325846,1676103938149998336,0.7783870100975037
1676104317.7997785,1620,1676104317,799364685,,379648625000,1676103938150270327,1676103938150000384,0.9316980242729187
1676104317.8998353,1621,1676104317,898856644,,379748082000,1676103938150559835,1676103938150003456,0.4235999882221222
1676104317.999336,1622,1676104317,998900700,,379848186000,1676103938150475585,1676103938150006272,0.4715990126132965
1676104318.0993412,1623,1676104318,98865189,,379948159000,1676103938150496018,1676103938150009088,0.4149329960346222
1676104318.1995938,1624,1676104318,198973304,,380048242000,1676103938150467255,1676103938150011648,0.5214869976043701
1676104318.299312,1625,1676104318,298860202,,380148162000,1676103938150480022,1676103938150014464,0.4314520061016083
1676104318.3992476,1626,1676104318,398757433,,380248065000,1676103938150516771,1676103938150017280,0.34647300839424133
1676104318.4993339,1627,1676104318,498846234,,380348099000,1676103938150528027,1676103938150020096,0.43363600969314575
1676104318.5996797,1628,1676104318,599259933,,380448510000,1676103938150332907,1676103938150022400,0.8285340070724487
1676104318.6994765,1629,1676104318,698947467,,380548235000,1676103938150475788,1676103938150025216,0.46821001172065735
1676104318.7993677,1630,1676104318,798886642,,380648172000,1676103938150481360,1676103938150028032,0.4605430066585541
1676104318.8992913,1631,1676104318,898844168,,380748149000,1676103938150487331,1676103938150030848,0.40989598631858826
1676104318.9994686,1632,1676104318,998857063,,380848145000,1676103938150496254,1676103938150033664,0.4258590042591095
1676104319.099786,1633,1676104319,98933406,,380948192000,1676103938150494810,1676103938150036480,0.48645099997520447
1676104319.1995616,1634,1676104319,199020896,,381048258000,1676103938150465617,1676103938150039040,0.5875949859619141
1676104319.2993767,1635,1676104319,298877023,,381148154000,1676103938150500334,1676103938150041856,0.439285010099411
1676104319.399325,1636,1676104319,398859387,,381248121000,1676103938150517587,1676103938150044672,0.4344879984855652
1676104319.499641,1637,1676104319,499118077,,381348382000,1676103938150393938,1676103938150046976,0.6786670088768005
1676104319.5996954,1638,1676104319,598998184,,381448240000,1676103938150518403,1676103938150049536,0.4735249876976013
1676104319.6999896,1639,1676104319,699145618,,381548419000,1676103938150367192,1676103938150051584,0.7130740284919739
1676104319.799481,1640,1676104319,798913266,,381648174000,1676103938150503531,1676103938150054144,0.46543198823928833
1676104319.8994863,1641,1676104319,899013923,,381748268000,1676103938150454328,1676103938150056448,0.5766140222549438
1676104319.999467,1642,1676104319,998895234,,381848161000,1676103938150502137,1676103938150059008,0.45809999108314514
1676104320.099526,1643,1676104320,98877640,,381948119000,1676103938150531405,1676103938150061568,0.4471920132637024
1676104320.199449,1644,1676104320,199070522,,382048382000,1676103938150369363,1676103938150063616,0.6328169703483582
1676104320.2991784,1645,1676104320,298791749,,382148109000,1676103938150495059,1676103938150066176,0.36997199058532715
1676104320.3992033,1646,1676104320,398796525,,382248106000,1676103938150498733,1676103938150068736,0.3782860040664673
1676104320.4993026,1647,1676104320,498849522,,382348136000,1676103938150504962,1676103938150071296,0.41167399287223816
1676104320.5991507,1648,1676104320,598744282,,382448057000,1676103938150520749,1676103938150073856,0.32875099778175354
1676104320.699325,1649,1676104320,698896442,,382548194000,1676103938150429820,1676103938150076160,0.5403559803962708
1676104320.7993324,1650,1676104320,798847368,,382648132000,1676103938150509012,1676103938150078720,0.4066370129585266
1676104320.8992772,1651,1676104320,898893698,,382748204000,1676103938150458982,1676103938150081024,0.45598798990249634
1676104320.999507,1652,1676104320,999121560,,382848396000,1676103938150374801,1676103938150083072,0.696815013885498
1676104321.0994692,1653,1676104321,98831608,,382948110000,1676103938150522381,1676103938150085632,0.39298999309539795
1676104321.1993346,1654,1676104321,198855610,,383048132000,1676103938150509152,1676103938150088192,0.4230070114135742
1676104321.2995396,1655,1676104321,299194770,,383148502000,1676103938150296355,1676103938150089984,0.7879239916801453
1676104321.3994234,1656,1676104321,398875374,,383248147000,1676103938150508667,1676103938150092544,0.4336000084877014
1676104321.4994738,1657,1676104321,498902376,,383348157000,1676103938150512503,1676103938150095104,0.459320992231369
1676104321.5995836,1658,1676104321,599006080,,383448252000,1676103938150464847,1676103938150097408,0.5722630023956299
1676104321.6995544,1659,1676104321,699139876,,383548452000,1676103938150284673,1676103938150099200,0.801813006401062
1676104321.7993639,1660,1676104321,798911088,,383648201000,1676103938150468335,1676103938150101504,0.4785059988498688
1676104321.899498,1661,1676104321,899057384,,383748344000,1676103938150396318,1676103938150103808,0.629243016242981
1676104322.0003567,1662,1676104321,999623131,,383848836000,1676103938150207451,1676103938150105344,1.1528780460357666
1676104322.0991788,1663,1676104322,98751624,,383948051000,1676103938150533267,1676103938150107904,0.3294549882411957
1676104322.1994667,1664,1676104322,198891554,,384048129000,1676103938150531393,1676103938150110464,0.4558590054512024
1676104322.2994263,1665,1676104322,298891969,,384148139000,1676103938150520447,1676103938150113024,0.45872899889945984
1676104322.400307,1666,1676104322,398881014,,384248166000,1676103938150519352,1676103938150115584,0.3859710097312927
1676104322.4995947,1667,1676104322,498931686,,384348168000,1676103938150525183,1676103938150118144,0.4705989956855774
1676104322.5998006,1668,1676104322,598938749,,384448145000,1676103938150539950,1676103938150120704,0.4985800087451935
1676104322.6995823,1669,1676104322,699050791,,384548046000,1676103938150714446,1676103938150123776,0.5744109749794006
1676104322.7995453,1670,1676104322,798868488,,384648135000,1676103938150512410,1676103938150126336,0.4367850124835968
1676104322.8996305,1671,1676104322,898857681,,384748132000,1676103938150509214,1676103938150128896,0.42630401253700256
1676104323.000588,1672,1676104322,999770424,,384849024000,1676103938150093885,1676103938150130176,1.2982439994812012
1676104323.09954,1673,1676104323,98893514,,384948085000,1676103938150579659,1676103938150132736,0.45174700021743774
1676104323.199918,1674,1676104323,199420901,,385048629000,1676103938150295053,1676103938150134272,0.9883450269699097
1676104323.2993095,1675,1676104323,298833503,,385148120000,1676103938150510119,1676103938150136576,0.40150800347328186
1676104323.399693,1676,1676104323,398922475,,385248182000,1676103938150495889,1676103938150138880,0.48265498876571655
1676104323.499445,1677,1676104323,498877174,,385348133000,1676103938150522976,1676103938150141184,0.43561801314353943
1676104323.5993621,1678,1676104323,598787244,,385448078000,1676103938150526813,1676103938150143488,0.3591949939727783
1676104323.6994298,1679,1676104323,698765608,,385548033000,1676103938150530567,1676103938150145792,0.3974339962005615
1676104323.7998483,1680,1676104323,799276477,,385648511000,1676103938150338256,1676103938150147584,0.8480150103569031
1676104323.8996801,1681,1676104323,899131863,,385748162000,1676103938150621650,1676103938150150144,0.6892970204353333
1676104323.999619,1682,1676104323,999016582,,385848258000,1676103938150462691,1676103938150152192,0.5859659910202026
1676104324.0994766,1683,1676104324,98903768,,385948131000,1676103938150535746,1676103938150154496,0.4678579866886139
1676104324.1996248,1684,1676104324,199015633,,386048219000,1676103938150519890,1676103938150156800,0.5468379855155945
1676104324.2993042,1685,1676104324,298823821,,386148109000,1676103938150511428,1676103938150159104,0.40171200037002563
1676104324.399689,1686,1676104324,399200124,,386248374000,1676103938150574232,1676103938150161664,0.4972279965877533
1676104324.4996157,1687,1676104324,498964868,,386348186000,1676103938150523875,1676103938150163968,0.5024129748344421
1676104324.5995793,1688,1676104324,598924830,,386448143000,1676103938150539049,1676103938150166272,0.47904300689697266
1676104324.7075808,1689,1676104324,698866237,,386548090000,1676103938150521466,1676103938150168832,0.5029129981994629
1676104324.7994218,1690,1676104324,798914104,,386648155000,1676103938150527573,1676103938150171392,0.4570620059967041
1676104324.899278,1691,1676104324,898865010,,386748105000,1676103938150542840,1676103938150173952,0.42863699793815613
1676104324.999411,1692,1676104324,998928358,,386848189000,1676103938150483800,1676103938150176512,0.504709005355835
1676104325.0994148,1693,1676104325,98927879,,386948181000,1676103938150489885,1676103938150179072,0.5080239772796631
1676104325.1992369,1694,1676104325,198792958,,387048065000,1676103938150539518,1676103938150181632,0.3711569905281067
1676104325.2991838,1695,1676104325,298784109,,387148057000,1676103938150539039,1676103938150184192,0.3709529936313629
1676104325.399766,1696,1676104325,399093973,,387248322000,1676103938150536747,1676103938150186752,0.4640989899635315
1676104325.4993417,1697,1676104325,498860685,,387348115000,1676103938150525477,1676103938150189312,0.434563010931015
1676104325.599824,1698,1676104325,598956092,,387448189000,1676103938150496571,1676103938150191872,0.5359119772911072
1676104325.6998768,1699,1676104325,699463044,,387548719000,1676103938150183817,1676103938150193408,1.1144709587097168
1676104325.7994583,1700,1676104325,799061334,,387648321000,1676103938150412852,1676103938150195712,0.649724006652832
1676104325.8997164,1701,1676104325,899201110,,387748392000,1676103938150418573,1676103938150198016,0.7749620079994202
1676104325.9998736,1702,1676104325,999470901,,387848678000,1676103938150263007,1676103938150199808,1.0539170503616333
1676104326.100287,1703,1676104326,99720049,,387948904000,1676103938150166390,1676103938150201344,1.292799949645996
1676104326.1994963,1704,1676104326,198920668,,388048140000,1676103938150538758,1676103938150203904,0.4777100086212158
1676104326.2995188,1705,1676104326,298921934,,388148126000,1676103938150542644,1676103938150206464,0.5008389949798584
1676104326.399423,1706,1676104326,398909292,,388248138000,1676103938150531381,1676103938150209024,0.4743399918079376
1676104326.499331,1707,1676104326,498825374,,388348079000,1676103938150544435,1676103938150211584,0.3988040089607239
1676104326.599505,1708,1676104326,598944433,,388448154000,1676103938150535476,1676103938150214144,0.5041720271110535
1676104326.6995115,1709,1676104326,698882052,,388548058000,1676103938150569067,1676103938150216960,0.5035799741744995
1676104326.7994165,1710,1676104326,798875706,,388648051000,1676103938150594730,1676103938150219520,0.4530630111694336
1676104326.8998919,1711,1676104326,899318664,,388748311000,1676103938150553777,1676103938150221824,0.9013280272483826
1676104326.9996152,1712,1676104326,998903718,,388848120000,1676103938150537862,1676103938150224128,0.48565399646759033
1676104327.099436,1713,1676104327,98907764,,388948084000,1676103938150579187,1676103938150226688,0.4835059940814972
1676104327.1995368,1714,1676104327,198944125,,389048099000,1676103938150576567,1676103938150229248,0.5312449932098389
1676104327.2994826,1715,1676104327,298829305,,389148059000,1676103938150566727,1676103938150231808,0.40026700496673584
1676104327.3994558,1716,1676104327,398844704,,389248073000,1676103938150558329,1676103938150234368,0.4204150140285492
1676104327.5001998,1717,1676104327,499298202,,389348308000,1676103938150545685,1676103938150236672,0.881106972694397
1676104327.6002996,1718,1676104327,599046718,,389448219000,1676103938150524791,1676103938150238976,0.6000400185585022
1676104327.699159,1719,1676104327,698696404,,389547945000,1676103938150565455,1676103938150241536,0.3660460114479065
1676104327.7993996,1720,1676104327,798836948,,389648054000,1676103938150575388,1676103938150244096,0.4084340035915375
1676104327.8998997,1721,1676104327,899294057,,389748498000,1676103938150357439,1676103938150245888,0.8705700039863586
1676104327.999305,1722,1676104327,998850041,,389848090000,1676103938150543325,1676103938150248192,0.4278779923915863
1676104328.0998085,1723,1676104328,99273359,,389948469000,1676103938150376740,1676103938150249984,0.8488860130310059
1676104328.1993632,1724,1676104328,198826477,,390048020000,1676103938150604936,1676103938150252544,0.39785999059677124
1676104328.2998538,1725,1676104328,298786936,,390148035000,1676103938150565413,1676103938150255104,0.3668609857559204
1676104328.3997877,1726,1676104328,398999241,,390248167000,1676103938150542165,1676103938150257408,0.5733180046081543
1676104328.4995942,1727,1676104328,498991811,,390348117000,1676103938150596244,1676103938150259968,0.5517079830169678
1676104328.5992367,1728,1676104328,598789163,,390448036000,1676103938150565390,1676103938150262528,0.3708980083465576
1676104328.6995015,1729,1676104328,698933821,,390548162000,1676103938150529531,1676103938150264832,0.47909900546073914
1676104328.799485,1730,1676104328,798845264,,390648050000,1676103938150579435,1676103938150267392,0.42506399750709534
1676104328.8998616,1731,1676104328,899271229,,390748491000,1676103938150348148,1676103938150269184,0.8564959764480591
1676104328.9995968,1732,1676104328,999007806,,390848230000,1676103938150479341,1676103938150271488,0.5907989740371704
1676104329.1005952,1733,1676104329,99767415,,390948974000,1676103938150117506,1676103938150272512,1.3449840545654297
1676104329.1993387,1734,1676104329,198810623,,391048036000,1676103938150575230,1676103938150275072,0.392971009016037
1676104329.2994668,1735,1676104329,298797030,,391148025000,1676103938150580377,1676103938150277632,0.3772130012512207
1676104329.3999872,1736,1676104329,399176038,,391248361000,1676103938150436964,1676103938150279680,0.7495920062065125
1676104329.499313,1737,1676104329,498808898,,391348020000,1676103938150592820,1676103938150282240,0.3854529857635498
1676104329.5993876,1738,1676104329,598836156,,391448056000,1676103938150570013,1676103938150284800,0.41465601325035095
1676104329.7007928,1739,1676104329,699536896,,391548013000,1676103938150929976,1676103938150288384,1.1828769445419312
1676104329.7994115,1740,1676104329,798862283,,391648064000,1676103938150576400,1676103938150290944,0.4376550018787384
1676104329.9000082,1741,1676104329,898959428,,391748165000,1676103938150521092,1676103938150293248,0.540244996547699
1676104329.9998913,1742,1676104329,998994648,,391848168000,1676103938150532091,1676103938150295552,0.5815219879150391
1676104330.0999823,1743,1676104330,99325661,,391948528000,1676103938150344996,1676103938150297344,0.8986070156097412
1676104330.1997979,1744,1676104330,199178556,,392048395000,1676103938150441333,1676103938150299392,0.6768530011177063
1676104330.300752,1745,1676104330,299590270,,392148769000,1676103938150237304,1676103938150300928,1.1607849597930908
1676104330.3998876,1746,1676104330,399029454,,392248234000,1676103938150487425,1676103938150302976,0.6089839935302734
1676104330.4994106,1747,1676104330,498812333,,392348030000,1676103938150584365,1676103938150305280,0.38967499136924744
1676104330.5996957,1748,1676104330,599088550,,392448275000,1676103938150476114,1676103938150307328,0.6691489815711975
1676104330.6995192,1749,1676104330,698917965,,392547954000,1676103938150673546,1676103938150309888,0.5752999782562256
1676104330.7997913,1750,1676104330,799250977,,392648253000,1676103938150578395,1676103938150312192,0.8323490023612976
1676104330.899574,1751,1676104330,898819639,,392748023000,1676103938150597200,1676103938150314496,0.3922860026359558
1676104330.9997208,1752,1676104330,999193614,,392848385000,1676103938150417642,1676103938150316288,0.774387001991272
1676104331.0997195,1753,1676104331,98936497,,392948091000,1676103938150579467,1676103938150318592,0.5259860157966614
1676104331.1995406,1754,1676104331,198811062,,393048012000,1676103938150601335,1676103938150320896,0.3899349868297577
1676104331.2996042,1755,1676104331,298886788,,393148083000,1676103938150572340,1676103938150323200,0.4561919867992401
1676104331.3993757,1756,1676104331,398812259,,393248017000,1676103938150597588,1676103938150325504,0.38976800441741943
1676104331.4992938,1757,1676104331,498807451,,393348017000,1676103938150596057,1676103938150327808,0.38287898898124695
1676104331.5997941,1758,1676104331,599338795,,393448287000,1676103938150591779,1676103938150330112,0.9137549996376038
1676104331.699208,1759,1676104331,698744316,,393547970000,1676103938150572617,1676103938150332416,0.3964900076389313
1676104331.7993999,1760,1676104331,798801247,,393648011000,1676103938150597187,1676103938150334720,0.3793239891529083
1676104331.8997557,1761,1676104331,898786550,,393747984000,1676103938150614332,1676103938150337024,0.3706200122833252
1676104331.9994533,1762,1676104331,998853758,,393848021000,1676103938150615624,1676103938150339328,0.4280639886856079
1676104332.099632,1763,1676104332,99101002,,393948295000,1676103938150463279,1676103938150341120,0.6784830093383789
1676104332.1999366,1764,1676104332,198853277,,394048021000,1676103938150615828,1676103938150343424,0.4269520044326782
1676104332.29936,1765,1676104332,298842731,,394148048000,1676103938150583523,1676103938150345728,0.4156560003757477
1676104332.399706,1766,1676104332,398857018,,394248037000,1676103938150605079,1676103938150348032,0.4229710102081299
1676104332.499565,1767,1676104332,498871934,,394348060000,1676103938150588857,1676103938150350336,0.4400629997253418
1676104332.5995975,1768,1676104332,598831056,,394448023000,1676103938150602533,1676103938150352640,0.4049519896507263
1676104332.700892,1769,1676104332,700349823,,394549545000,1676103938150599439,1676103938150354944,0.4053789973258972
1676104332.7996418,1770,1676104332,799157567,,394648340000,1676103938150453678,1676103938150356736,0.7219070196151733
1676104332.8993118,1771,1676104332,898837881,,394748051000,1676103938150587756,1676103938150359040,0.3929530084133148
1676104332.9994135,1772,1676104332,998877611,,394848067000,1676103938150593968,1676103938150361344,0.42723000049591064
1676104333.0995936,1773,1676104333,98929123,,394948084000,1676103938150604480,1676103938150363648,0.47461798787117004
1676104333.1994786,1774,1676104333,198935228,,395048119000,1676103938150559392,1676103938150365952,0.5076159834861755
1676104333.2995408,1775,1676104333,298907741,,395148072000,1676103938150599923,1676103938150368256,0.46445098519325256
1676104333.3994615,1776,1676104333,398908661,,395248075000,1676103938150598167,1676103938150370560,0.464803010225296
1676104333.4994872,1777,1676104333,498916878,,395348079000,1676103938150595865,1676103938150372864,0.47726500034332275
1676104333.5997179,1778,1676104333,598993314,,395448135000,1676103938150583784,1676103938150375168,0.5418559908866882
1676104333.6992025,1779,1676104333,698767814,,395547952000,1676103938150614301,1676103938150377472,0.3983420133590698
1676104333.7996736,1780,1676104333,799148817,,395648343000,1676103938150445243,1676103938150379264,0.7157589793205261
1676104333.8994849,1781,1676104333,898931614,,395748107000,1676103938150572768,1676103938150381568,0.497653990983963
1676104333.9996045,1782,1676104333,999056938,,395848228000,1676103938150518677,1676103938150383616,0.6147990226745605
1676104334.0996487,1783,1676104334,99142007,,395948341000,1676103938150442108,1676103938150385408,0.7123900055885315
1676104334.199827,1784,1676104334,199270779,,396048434000,1676103938150417280,1676103938150386944,0.8327379822731018
1676104334.299392,1785,1676104334,298796437,,396148003000,1676103938150600052,1676103938150388992,0.3811199963092804
1676104334.3994703,1786,1676104334,398903783,,396248084000,1676103938150581456,1676103938150391040,0.47100698947906494
1676104334.4993687,1787,1676104334,498846004,,396348027000,1676103938150610111,1676103938150393088,0.4116570055484772
1676104334.5993335,1788,1676104334,598852557,,396448052000,1676103938150579035,1676103938150395136,0.43763700127601624
1676104334.699143,1789,1676104334,698767890,,396547982000,1676103938150582312,1676103938150397184,0.40258198976516724
1676104334.799352,1790,1676104334,798870181,,396648052000,1676103938150596603,1676103938150399232,0.4374150037765503
1676104334.8993347,1791,1676104334,898890141,,396748069000,1676103938150585434,1676103938150401280,0.46608099341392517
1676104334.9994483,1792,1676104334,998903138,,396848075000,1676103938150588283,1676103938150403328,0.4739139974117279
1676104335.0995057,1793,1676104335,99018265,,396948212000,1676103938150506207,1676103938150405120,0.5948560237884521
1676104335.1994748,1794,1676104335,198921786,,397048090000,1676103938150582256,1676103938150407168,0.4936540126800537
1676104335.299341,1795,1676104335,298852937,,397148009000,1676103938150628637,1676103938150409216,0.4253779947757721
1676104335.4000583,1796,1676104335,399449126,,397248076000,1676103938150857954,1676103938150412032,1.023695945739746
1676104335.4994996,1797,1676104335,498973990,,397348131000,1676103938150572182,1676103938150414080,0.5362079739570618
1676104335.599381,1798,1676104335,598896159,,397448043000,1676103938150627118,1676103938150416128,0.4454149901866913
1676104335.699203,1799,1676104335,698736979,,397547915000,1676103938150625483,1676103938150418176,0.38736099004745483
1676104335.7996283,1800,1676104335,798973658,,397648039000,1676103938150659119,1676103938150420480,0.5440229773521423
1676104335.8993137,1801,1676104335,898828366,,397748007000,1676103938150616658,1676103938150422528,0.40400800108909607
1676104335.99936,1802,1676104335,998863792,,397848038000,1676103938150603779,1676103938150424576,0.43869200348854065
1676104336.099372,1803,1676104336,98844518,,397948007000,1676103938150628513,1676103938150426624,0.412416011095047
1676104336.2002084,1804,1676104336,199725980,,398048400000,1676103938150672089,1676103938150428928,1.302873969078064
1676104336.2992947,1805,1676104336,298816081,,398147994000,1676103938150624715,1676103938150430976,0.3891200125217438
1676104336.399345,1806,1676104336,398877675,,398248043000,1676103938150606403,1676103938150433024,0.4511359930038452
1676104336.4992936,1807,1676104336,498805051,,398347990000,1676103938150619250,1676103938150435072,0.38519400358200073
1676104336.5994036,1808,1676104336,598857923,,398448015000,1676103938150624410,1676103938150437120,0.43137800693511963
1676104336.6992362,1809,1676104336,698749541,,398547917000,1676103938150630796,1676103938150439168,0.3982490003108978
1676104336.7993624,1810,1676104336,798862134,,398648018000,1676103938150625908,1676103938150441216,0.4308770000934601
1676104336.8994715,1811,1676104336,898889211,,398748035000,1676103938150623688,1676103938150443520,0.4546549916267395
1676104336.9996548,1812,1676104336,999167281,,398848328000,1676103938150467846,1676103938150445312,0.73711097240448
1676104337.099414,1813,1676104337,98864517,,398948018000,1676103938150626708,1676103938150447616,0.43354400992393494
1676104337.1996565,1814,1676104337,199205700,,399048358000,1676103938150455747,1676103938150449408,0.7779430150985718
1676104337.2995481,1815,1676104337,298992804,,399148143000,1676103938150567062,1676103938150451712,0.5600410103797913
1676104337.3994267,1816,1676104337,398887721,,399248033000,1676103938150627124,1676103938150454016,0.44885900616645813
