Time,header.seq,header.stamp.secs,header.stamp.nsecs,header.frame_id,channels_0,channels_1,channels_2,channels_3,channels_4,channels_5,channels_6,channels_7,channels_8,channels_9,channels_10,channels_11,channels_12,channels_13,channels_14,channels_15
1676104288.8755393,2680,1676104288,777389008,,0,0,0,0,0,0,0,0,0,0,0,0,0,0,0,0
1676104288.8759165,2681,1676104288,828701520,,0,0,0,0,0,0,0,0,0,0,0,0,0,0,0,0
1676104288.8818603,2682,1676104288,878760520,,0,0,0,0,0,0,0,0,0,0,0,0,0,0,0,0
1676104288.9491055,2683,1676104288,927572824,,0,0,0,0,0,0,0,0,0,0,0,0,0,0,0,0
1676104288.9816294,2684,1676104288,978886824,,0,0,0,0,0,0,0,0,0,0,0,0,0,0,0,0
1676104289.029893,2685,1676104289,27706384,,0,0,0,0,0,0,0,0,0,0,0,0,0,0,0,0
1676104289.0808568,2686,1676104289,77755384,,0,0,0,0,0,0,0,0,0,0,0,0,0,0,0,0
1676104289.1316743,2687,1676104289,129069944,,0,0,0,0,0,0,0,0,0,0,0,0,0,0,0,0
1676104289.180683,2688,1676104289,177884944,,0,0,0,0,0,0,0,0,0,0,0,0,0,0,0,0
1676104289.2318463,2689,1676104289,229195504,,0,0,0,0,0,0,0,0,0,0,0,0,0,0,0,0
1676104289.279767,2690,1676104289,277900504,,0,0,0,0,0,0,0,0,0,0,0,0,0,0,0,0
1676104289.3315396,2691,1676104289,328072064,,0,0,0,0,0,0,0,0,0,0,0,0,0,0,0,0
1676104289.3821461,2692,1676104289,379377064,,0,0,0,0,0,0,0,0,0,0,0,0,0,0,0,0
1676104289.4306705,2693,1676104289,428193624,,0,0,0,0,0,0,0,0,0,0,0,0,0,0,0,0
1676104289.482153,2694,1676104289,479497624,,0,0,0,0,0,0,0,0,0,0,0,0,0,0,0,0
1676104289.5310318,2695,1676104289,528311440,,0,0,0,0,0,0,0,0,0,0,0,0,0,0,0,0
1676104289.5809135,2696,1676104289,577126440,,0,0,0,0,0,0,0,0,0,0,0,0,0,0,0,0
1676104289.6319704,2697,1676104289,628435000,,0,0,0,0,0,0,0,0,0,0,0,0,0,0,0,0
1676104289.6826062,2698,1676104289,679749000,,0,0,0,0,0,0,0,0,0,0,0,0,0,0,0,0
1676104289.7307706,2699,1676104289,728556304,,0,0,0,0,0,0,0,0,0,0,0,0,0,0,0,0
1676104289.779918,2700,1676104289,777367304,,0,0,0,0,0,0,0,0,0,0,0,0,0,0,0,0
1676104289.831583,2701,1676104289,828678656,,0,0,0,0,0,0,0,0,0,0,0,0,0,0,0,0
1676104289.8802085,2702,1676104289,877488656,,0,0,0,0,0,0,0,0,0,0,0,0,0,0,0,0
1676104289.9301677,2703,1676104289,927550960,,0,0,0,0,0,0,0,0,0,0,0,0,0,0,0,0
1676104289.9812627,2704,1676104289,978863960,,0,0,0,0,0,0,0,0,0,0,0,0,0,0,0,0
1676104290.031657,2705,1676104290,28928032,,0,0,0,0,0,0,0,0,0,0,0,0,0,0,0,0
1676104290.08196,2706,1676104290,78985032,,0,0,0,0,0,0,0,0,0,0,0,0,0,0,0,0
1676104290.1300898,2707,1676104290,127803592,,0,0,0,0,0,0,0,0,0,0,0,0,0,0,0,0
1676104290.1811047,2708,1676104290,179114592,,0,0,0,0,0,0,0,0,0,0,0,0,0,0,0,0
1676104290.2316084,2709,1676104290,229175896,,0,0,0,0,0,0,0,0,0,0,0,0,0,0,0,0
1676104290.2822318,2710,1676104290,279235896,,0,0,0,0,0,0,0,0,0,0,0,0,0,0,0,0
1676104290.3311744,2711,1676104290,328052456,,0,0,0,0,0,0,0,0,0,0,0,0,0,0,0,0
1676104290.380647,2712,1676104290,378106456,,0,0,0,0,0,0,0,0,0,0,0,0,0,0,0,0
1676104290.431825,2713,1676104290,429424016,,0,0,0,0,0,0,0,0,0,0,0,0,0,0,0,0
1676104290.4798946,2714,1676104290,476977016,,0,0,0,0,0,0,0,0,0,0,0,0,0,0,0,0
1676104290.5307467,2715,1676104290,528293576,,0,0,0,0,0,0,0,0,0,0,0,0,0,0,0,0
1676104290.5803454,2716,1676104290,577108576,,0,0,0,0,0,0,0,0,0,0,0,0,0,0,0,0
1676104290.6305304,2717,1676104290,628412136,,0,0,0,0,0,0,0,0,0,0,0,0,0,0,0,0
1676104290.6820698,2718,1676104290,679724136,,0,0,0,0,0,0,0,0,0,0,0,0,0,0,0,0
1676104290.730165,2719,1676104290,727289696,,0,0,0,0,0,0,0,0,0,0,0,0,0,0,0,0
1676104290.7805784,2720,1676104290,778598696,,0,0,0,0,0,0,0,0,0,0,0,0,0,0,0,0
1676104290.8302722,2721,1676104290,827411256,,0,0,0,0,0,0,0,0,0,0,0,0,0,0,0,0
1676104290.881221,2722,1676104290,878720256,,0,0,0,0,0,0,0,0,0,0,0,0,0,0,0,0
1676104290.9306548,2723,1676104290,928788304,,0,0,0,0,0,0,0,0,0,0,0,0,0,0,0,0
1676104290.981775,2724,1676104290,978844304,,0,0,0,0,0,0,0,0,0,0,0,0,0,0,0,0
1676104291.0307567,2725,1676104291,28905072,,0,0,0,0,0,0,0,0,0,0,0,0,0,0,0,0
1676104291.0806637,2726,1676104291,77711072,,0,0,0,0,0,0,0,0,0,0,0,0,0,0,0,0
1676104291.1306212,2727,1676104291,127788632,,0,0,0,0,0,0,0,0,0,0,0,0,0,0,0,0
1676104291.1798487,2728,1676104291,177839632,,0,0,0,0,0,0,0,0,0,0,0,0,0,0,0,0
1676104291.2310226,2729,1676104291,227910168,,0,0,0,0,0,0,0,0,0,0,0,0,0,0,0,0
1676104291.2825234,2730,1676104291,279208168,,0,0,0,0,0,0,0,0,0,0,0,0,0,0,0,0
1676104291.330558,2731,1676104291,328021728,,0,0,0,0,0,0,0,0,0,0,0,0,0,0,0,0
1676104291.3812723,2732,1676104291,379333728,,0,0,0,0,0,0,0,0,0,0,0,0,0,0,0,0
1676104291.4321604,2733,1676104291,429954544,,0,0,0,0,0,0,0,0,0,0,0,0,0,0,0,0
1676104291.4800394,2734,1676104291,476953544,,0,0,0,0,0,0,0,0,0,0,0,0,0,0,0,0
1676104291.530815,2735,1676104291,528281104,,0,0,0,0,0,0,0,0,0,0,0,0,0,0,0,0
1676104291.5806875,2736,1676104291,577086104,,0,0,0,0,0,0,0,0,0,0,0,0,0,0,0,0
1676104291.6321404,2737,1676104291,629636664,,0,0,0,0,0,0,0,0,0,0,0,0,0,0,0,0
1676104291.6818874,2738,1676104291,679696664,,0,0,0,0,0,0,0,0,0,0,0,0,0,0,0,0
1676104291.7301533,2739,1676104291,727265224,,0,0,0,0,0,0,0,0,0,0,0,0,0,0,0,0
1676104291.781618,2740,1676104291,779823224,,0,0,0,0,0,0,0,0,0,0,0,0,0,0,0,0
1676104291.8303647,2741,1676104291,827388040,,0,0,0,0,0,0,0,0,0,0,0,0,0,0,0,0
1676104291.880742,2742,1676104291,878694040,,0,0,0,0,0,0,0,0,0,0,0,0,0,0,0,0
1676104291.9320648,2743,1676104291,930009600,,0,0,0,0,0,0,0,0,0,0,0,0,0,0,0,0
1676104291.9798338,2744,1676104291,977567600,,0,0,0,0,0,0,0,0,0,0,0,0,0,0,0,0
1676104292.0295558,2745,1676104292,27635904,,0,0,0,0,0,0,0,0,0,0,0,0,0,0,0,0
1676104292.0830913,2746,1676104292,80202904,,0,0,0,0,0,0,0,0,0,0,0,0,0,0,0,0
1676104292.1311464,2747,1676104292,129005952,,0,0,0,0,0,0,0,0,0,0,0,0,0,0,0,0
1676104292.1798077,2748,1676104292,177811952,,0,0,0,0,0,0,0,0,0,0,0,0,0,0,0,0
1676104292.2300627,2749,1676104292,227891256,,0,0,0,0,0,0,0,0,0,0,0,0,0,0,0,0
1676104292.2817168,2750,1676104292,279185256,,0,0,0,0,0,0,0,0,0,0,0,0,0,0,0,0
1676104292.3301942,2751,1676104292,326755560,,0,0,0,0,0,0,0,0,0,0,0,0,0,0,0,0
1676104292.3806229,2752,1676104292,378061560,,0,0,0,0,0,0,0,0,0,0,0,0,0,0,0,0
1676104292.4338925,2753,1676104292,430623608,,0,0,0,0,0,0,0,0,0,0,0,0,0,0,0,0
1676104292.4805822,2754,1676104292,478186608,,0,0,0,0,0,0,0,0,0,0,0,0,0,0,0,0
1676104292.5302863,2755,1676104292,527004168,,0,0,0,0,0,0,0,0,0,0,0,0,0,0,0,0
1676104292.5871453,2756,1676104292,580803168,,0,0,0,0,0,0,0,0,0,0,0,0,0,0,0,0
1676104292.6306157,2757,1676104292,628379728,,0,0,0,0,0,0,0,0,0,0,0,0,0,0,0,0
1676104292.6816022,2758,1676104292,679680728,,0,0,0,0,0,0,0,0,0,0,0,0,0,0,0,0
1676104292.7305288,2759,1676104292,727246032,,0,0,0,0,0,0,0,0,0,0,0,0,0,0,0,0
1676104292.782716,2760,1676104292,779799032,,0,0,0,0,0,0,0,0,0,0,0,0,0,0,0,0
1676104292.8303535,2761,1676104292,827356336,,0,0,0,0,0,0,0,0,0,0,0,0,0,0,0,0
1676104292.88077,2762,1676104292,878674336,,0,0,0,0,0,0,0,0,0,0,0,0,0,0,0,0
1676104292.9337933,2763,1676104292,929995616,,0,0,0,0,0,0,0,0,0,0,0,0,0,0,0,0
1676104292.98103,2764,1676104292,977538616,,0,0,0,0,0,0,0,0,0,0,0,0,0,0,0,0
1676104293.0306687,2765,1676104293,28859920,,0,0,0,0,0,0,0,0,0,0,0,0,0,0,0,0
1676104293.081277,2766,1676104293,78923920,,0,0,0,0,0,0,0,0,0,0,0,0,0,0,0,0
1676104293.1308672,2767,1676104293,128983712,,0,0,0,0,0,0,0,0,0,0,0,0,0,0,0,0
1676104293.18196,2768,1676104293,179040712,,0,0,0,0,0,0,0,0,0,0,0,0,0,0,0,0
1676104293.230773,2769,1676104293,227860040,,0,0,0,0,0,0,0,0,0,0,0,0,0,0,0,0
1676104293.2808135,2770,1676104293,277913040,,0,0,0,0,0,0,0,0,0,0,0,0,0,0,0,0
1676104293.3314998,2771,1676104293,327973600,,0,0,0,0,0,0,0,0,0,0,0,0,0,0,0,0
1676104293.3804624,2772,1676104293,378046600,,0,0,0,0,0,0,0,0,0,0,0,0,0,0,0,0
1676104293.4336166,2773,1676104293,429352160,,0,0,0,0,0,0,0,0,0,0,0,0,0,0,0,0
1676104293.4803205,2774,1676104293,476908160,,0,0,0,0,0,0,0,0,0,0,0,0,0,0,0,0
1676104293.5310128,2775,1676104293,528241720,,0,0,0,0,0,0,0,0,0,0,0,0,0,0,0,0
1676104293.5819988,2776,1676104293,579531720,,0,0,0,0,0,0,0,0,0,0,0,0,0,0,0,0
1676104293.6307695,2777,1676104293,628343280,,0,0,0,0,0,0,0,0,0,0,0,0,0,0,0,0
1676104293.6817498,2778,1676104293,679654280,,0,0,0,0,0,0,0,0,0,0,0,0,0,0,0,0
1676104293.7298946,2779,1676104293,727222328,,0,0,0,0,0,0,0,0,0,0,0,0,0,0,0,0
1676104293.7806578,2780,1676104293,778527328,,0,0,0,0,0,0,0,0,0,0,0,0,0,0,0,0
1676104293.8304546,2781,1676104293,827344888,,0,0,0,0,0,0,0,0,0,0,0,0,0,0,0,0
1676104293.881022,2782,1676104293,878647888,,0,0,0,0,0,0,0,0,0,0,0,0,0,0,0,0
1676104293.9461067,2783,1676104293,939991936,,109,255,503,199,1054,1054,0,0,0,0,0,0,0,0,0,0
1676104293.9817102,2784,1676104293,978773936,,159,329,543,173,1054,1054,0,0,0,0,0,0,0,0,0,0
1676104294.0324004,2785,1676104294,27581496,,269,303,348,109,1054,1054,0,0,0,0,0,0,0,0,0,0
1676104294.082615,2786,1676104294,78896496,,235,240,317,242,1054,1054,0,0,0,0,0,0,0,0,0,0
1676104294.1298525,2787,1676104294,127709056,,258,243,259,275,1054,1054,0,0,0,0,0,0,0,0,0,0
1676104294.1811635,2788,1676104294,179019056,,233,220,294,288,1054,1054,0,0,0,0,0,0,0,0,0,0
1676104294.230018,2789,1676104294,227836360,,240,279,285,231,1054,1054,0,0,0,0,0,0,0,0,0,0
1676104294.2813218,2790,1676104294,279144360,,257,276,275,227,1054,1054,0,0,0,0,0,0,0,0,0,0
1676104294.3319304,2791,1676104294,329208920,,210,214,364,243,1054,1054,0,0,0,0,0,0,0,0,0,0
1676104294.380709,2792,1676104294,378024920,,244,261,304,226,1054,1054,0,0,0,0,0,0,0,0,0,0
1676104294.4312375,2793,1676104294,428074480,,223,227,305,280,1054,1054,0,0,0,0,0,0,0,0,0,0
1676104294.480792,2794,1676104294,478137480,,210,229,333,261,1054,1054,0,0,0,0,0,0,0,0,0,0
1676104294.532019,2795,1676104294,529451296,,243,233,304,255,1054,1054,0,0,0,0,0,0,0,0,0,0
1676104294.580125,2796,1676104294,577006296,,180,213,389,249,1054,1054,0,0,0,0,0,0,0,0,0,0
1676104294.6305816,2797,1676104294,628325856,,213,233,360,226,1054,1054,0,0,0,0,0,0,0,0,0,0
1676104294.6818898,2798,1676104294,679631856,,172,196,389,271,1054,1054,0,0,0,0,0,0,0,0,0,0
1676104294.7300117,2799,1676104294,727195416,,170,249,343,270,1054,1054,0,0,0,0,0,0,0,0,0,0
1676104294.785799,2800,1676104294,779758416,,162,205,399,263,1054,1054,0,0,0,0,0,0,0,0,0,0
1676104294.8313072,2801,1676104294,827318976,,164,200,349,318,1054,1054,0,0,0,0,0,0,0,0,0,0
1676104294.881374,2802,1676104294,878627976,,226,233,312,264,1054,1054,0,0,0,0,0,0,0,0,0,0
1676104294.933671,2803,1676104294,930636792,,154,181,357,337,1054,1054,0,0,0,0,0,0,0,0,0,0
1676104294.9801066,2804,1676104294,977502792,,237,269,310,218,1054,1054,0,0,0,0,0,0,0,0,0,0
1676104295.0299842,2805,1676104295,27568352,,180,173,398,278,1054,1054,0,0,0,0,0,0,0,0,0,0
1676104295.0828512,2806,1676104295,78876352,,199,196,360,277,1054,1054,0,0,0,0,0,0,0,0,0,0
1676104295.1305797,2807,1676104295,127693656,,194,173,389,272,1054,1054,0,0,0,0,0,0,0,0,0,0
1676104295.18075,2808,1676104295,178997656,,153,161,411,300,1054,1054,0,0,0,0,0,0,0,0,0,0
1676104295.2318394,2809,1676104295,229059472,,229,233,342,229,1054,1054,0,0,0,0,0,0,0,0,0,0
1676104295.2808232,2810,1676104295,277873472,,178,226,347,281,1054,1054,0,0,0,0,0,0,0,0,0,0
1676104295.3309543,2811,1676104295,327940032,,165,240,341,286,1054,1054,0,0,0,0,0,0,0,0,0,0
1676104295.3819363,2812,1676104295,379245032,,196,237,332,268,1054,1054,0,0,0,0,0,0,0,0,0,0
1676104295.4297898,2813,1676104295,426802336,,172,142,400,313,1054,1054,0,0,0,0,0,0,0,0,0,0
1676104295.48064,2814,1676104295,478445336,,1338,687,1176,997,1054,1054,0,0,0,0,0,0,0,0,0,0
1676104295.531741,2815,1676104295,530054896,,768,1020,1063,873,1054,1054,0,0,0,0,0,0,0,0,0,0
1676104295.5806968,2816,1676104295,576990896,,719,670,573,851,1054,1054,0,0,0,0,0,0,0,0,0,0
1676104295.6306498,2817,1676104295,628314456,,109,496,329,298,1054,1054,0,0,0,0,0,0,0,0,0,0
1676104295.6819263,2818,1676104295,679612456,,320,282,236,321,1054,1054,0,0,0,0,0,0,0,0,0,0
1676104295.730805,2819,1676104295,728428504,,399,343,437,450,1054,1054,0,0,0,0,0,0,0,0,0,0
1676104295.7819257,2820,1676104295,779733504,,515,358,485,482,1054,1054,0,0,0,0,0,0,0,0,0,0
1676104295.8312025,2821,1676104295,827299064,,594,593,560,544,1054,1054,0,0,0,0,0,0,0,0,0,0
1676104295.881578,2822,1676104295,879858064,,634,512,572,599,1054,1054,0,0,0,0,0,0,0,0,0,0
1676104295.929915,2823,1676104295,927421624,,577,511,533,568,1054,1054,0,0,0,0,0,0,0,0,0,0
1676104295.9811893,2824,1676104295,978742624,,539,458,488,551,1054,1054,0,0,0,0,0,0,0,0,0,0
1676104296.0298953,2825,1676104296,27549184,,495,435,518,563,1054,1054,0,0,0,0,0,0,0,0,0,0
1676104296.081835,2826,1676104296,78853184,,498,396,516,521,1054,1054,0,0,0,0,0,0,0,0,0,0
1676104296.1325395,2827,1676104296,130377000,,594,503,512,489,1054,1054,0,0,0,0,0,0,0,0,0,0
1676104296.179976,2828,1676104296,177724000,,527,523,510,520,1054,1054,0,0,0,0,0,0,0,0,0,0
1676104296.230827,2829,1676104296,229041816,,500,523,602,576,1054,1054,0,0,0,0,0,0,0,0,0,0
1676104296.2816508,2830,1676104296,279100816,,439,492,527,652,1054,1054,0,0,0,0,0,0,0,0,0,0
1676104296.3302166,2831,1676104296,327912632,,620,464,537,484,1054,1054,0,0,0,0,0,0,0,0,0,0
1676104296.380807,2832,1676104296,377971632,,530,521,564,555,1054,1054,0,0,0,0,0,0,0,0,0,0
1676104296.4327035,2833,1676104296,429287680,,599,503,576,549,1054,1054,0,0,0,0,0,0,0,0,0,0
1676104296.4800751,2834,1676104296,476845680,,474,527,545,607,1054,1054,0,0,0,0,0,0,0,0,0,0
1676104296.5310535,2835,1676104296,528164496,,515,545,496,570,1054,1054,0,0,0,0,0,0,0,0,0,0
1676104296.5808952,2836,1676104296,578225496,,493,527,515,495,1054,1054,0,0,0,0,0,0,0,0,0,0
1676104296.6312082,2837,1676104296,628289056,,516,519,535,552,1054,1054,0,0,0,0,0,0,0,0,0,0
1676104296.6819043,2838,1676104296,679589056,,492,507,569,525,1054,1054,0,0,0,0,0,0,0,0,0,0
1676104296.7297668,2839,1676104296,727152360,,518,547,531,525,1054,1054,0,0,0,0,0,0,0,0,0,0
1676104296.7810376,2840,1676104296,778465360,,491,509,493,610,1054,1054,0,0,0,0,0,0,0,0,0,0
1676104296.8319254,2841,1676104296,829775920,,511,480,538,564,1054,1054,0,0,0,0,0,0,0,0,0,0
1676104296.8800242,2842,1676104296,878087920,,482,491,509,566,1054,1054,0,0,0,0,0,0,0,0,0,0
1676104296.9307055,2843,1676104296,928649480,,500,504,496,607,1054,1054,0,0,0,0,0,0,0,0,0,0
1676104296.9858894,2844,1676104296,979958480,,510,494,489,575,1054,1054,0,0,0,0,0,0,0,0,0,0
1676104297.0300994,2845,1676104297,27524040,,469,497,532,622,1054,1054,0,0,0,0,0,0,0,0,0,0
1676104297.0809577,2846,1676104297,78838040,,520,482,525,584,1054,1054,0,0,0,0,0,0,0,0,0,0
1676104297.1319973,2847,1676104297,130151088,,565,528,621,490,1054,1054,0,0,0,0,0,0,0,0,0,0
1676104297.1801004,2848,1676104297,177703088,,515,530,563,580,1054,1054,0,0,0,0,0,0,0,0,0,0
1676104297.2323318,2849,1676104297,230275136,,517,493,540,596,1054,1054,0,0,0,0,0,0,0,0,0,0
1676104297.280946,2850,1676104297,279081136,,551,493,550,502,1054,1054,0,0,0,0,0,0,0,0,0,0
1676104297.3319924,2851,1676104297,329147440,,522,506,585,500,1054,1054,0,0,0,0,0,0,0,0,0,0
1676104297.3808641,2852,1676104297,377950440,,524,491,523,635,1054,1054,0,0,0,0,0,0,0,0,0,0
1676104297.4319031,2853,1676104297,429271000,,520,533,554,576,1054,1054,0,0,0,0,0,0,0,0,0,0
1676104297.4807086,2854,1676104297,478078000,,498,495,524,570,1054,1054,0,0,0,0,0,0,0,0,0,0
1676104297.5317833,2855,1676104297,529393560,,520,522,506,601,1054,1054,0,0,0,0,0,0,0,0,0,0
1676104297.5800774,2856,1676104297,576947560,,512,515,484,584,1054,1054,0,0,0,0,0,0,0,0,0,0
1676104297.632184,2857,1676104297,630107120,,492,509,525,611,1054,1054,0,0,0,0,0,0,0,0,0,0
1676104297.6801813,2858,1676104297,677086120,,526,531,535,535,1054,1054,0,0,0,0,0,0,0,0,0,0
1676104297.7307088,2859,1676104297,728385680,,527,492,525,549,1054,1054,0,0,0,0,0,0,0,0,0,0
1676104297.781817,2860,1676104297,779698680,,527,483,563,583,1054,1054,0,0,0,0,0,0,0,0,0,0
1676104297.830133,2861,1676104297,827263240,,514,462,573,575,1054,1054,0,0,0,0,0,0,0,0,0,0
1676104297.8858716,2862,1676104297,879819240,,532,543,542,567,1054,1054,0,0,0,0,0,0,0,0,0,0
1676104297.9307091,2863,1676104297,928628800,,496,517,583,613,1054,1054,0,0,0,0,0,0,0,0,0,0
1676104297.98092,2864,1676104297,978688800,,531,513,520,604,1054,1054,0,0,0,0,0,0,0,0,0,0
1676104298.0329883,2865,1676104298,30126360,,522,533,521,560,1054,1054,0,0,0,0,0,0,0,0,0,0
1676104298.0805357,2866,1676104298,77562360,,478,460,509,626,1054,1054,0,0,0,0,0,0,0,0,0,0
1676104298.1313484,2867,1676104298,128878176,,483,441,580,577,1054,1054,0,0,0,0,0,0,0,0,0,0
1676104298.1796281,2868,1676104298,177683176,,552,485,582,492,1054,1054,0,0,0,0,0,0,0,0,0,0
1676104298.2312143,2869,1676104298,229003736,,501,489,573,555,1054,1054,0,0,0,0,0,0,0,0,0,0
1676104298.28162,2870,1676104298,279062736,,523,494,586,554,1054,1054,0,0,0,0,0,0,0,0,0,0
1676104298.3334234,2871,1676104298,329126552,,505,514,551,553,1054,1054,0,0,0,0,0,0,0,0,0,0
1676104298.3808453,2872,1676104298,377936552,,519,511,594,499,1054,1054,0,0,0,0,0,0,0,0,0,0
1676104298.430823,2873,1676104298,427999112,,542,523,526,568,1054,1054,0,0,0,0,0,0,0,0,0,0
1676104298.4817438,2874,1676104298,479319112,,553,510,551,577,1054,1054,0,0,0,0,0,0,0,0,0,0
1676104298.5298178,2875,1676104298,528121928,,505,495,560,490,1054,1054,0,0,0,0,0,0,0,0,0,0
1676104298.5810826,2876,1676104298,578237928,,515,467,558,516,1054,1054,0,0,0,0,0,0,0,0,0,0
1676104298.6300874,2877,1676104298,626992488,,549,494,534,559,1054,1054,0,0,0,0,0,0,0,0,0,0
1676104298.6818419,2878,1676104298,679553488,,541,471,516,608,1054,1054,0,0,0,0,0,0,0,0,0,0
1676104298.730657,2879,1676104298,728372048,,519,513,542,538,1054,1054,0,0,0,0,0,0,0,0,0,0
1676104298.7816732,2880,1676104298,779675048,,545,517,577,489,1054,1054,0,0,0,0,0,0,0,0,0,0
1676104298.830503,2881,1676104298,827239608,,505,472,543,619,1054,1054,0,0,0,0,0,0,0,0,0,0
1676104298.8806517,2882,1676104298,878550608,,522,497,591,583,1054,1054,0,0,0,0,0,0,0,0,0,0
1676104298.9317093,2883,1676104298,929866168,,520,506,589,518,1054,1054,0,0,0,0,0,0,0,0,0,0
1676104298.980091,2884,1676104298,977421168,,498,483,572,579,1054,1054,0,0,0,0,0,0,0,0,0,0
1676104299.0323782,2885,1676104299,30467472,,524,458,590,543,1054,1054,0,0,0,0,0,0,0,0,0,0
1676104299.0801797,2886,1676104299,77540472,,545,529,548,544,1054,1054,0,0,0,0,0,0,0,0,0,0
1676104299.1306324,2887,1676104299,128857520,,502,508,532,573,1054,1054,0,0,0,0,0,0,0,0,0,0
1676104299.181656,2888,1676104299,178915520,,532,512,531,497,1054,1054,0,0,0,0,0,0,0,0,0,0
1676104299.2299829,2889,1676104299,227730080,,470,475,497,612,1054,1054,0,0,0,0,0,0,0,0,0,0
1676104299.2809498,2890,1676104299,279042080,,508,454,615,577,1054,1054,0,0,0,0,0,0,0,0,0,0
1676104299.3328748,2891,1676104299,330360640,,580,534,588,521,1054,1054,0,0,0,0,0,0,0,0,0,0
1676104299.3798118,2892,1676104299,378151640,,535,514,567,616,1054,1054,0,0,0,0,0,0,0,0,0,0
1676104299.4307969,2893,1676104299,429229200,,537,518,556,479,1054,1054,0,0,0,0,0,0,0,0,0,0
1676104299.4820952,2894,1676104299,479286200,,507,524,479,538,1054,1054,0,0,0,0,0,0,0,0,0,0
1676104299.5307803,2895,1676104299,528101016,,553,500,478,619,1054,1054,0,0,0,0,0,0,0,0,0,0
1676104299.5805063,2896,1676104299,578274016,,565,541,522,589,1054,1054,0,0,0,0,0,0,0,0,0,0
1676104299.6308053,2897,1676104299,628228576,,531,499,539,566,1054,1054,0,0,0,0,0,0,0,0,0,0
1676104299.6817884,2898,1676104299,679531576,,527,495,545,568,1054,1054,0,0,0,0,0,0,0,0,0,0
1676104299.7320611,2899,1676104299,729597392,,527,487,514,633,1054,1054,0,0,0,0,0,0,0,0,0,0
1676104299.7803555,2900,1676104299,778408392,,526,529,491,616,1054,1054,0,0,0,0,0,0,0,0,0,0
1676104299.845066,2901,1676104299,828475208,,555,454,567,545,1054,1054,0,0,0,0,0,0,0,0,0,0
1676104299.8829277,2902,1676104299,879783208,,467,498,524,595,1054,1054,0,0,0,0,0,0,0,0,0,0
1676104299.9308794,2903,1676104299,928593768,,548,488,577,485,1054,1054,0,0,0,0,0,0,0,0,0,0
1676104299.9818609,2904,1676104299,979905768,,523,509,535,502,1054,1054,0,0,0,0,0,0,0,0,0,0
1676104300.034915,2905,1676104300,28721584,,548,511,565,604,1054,1054,0,0,0,0,0,0,0,0,0,0
1676104300.084708,2906,1676104300,81286584,,567,520,553,608,1054,1054,0,0,0,0,0,0,0,0,0,0
1676104300.1308649,2907,1676104300,128840632,,503,546,493,610,1054,1054,0,0,0,0,0,0,0,0,0,0
1676104300.1862435,2908,1676104300,180149632,,538,489,528,581,1054,1054,0,0,0,0,0,0,0,0,0,0
1676104300.2299724,2909,1676104300,227714192,,510,468,496,613,1054,1054,0,0,0,0,0,0,0,0,0,0
1676104300.2821405,2910,1676104300,279023192,,501,487,585,492,1054,1054,0,0,0,0,0,0,0,0,0,0
1676104300.3326814,2911,1676104300,329087008,,538,468,616,581,1054,1054,0,0,0,0,0,0,0,0,0,0
1676104300.3796408,2912,1676104300,378177008,,504,489,517,630,1054,1054,0,0,0,0,0,0,0,0,0,0
1676104300.430599,2913,1676104300,427960824,,523,506,568,578,1054,1054,0,0,0,0,0,0,0,0,0,0
1676104300.4820337,2914,1676104300,479271824,,532,517,536,608,1054,1054,0,0,0,0,0,0,0,0,0,0
1676104300.529836,2915,1676104300,528083384,,472,488,480,626,1054,1054,0,0,0,0,0,0,0,0,0,0
1676104300.5813553,2916,1676104300,578149384,,504,494,473,594,1054,1054,0,0,0,0,0,0,0,0,0,0
1676104300.6324172,2917,1676104300,629467200,,526,497,501,617,1054,1054,0,0,0,0,0,0,0,0,0,0
1676104300.6801276,2918,1676104300,678269200,,554,545,518,592,1054,1054,0,0,0,0,0,0,0,0,0,0
1676104300.730891,2919,1676104300,728336760,,564,490,552,546,1054,1054,0,0,0,0,0,0,0,0,0,0
1676104300.779808,2920,1676104300,777147760,,522,505,480,614,1054,1054,0,0,0,0,0,0,0,0,0,0
1676104300.83122,2921,1676104300,828455576,,581,468,548,518,1054,1054,0,0,0,0,0,0,0,0,0,0
1676104300.8819919,2922,1676104300,879762576,,533,497,538,548,1054,1054,0,0,0,0,0,0,0,0,0,0
1676104300.9296224,2923,1676104300,927325136,,553,511,493,655,1054,1054,0,0,0,0,0,0,0,0,0,0
1676104300.9805086,2924,1676104300,978637136,,500,481,568,556,1054,1054,0,0,0,0,0,0,0,0,0,0
1676104301.0318265,2925,1676104301,29948696,,540,536,520,567,1054,1054,0,0,0,0,0,0,0,0,0,0
1676104301.0805476,2926,1676104301,77507696,,490,509,539,611,1054,1054,0,0,0,0,0,0,0,0,0,0
1676104301.1309175,2927,1676104301,128827744,,531,518,517,621,1054,1054,0,0,0,0,0,0,0,0,0,0
1676104301.182528,2928,1676104301,180138744,,510,498,570,531,1054,1054,0,0,0,0,0,0,0,0,0,0
1676104301.2296774,2929,1676104301,227694048,,474,469,597,593,1054,1054,0,0,0,0,0,0,0,0,0,0
1676104301.2810638,2930,1676104301,279007048,,515,502,556,612,1054,1054,0,0,0,0,0,0,0,0,0,0
1676104301.333596,2931,1676104301,329067840,,513,508,556,618,1054,1054,0,0,0,0,0,0,0,0,0,0
1676104301.38039,2932,1676104301,377876840,,496,501,510,607,1054,1054,0,0,0,0,0,0,0,0,0,0
1676104301.4330575,2933,1676104301,429194656,,500,460,558,572,1054,1054,0,0,0,0,0,0,0,0,0,0
1676104301.482626,2934,1676104301,478000656,,517,504,505,609,1054,1054,0,0,0,0,0,0,0,0,0,0
1676104301.533711,2935,1676104301,530568216,,487,505,518,641,1054,1054,0,0,0,0,0,0,0,0,0,0
1676104301.5803576,2936,1676104301,578127216,,554,529,610,536,1054,1054,0,0,0,0,0,0,0,0,0,0
1676104301.6309962,2937,1676104301,628211520,,517,485,516,546,1054,1054,0,0,0,0,0,0,0,0,0,0
1676104301.6819334,2938,1676104301,679508520,,492,466,581,537,1054,1054,0,0,0,0,0,0,0,0,0,0
1676104301.730284,2939,1676104301,728312544,,550,523,569,531,1054,1054,0,0,0,0,0,0,0,0,0,0
1676104301.7807372,2940,1676104301,778376544,,514,505,622,612,1054,1054,0,0,0,0,0,0,0,0,0,0
1676104301.83375,2941,1676104301,829688360,,503,477,544,613,1054,1054,0,0,0,0,0,0,0,0,0,0
1676104301.880163,2942,1676104301,877239360,,479,484,491,639,1054,1054,0,0,0,0,0,0,0,0,0,0
1676104301.9320643,2943,1676104301,929812176,,506,477,519,638,1054,1054,0,0,0,0,0,0,0,0,0,0
1676104301.9842703,2944,1676104301,979869176,,523,499,580,567,1054,1054,0,0,0,0,0,0,0,0,0,0
1676104302.0322998,2945,1676104302,29931992,,461,496,558,625,1054,1054,0,0,0,0,0,0,0,0,0,0
1676104302.0802994,2946,1676104302,77484992,,582,542,543,556,1054,1054,0,0,0,0,0,0,0,0,0,0
1676104302.1312609,2947,1676104302,128803808,,503,515,537,587,1054,1054,0,0,0,0,0,0,0,0,0,0
1676104302.1800919,2948,1676104302,177608808,,559,533,553,512,1054,1054,0,0,0,0,0,0,0,0,0,0
1676104302.2309356,2949,1676104302,228927624,,435,575,471,496,1054,1054,0,0,0,0,0,0,0,0,0,0
1676104302.2825086,2950,1676104302,280240624,,376,632,445,456,1054,1054,0,0,0,0,0,0,0,0,0,0
1676104302.3299503,2951,1676104302,327802440,,606,1014,770,972,1054,1054,0,0,0,0,0,0,0,0,0,0
1676104302.3812258,2952,1676104302,379119440,,868,799,928,913,1054,1054,0,0,0,0,0,0,0,0,0,0
1676104302.4331918,2953,1676104302,429178000,,669,555,719,549,1054,1054,0,0,0,0,0,0,0,0,0,0
1676104302.480225,2954,1676104302,477987000,,817,839,829,886,1054,1054,0,0,0,0,0,0,0,0,0,0
1676104302.5307503,2955,1676104302,528041560,,704,788,919,870,1054,1054,0,0,0,0,0,0,0,0,0,0
1676104302.582051,2956,1676104302,579356560,,684,629,514,689,1054,1054,0,0,0,0,0,0,0,0,0,0
1676104302.6298664,2957,1676104302,628171376,,789,624,700,583,1054,1054,0,0,0,0,0,0,0,0,0,0
1676104302.6808348,2958,1676104302,678328376,,691,581,745,752,1054,1054,0,0,0,0,0,0,0,0,0,0
1676104302.7321613,2959,1676104302,729546192,,643,655,797,634,1054,1054,0,0,0,0,0,0,0,0,0,0
1676104302.7797518,2960,1676104302,777105192,,469,715,882,740,1054,1054,0,0,0,0,0,0,0,0,0,0
1676104302.830847,2961,1676104302,828416752,,602,695,588,870,1054,1054,0,0,0,0,0,0,0,0,0,0
1676104302.884733,2962,1676104302,880981752,,616,837,586,760,1054,1054,0,0,0,0,0,0,0,0,0,0
1676104302.9307888,2963,1676104302,928539568,,432,674,539,642,1054,1054,0,0,0,0,0,0,0,0,0,0
1676104302.980935,2964,1676104302,978605568,,466,671,628,551,1054,1054,0,0,0,0,0,0,0,0,0,0
1676104303.030721,2965,1676104303,27416384,,384,727,637,650,1054,1054,0,0,0,0,0,0,0,0,0,0
1676104303.081066,2966,1676104303,78724384,,658,661,609,764,1054,1054,0,0,0,0,0,0,0,0,0,0
1676104303.1336627,2967,1676104303,130042456,,608,695,731,870,1054,1054,0,0,0,0,0,0,0,0,0,0
1676104303.1796904,2968,1676104303,177596456,,757,786,732,892,1054,1054,0,0,0,0,0,0,0,0,0,0
1676104303.2347121,2969,1676104303,231417272,,631,541,905,964,1054,1054,0,0,0,0,0,0,0,0,0,0
1676104303.2830365,2970,1676104303,280219272,,676,597,737,888,1054,1054,0,0,0,0,0,0,0,0,0,0
1676104303.329941,2971,1676104303,327781088,,449,526,679,576,1054,1054,0,0,0,0,0,0,0,0,0,0
1676104303.3807652,2972,1676104303,379093088,,820,623,656,893,1054,1054,0,0,0,0,0,0,0,0,0,0
1676104303.431848,2973,1676104303,429157648,,696,711,811,829,1054,1054,0,0,0,0,0,0,0,0,0,0
1676104303.480169,2974,1676104303,477966648,,758,762,805,926,1054,1054,0,0,0,0,0,0,0,0,0,0
1676104303.5311608,2975,1676104303,529282208,,847,726,801,904,1054,1054,0,0,0,0,0,0,0,0,0,0
1676104303.5797255,2976,1676104303,578089208,,824,717,882,770,1054,1054,0,0,0,0,0,0,0,0,0,0
1676104303.6299624,2977,1676104303,628160024,,782,631,580,852,1054,1054,0,0,0,0,0,0,0,0,0,0
1676104303.681194,2978,1676104303,678215024,,631,728,823,758,1054,1054,0,0,0,0,0,0,0,0,0,0
1676104303.7316427,2979,1676104303,729527840,,866,686,528,898,1054,1054,0,0,0,0,0,0,0,0,0,0
1676104303.7801056,2980,1676104303,777084840,,842,764,941,863,1054,1054,0,0,0,0,0,0,0,0,0,0
1676104303.8312652,2981,1676104303,828399656,,659,680,601,815,1054,1054,0,0,0,0,0,0,0,0,0,0
1676104303.8823597,2982,1676104303,879711656,,815,567,755,657,1054,1054,0,0,0,0,0,0,0,0,0,0
1676104303.9311996,2983,1676104303,928521216,,601,440,468,674,1054,1054,0,0,0,0,0,0,0,0,0,0
1676104303.9810088,2984,1676104303,978581216,,550,580,724,316,1054,1054,0,0,0,0,0,0,0,0,0,0
1676104304.030019,2985,1676104304,27397776,,397,702,577,839,1054,1054,0,0,0,0,0,0,0,0,0,0
1676104304.0832098,2986,1676104304,79958776,,434,555,624,470,1054,1054,0,0,0,0,0,0,0,0,0,0
1676104304.1302571,2987,1676104304,127520592,,603,492,445,505,1054,1054,0,0,0,0,0,0,0,0,0,0
1676104304.1820097,2988,1676104304,180082592,,638,376,858,514,1054,1054,0,0,0,0,0,0,0,0,0,0
1676104304.2303748,2989,1676104304,227644408,,698,568,893,610,1054,1054,0,0,0,0,0,0,0,0,0,0
1676104304.279937,2990,1676104304,277704408,,771,668,762,747,1054,1054,0,0,0,0,0,0,0,0,0,0
1676104304.3308902,2991,1676104304,329018224,,650,623,863,677,1054,1054,0,0,0,0,0,0,0,0,0,0
1676104304.3821032,2992,1676104304,379075224,,780,675,721,707,1054,1054,0,0,0,0,0,0,0,0,0,0
1676104304.429947,2993,1676104304,427890784,,648,483,646,546,1054,1054,0,0,0,0,0,0,0,0,0,0
1676104304.4811707,2994,1676104304,479201784,,824,854,764,877,1054,1054,0,0,0,0,0,0,0,0,0,0
1676104304.5318651,2995,1676104304,529266832,,908,847,795,813,1054,1054,0,0,0,0,0,0,0,0,0,0
1676104304.5801346,2996,1676104304,578075832,,400,603,418,618,1054,1054,0,0,0,0,0,0,0,0,0,0
1676104304.6310163,2997,1676104304,628142392,,412,552,461,594,1054,1054,0,0,0,0,0,0,0,0,0,0
1676104304.6828144,2998,1676104304,679453392,,592,633,487,717,1054,1054,0,0,0,0,0,0,0,0,0,0
1676104304.7300906,2999,1676104304,728262208,,607,643,654,526,1054,1054,0,0,0,0,0,0,0,0,0,0
1676104304.782118,3000,1676104304,779573208,,751,499,487,601,1054,1054,0,0,0,0,0,0,0,0,0,0
1676104304.8298874,3001,1676104304,827135024,,503,583,584,661,1054,1054,0,0,0,0,0,0,0,0,0,0
1676104304.8807325,3002,1676104304,878448024,,587,543,653,615,1054,1054,0,0,0,0,0,0,0,0,0,0
1676104304.9317393,3003,1676104304,929760840,,608,538,619,634,1054,1054,0,0,0,0,0,0,0,0,0,0
1676104304.980101,3004,1676104304,977316840,,628,494,708,557,1054,1054,0,0,0,0,0,0,0,0,0,0
1676104305.0326073,3005,1676104305,30302656,,614,484,593,577,1054,1054,0,0,0,0,0,0,0,0,0,0
1676104305.0810423,3006,1676104305,78697656,,459,573,615,549,1054,1054,0,0,0,0,0,0,0,0,0,0
1676104305.1298602,3007,1676104305,127506472,,518,503,530,620,1054,1054,0,0,0,0,0,0,0,0,0,0
1676104305.1809776,3008,1676104305,178818472,,528,546,572,516,1054,1054,0,0,0,0,0,0,0,0,0,0
1676104305.2320156,3009,1676104305,230131288,,511,523,630,521,1054,1054,0,0,0,0,0,0,0,0,0,0
1676104305.2812817,3010,1676104305,278941288,,497,526,541,563,1054,1054,0,0,0,0,0,0,0,0,0,0
1676104305.3298044,3011,1676104305,327750104,,526,457,622,566,1054,1054,0,0,0,0,0,0,0,0,0,0
1676104305.3800774,3012,1676104305,377812104,,466,505,546,618,1054,1054,0,0,0,0,0,0,0,0,0,0
1676104305.4310296,3013,1676104305,429125664,,499,522,556,558,1054,1054,0,0,0,0,0,0,0,0,0,0
1676104305.4799778,3014,1676104305,477933664,,493,477,528,614,1054,1054,0,0,0,0,0,0,0,0,0,0
1676104305.5307927,3015,1676104305,529249712,,474,522,613,582,1054,1054,0,0,0,0,0,0,0,0,0,0
1676104305.5804422,3016,1676104305,578055712,,526,523,516,602,1054,1054,0,0,0,0,0,0,0,0,0,0
1676104305.630716,3017,1676104305,628122528,,549,541,608,538,1054,1054,0,0,0,0,0,0,0,0,0,0
1676104305.682122,3018,1676104305,679434528,,569,510,602,532,1054,1054,0,0,0,0,0,0,0,0,0,0
1676104305.73036,3019,1676104305,728245344,,526,530,550,515,1054,1054,0,0,0,0,0,0,0,0,0,0
1676104305.7808478,3020,1676104305,778307344,,564,513,537,508,1054,1054,0,0,0,0,0,0,0,0,0,0
1676104305.8316565,3021,1676104305,829619904,,513,490,560,572,1054,1054,0,0,0,0,0,0,0,0,0,0
1676104305.8817914,3022,1676104305,879683904,,551,482,601,564,1054,1054,0,0,0,0,0,0,0,0,0,0
1676104305.9298124,3023,1676104305,927242720,,560,507,561,521,1054,1054,0,0,0,0,0,0,0,0,0,0
1676104305.9837406,3024,1676104305,979807720,,553,488,564,571,1054,1054,0,0,0,0,0,0,0,0,0,0
1676104306.0299783,3025,1676104306,27367536,,569,492,536,520,1054,1054,0,0,0,0,0,0,0,0,0,0
1676104306.0851738,3026,1676104306,79929536,,561,513,567,554,1054,1054,0,0,0,0,0,0,0,0,0,0
1676104306.1302407,3027,1676104306,127519352,,524,538,547,624,1054,1054,0,0,0,0,0,0,0,0,0,0
1676104306.1815274,3028,1676104306,178803352,,578,515,574,593,1054,1054,0,0,0,0,0,0,0,0,0,0
1676104306.2298145,3029,1676104306,227616168,,531,541,574,552,1054,1054,0,0,0,0,0,0,0,0,0,0
1676104306.2817066,3030,1676104306,280175168,,528,477,627,556,1054,1054,0,0,0,0,0,0,0,0,0,0
1676104306.3307047,3031,1676104306,328985984,,530,526,538,505,1054,1054,0,0,0,0,0,0,0,0,0,0
1676104306.3797536,3032,1676104306,377793984,,519,524,535,552,1054,1054,0,0,0,0,0,0,0,0,0,0
1676104306.430729,3033,1676104306,429111288,,540,517,542,522,1054,1054,0,0,0,0,0,0,0,0,0,0
1676104306.4798965,3034,1676104306,477918288,,540,535,554,528,1054,1054,0,0,0,0,0,0,0,0,0,0
1676104306.5313787,3035,1676104306,529237848,,510,509,526,628,1054,1054,0,0,0,0,0,0,0,0,0,0
1676104306.5801623,3036,1676104306,578044848,,534,512,582,569,1054,1054,0,0,0,0,0,0,0,0,0,0
1676104306.632245,3037,1676104306,630617408,,532,571,581,521,1054,1054,0,0,0,0,0,0,0,0,0,0
1676104306.6800427,3038,1676104306,678164408,,513,510,602,578,1054,1054,0,0,0,0,0,0,0,0,0,0
1676104306.7301912,3039,1676104306,728234712,,578,515,550,564,1054,1054,0,0,0,0,0,0,0,0,0,0
1676104306.7828956,3040,1676104306,779539712,,520,530,566,583,1054,1054,0,0,0,0,0,0,0,0,0,0
1676104306.830162,3041,1676104306,827101272,,521,479,562,516,1054,1054,0,0,0,0,0,0,0,0,0,0
1676104306.8809264,3042,1676104306,878412272,,496,500,491,565,1054,1054,0,0,0,0,0,0,0,0,0,0
1676104306.9317336,3043,1676104306,929727832,,553,511,577,538,1054,1054,0,0,0,0,0,0,0,0,0,0
1676104306.9802737,3044,1676104306,977297832,,531,511,590,571,1054,1054,0,0,0,0,0,0,0,0,0,0
1676104307.0307727,3045,1676104307,28605648,,581,497,612,545,1054,1054,0,0,0,0,0,0,0,0,0,0
1676104307.082662,3046,1676104307,79911648,,507,473,598,604,1054,1054,0,0,0,0,0,0,0,0,0,0
1676104307.1303356,3047,1676104307,127494464,,511,557,540,594,1054,1054,0,0,0,0,0,0,0,0,0,0
1676104307.1796157,3048,1676104307,177545464,,512,492,579,581,1054,1054,0,0,0,0,0,0,0,0,0,0
1676104307.231113,3049,1676104307,228848280,,532,481,565,549,1054,1054,0,0,0,0,0,0,0,0,0,0
1676104307.2801769,3050,1676104307,277661280,,494,494,537,611,1054,1054,0,0,0,0,0,0,0,0,0,0
1676104307.3310893,3051,1676104307,328968840,,515,501,559,621,1054,1054,0,0,0,0,0,0,0,0,0,0
1676104307.3826768,3052,1676104307,380284840,,566,517,542,572,1054,1054,0,0,0,0,0,0,0,0,0,0
1676104307.429988,3053,1676104307,427849656,,528,521,550,640,1054,1054,0,0,0,0,0,0,0,0,0,0
1676104307.4809232,3054,1676104307,479153656,,550,533,584,580,1054,1054,0,0,0,0,0,0,0,0,0,0
1676104307.5325906,3055,1676104307,529217216,,569,515,556,516,1054,1054,0,0,0,0,0,0,0,0,0,0
1676104307.5802667,3056,1676104307,578033216,,457,480,533,629,1054,1054,0,0,0,0,0,0,0,0,0,0
1676104307.6312296,3057,1676104307,629360776,,518,490,537,554,1054,1054,0,0,0,0,0,0,0,0,0,0
1676104307.683547,3058,1676104307,679402776,,525,521,518,637,1054,1054,0,0,0,0,0,0,0,0,0,0
1676104307.731082,3059,1676104307,728241336,,534,522,546,644,1054,1054,0,0,0,0,0,0,0,0,0,0
1676104307.781832,3060,1676104307,779526336,,536,552,563,572,1054,1054,0,0,0,0,0,0,0,0,0,0
1676104307.82993,3061,1676104307,828347152,,544,457,589,514,1054,1054,0,0,0,0,0,0,0,0,0,0
1676104307.8807917,3062,1676104307,878401152,,462,504,533,589,1054,1054,0,0,0,0,0,0,0,0,0,0
1676104307.932129,3063,1676104307,929714968,,519,522,542,573,1054,1054,0,0,0,0,0,0,0,0,0,0
1676104307.979895,3064,1676104307,977272968,,515,528,562,605,1054,1054,0,0,0,0,0,0,0,0,0,0
1676104308.0331206,3065,1676104308,29855784,,534,520,566,582,1054,1054,0,0,0,0,0,0,0,0,0,0
1676104308.0812812,3066,1676104308,78649784,,565,529,587,551,1054,1054,0,0,0,0,0,0,0,0,0,0
1676104308.1328754,3067,1676104308,129980600,,535,498,578,549,1054,1054,0,0,0,0,0,0,0,0,0,0
1676104308.1816008,3068,1676104308,178771600,,518,520,515,568,1054,1054,0,0,0,0,0,0,0,0,0,0
1676104308.2332208,3069,1676104308,230090160,,494,497,580,601,1054,1054,0,0,0,0,0,0,0,0,0,0
1676104308.2803514,3070,1676104308,277647160,,553,529,609,497,1054,1054,0,0,0,0,0,0,0,0,0,0
1676104308.3300972,3071,1676104308,327710720,,561,587,527,568,1054,1054,0,0,0,0,0,0,0,0,0,0
1676104308.3807464,3072,1676104308,379017720,,538,531,562,611,1054,1054,0,0,0,0,0,0,0,0,0,0
1676104308.4318783,3073,1676104308,430336536,,587,539,535,555,1054,1054,0,0,0,0,0,0,0,0,0,0
1676104308.4863331,3074,1676104308,477892536,,506,546,537,581,1054,1054,0,0,0,0,0,0,0,0,0,0
1676104308.5311222,3075,1676104308,529202352,,547,507,543,612,1054,1054,0,0,0,0,0,0,0,0,0,0
1676104308.5821047,3076,1676104308,579269352,,505,488,604,569,1054,1054,0,0,0,0,0,0,0,0,0,0
1676104308.630321,3077,1676104308,628082168,,543,479,568,601,1054,1054,0,0,0,0,0,0,0,0,0,0
1676104308.6823664,3078,1676104308,679388168,,526,525,583,542,1054,1054,0,0,0,0,0,0,0,0,0,0
1676104308.7298276,3079,1676104308,728200984,,547,545,539,537,1054,1054,0,0,0,0,0,0,0,0,0,0
1676104308.7822287,3080,1676104308,780769984,,504,515,557,618,1054,1054,0,0,0,0,0,0,0,0,0,0
1676104308.8299866,3081,1676104308,828329800,,502,526,524,619,1054,1054,0,0,0,0,0,0,0,0,0,0
1676104308.8806336,3082,1676104308,878400800,,488,498,577,616,1054,1054,0,0,0,0,0,0,0,0,0,0
1676104308.9314497,3083,1676104308,928455360,,514,517,512,607,1054,1054,0,0,0,0,0,0,0,0,0,0
1676104308.9817622,3084,1676104308,979760360,,532,517,552,488,1054,1054,0,0,0,0,0,0,0,0,0,0
1676104309.030223,3085,1676104309,27321176,,529,480,572,614,1054,1054,0,0,0,0,0,0,0,0,0,0
1676104309.0806956,3086,1676104309,78635176,,506,536,603,582,1054,1054,0,0,0,0,0,0,0,0,0,0
1676104309.1329868,3087,1676104309,130428736,,536,526,583,572,1054,1054,0,0,0,0,0,0,0,0,0,0
1676104309.1801465,3088,1676104309,178762736,,551,528,539,587,1054,1054,0,0,0,0,0,0,0,0,0,0
1676104309.2309203,3089,1676104309,228820016,,567,520,601,547,1054,1054,0,0,0,0,0,0,0,0,0,0
1676104309.2822266,3090,1676104309,280130016,,551,532,569,573,1054,1054,0,0,0,0,0,0,0,0,0,0
1676104309.3297415,3091,1676104309,327689832,,488,521,553,599,1054,1054,0,0,0,0,0,0,0,0,0,0
1676104309.3817914,3092,1676104309,379006832,,507,473,582,519,1054,1054,0,0,0,0,0,0,0,0,0,0
1676104309.4317844,3093,1676104309,430320136,,508,532,547,569,1054,1054,0,0,0,0,0,0,0,0,0,0
1676104309.480107,3094,1676104309,478419136,,511,524,534,632,1054,1054,0,0,0,0,0,0,0,0,0,0
1676104309.5324864,3095,1676104309,529192440,,539,550,547,607,1054,1054,0,0,0,0,0,0,0,0,0,0
1676104309.5799394,3096,1676104309,578000440,,546,524,562,558,1054,1054,0,0,0,0,0,0,0,0,0,0
1676104309.6331236,3097,1676104309,630565232,,542,491,598,550,1054,1054,0,0,0,0,0,0,0,0,0,0
1676104309.6799173,3098,1676104309,678530232,,586,528,549,531,1054,1054,0,0,0,0,0,0,0,0,0,0
1676104309.7312293,3099,1676104309,729440792,,575,545,620,495,1054,1054,0,0,0,0,0,0,0,0,0,0
1676104309.782318,3100,1676104309,780755792,,538,488,584,607,1054,1054,0,0,0,0,0,0,0,0,0,0
1676104309.8302894,3101,1676104309,828311352,,593,511,572,541,1054,1054,0,0,0,0,0,0,0,0,0,0
1676104309.880853,3102,1676104309,878802352,,549,508,615,526,1054,1054,0,0,0,0,0,0,0,0,0,0
1676104309.9304943,3103,1676104309,928443912,,525,525,520,549,1054,1054,0,0,0,0,0,0,0,0,0,0
1676104309.9820893,3104,1676104309,979743912,,560,482,556,542,1054,1054,0,0,0,0,0,0,0,0,0,0
1676104310.030801,3105,1676104310,28555472,,539,497,563,545,1054,1054,0,0,0,0,0,0,0,0,0,0
1676104310.0813951,3106,1676104310,78620472,,526,472,619,589,1054,1054,0,0,0,0,0,0,0,0,0,0
1676104310.1319346,3107,1676104310,130435032,,559,494,603,611,1054,1054,0,0,0,0,0,0,0,0,0,0
1676104310.180728,3108,1676104310,177489032,,541,494,562,584,1054,1054,0,0,0,0,0,0,0,0,0,0
1676104310.2309191,3109,1676104310,228808592,,501,505,572,620,1054,1054,0,0,0,0,0,0,0,0,0,0
1676104310.2801268,3110,1676104310,277610592,,522,534,504,556,1054,1054,0,0,0,0,0,0,0,0,0,0
1676104310.3320663,3111,1676104310,330176152,,514,484,561,627,1054,1054,0,0,0,0,0,0,0,0,0,0
1676104310.380471,3112,1676104310,377739152,,528,519,586,517,1054,1054,0,0,0,0,0,0,0,0,0,0
1676104310.4311938,3113,1676104310,429049712,,573,518,584,495,1054,1054,0,0,0,0,0,0,0,0,0,0
1676104310.4829245,3114,1676104310,480363712,,531,548,528,557,1054,1054,0,0,0,0,0,0,0,0,0,0
1676104310.5301127,3115,1676104310,527933272,,514,510,564,592,1054,1054,0,0,0,0,0,0,0,0,0,0
1676104310.5809963,3116,1676104310,579236272,,543,540,536,549,1054,1054,0,0,0,0,0,0,0,0,0,0
1676104310.6306896,3117,1676104310,628044808,,489,485,541,604,1054,1054,0,0,0,0,0,0,0,0,0,0
1676104310.6821923,3118,1676104310,679361808,,473,464,501,666,1054,1054,0,0,0,0,0,0,0,0,0,0
1676104310.7322857,3119,1676104310,730681112,,542,488,490,687,1054,1054,0,0,0,0,0,0,0,0,0,0
1676104310.779933,3120,1676104310,778230112,,487,520,553,595,1054,1054,0,0,0,0,0,0,0,0,0,0
1676104310.8309102,3121,1676104310,828294672,,535,488,523,593,1054,1054,0,0,0,0,0,0,0,0,0,0
1676104310.8819308,3122,1676104310,879603672,,504,472,566,662,1054,1054,0,0,0,0,0,0,0,0,0,0
1676104310.9299173,3123,1676104310,928416976,,567,485,554,611,1054,1054,0,0,0,0,0,0,0,0,0,0
1676104310.9801927,3124,1676104310,977221976,,464,469,595,596,1054,1054,0,0,0,0,0,0,0,0,0,0
1676104311.0320022,3125,1676104311,29790024,,515,470,605,528,1054,1054,0,0,0,0,0,0,0,0,0,0
1676104311.0804617,3126,1676104311,77347024,,476,456,538,583,1054,1054,0,0,0,0,0,0,0,0,0,0
1676104311.1319165,3127,1676104311,129911584,,496,565,568,535,1054,1054,0,0,0,0,0,0,0,0,0,0
1676104311.180532,3128,1676104311,177473584,,461,467,577,626,1054,1054,0,0,0,0,0,0,0,0,0,0
1676104311.2310975,3129,1676104311,228787400,,509,498,543,599,1054,1054,0,0,0,0,0,0,0,0,0,0
1676104311.2844713,3130,1676104311,280095400,,565,528,559,565,1054,1054,0,0,0,0,0,0,0,0,0,0
1676104311.3307266,3131,1676104311,328906960,,500,495,592,615,1054,1054,0,0,0,0,0,0,0,0,0,0
1676104311.386988,3132,1676104311,380218960,,487,519,561,624,1054,1054,0,0,0,0,0,0,0,0,0,0
1676104311.4300213,3133,1676104311,427781520,,502,510,643,500,1054,1054,0,0,0,0,0,0,0,0,0,0
1676104311.4808872,3134,1676104311,479093520,,495,455,636,486,1054,1054,0,0,0,0,0,0,0,0,0,0
1676104311.530231,3135,1676104311,527913080,,473,459,524,676,1054,1054,0,0,0,0,0,0,0,0,0,0
1676104311.5807528,3136,1676104311,579215080,,501,542,535,604,1054,1054,0,0,0,0,0,0,0,0,0,0
1676104311.631737,3137,1676104311,629276640,,556,534,582,519,1054,1054,0,0,0,0,0,0,0,0,0,0
1676104311.6799018,3138,1676104311,678470640,,459,476,618,622,1054,1054,0,0,0,0,0,0,0,0,0,0
1676104311.7310638,3139,1676104311,729402200,,465,569,666,577,1054,1054,0,0,0,0,0,0,0,0,0,0
1676104311.782047,3140,1676104311,779463200,,596,545,546,629,1054,1054,0,0,0,0,0,0,0,0,0,0
1676104311.831449,3141,1676104311,828279016,,558,524,603,630,1054,1054,0,0,0,0,0,0,0,0,0,0
1676104311.8817017,3142,1676104311,879589016,,546,516,618,636,1054,1054,0,0,0,0,0,0,0,0,0,0
1676104311.930218,3143,1676104311,928403832,,503,488,582,588,1054,1054,0,0,0,0,0,0,0,0,0,0
1676104311.980931,3144,1676104311,978477832,,502,500,557,576,1054,1054,0,0,0,0,0,0,0,0,0,0
1676104312.0301533,3145,1676104312,27274648,,409,405,577,555,1054,1054,0,0,0,0,0,0,0,0,0,0
1676104312.081099,3146,1676104312,78585648,,472,508,520,498,1054,1054,0,0,0,0,0,0,0,0,0,0
1676104312.1317499,3147,1676104312,129897208,,559,501,675,596,1054,1054,0,0,0,0,0,0,0,0,0,0
1676104312.1799424,3148,1676104312,177457208,,533,565,626,706,1054,1054,0,0,0,0,0,0,0,0,0,0
1676104312.2314272,3149,1676104312,228795024,,600,532,610,592,1054,1054,0,0,0,0,0,0,0,0,0,0
1676104312.2821138,3150,1676104312,280082024,,383,403,531,573,1054,1054,0,0,0,0,0,0,0,0,0,0
1676104312.3301947,3151,1676104312,327647840,,393,411,473,522,1054,1054,0,0,0,0,0,0,0,0,0,0
1676104312.3818364,3152,1676104312,380207840,,402,395,470,531,1054,1054,0,0,0,0,0,0,0,0,0,0
1676104312.430965,3153,1676104312,429020656,,444,475,532,498,1054,1054,0,0,0,0,0,0,0,0,0,0
1676104312.4819806,3154,1676104312,480331656,,478,471,567,626,1054,1054,0,0,0,0,0,0,0,0,0,0
1676104312.5298376,3155,1676104312,527893472,,461,446,625,607,1054,1054,0,0,0,0,0,0,0,0,0,0
1676104312.5813122,3156,1676104312,579205472,,504,466,616,556,1054,1054,0,0,0,0,0,0,0,0,0,0
1676104312.6322715,3157,1676104312,630609288,,511,473,595,526,1054,1054,0,0,0,0,0,0,0,0,0,0
1676104312.6801445,3158,1676104312,678080288,,466,466,544,584,1054,1054,0,0,0,0,0,0,0,0,0,0
1676104312.730736,3159,1676104312,729389104,,481,495,490,595,1054,1054,0,0,0,0,0,0,0,0,0,0
1676104312.7821603,3160,1676104312,779450104,,485,435,629,537,1054,1054,0,0,0,0,0,0,0,0,0,0
1676104312.8305647,3161,1676104312,828261920,,545,497,474,573,1054,1054,0,0,0,0,0,0,0,0,0,0
1676104312.8820195,3162,1676104312,879575920,,524,496,583,476,1054,1054,0,0,0,0,0,0,0,0,0,0
1676104312.9303901,3163,1676104312,928389480,,495,511,515,550,1054,1054,0,0,0,0,0,0,0,0,0,0
1676104312.982802,3164,1676104312,979697480,,513,503,542,522,1054,1054,0,0,0,0,0,0,0,0,0,0
1676104313.0305042,3165,1676104313,28521296,,514,493,588,484,1054,1054,0,0,0,0,0,0,0,0,0,0
1676104313.081093,3166,1676104313,78574296,,483,432,543,618,1054,1054,0,0,0,0,0,0,0,0,0,0
1676104313.1321294,3167,1676104313,129884856,,475,435,571,596,1054,1054,0,0,0,0,0,0,0,0,0,0
1676104313.18002,3168,1676104313,178534856,,490,439,614,534,1054,1054,0,0,0,0,0,0,0,0,0,0
1676104313.230821,3169,1676104313,228760416,,493,382,608,591,1054,1054,0,0,0,0,0,0,0,0,0,0
1676104313.281736,3170,1676104313,280070416,,493,517,516,555,1054,1054,0,0,0,0,0,0,0,0,0,0
1676104313.3299472,3171,1676104313,327633232,,508,517,558,496,1054,1054,0,0,0,0,0,0,0,0,0,0
1676104313.381798,3172,1676104313,378941232,,535,501,653,643,1054,1054,0,0,0,0,0,0,0,0,0,0
1676104313.4306536,3173,1676104313,429005792,,580,499,560,692,1054,1054,0,0,0,0,0,0,0,0,0,0
1676104313.4820375,3174,1676104313,479066792,,562,519,630,623,1054,1054,0,0,0,0,0,0,0,0,0,0
1676104313.5311303,3175,1676104313,529131352,,638,506,561,627,1054,1054,0,0,0,0,0,0,0,0,0,0
1676104313.5820878,3176,1676104313,580447352,,538,538,539,715,1054,1054,0,0,0,0,0,0,0,0,0,0
1676104313.6300955,3177,1676104313,628000144,,642,551,587,607,1054,1054,0,0,0,0,0,0,0,0,0,0
1676104313.6852472,3178,1676104313,680563144,,588,601,632,620,1054,1054,0,0,0,0,0,0,0,0,0,0
1676104313.730569,3179,1676104313,728123448,,731,510,618,649,1054,1054,0,0,0,0,0,0,0,0,0,0
1676104313.7821946,3180,1676104313,779440448,,629,502,628,731,1054,1054,0,0,0,0,0,0,0,0,0,0
1676104313.8301065,3181,1676104313,828247008,,540,549,625,716,1054,1054,0,0,0,0,0,0,0,0,0,0
1676104313.8817806,3182,1676104313,879566008,,548,559,591,575,1054,1054,0,0,0,0,0,0,0,0,0,0
1676104313.929864,3183,1676104313,928370568,,505,510,530,616,1054,1054,0,0,0,0,0,0,0,0,0,0
1676104313.9804413,3184,1676104313,978431568,,462,496,548,637,1054,1054,0,0,0,0,0,0,0,0,0,0
1676104314.0304701,3185,1676104314,28498128,,519,514,502,609,1054,1054,0,0,0,0,0,0,0,0,0,0
1676104314.0808234,3186,1676104314,78560128,,581,499,548,524,1054,1054,0,0,0,0,0,0,0,0,0,0
1676104314.1304066,3187,1676104314,128627688,,593,511,470,578,1054,1054,0,0,0,0,0,0,0,0,0,0
1676104314.1808925,3188,1676104314,179108688,,587,542,452,570,1054,1054,0,0,0,0,0,0,0,0,0,0
1676104314.2308898,3189,1676104314,228749248,,614,416,440,675,1054,1054,0,0,0,0,0,0,0,0,0,0
1676104314.2850237,3190,1676104314,280056248,,659,463,463,617,1054,1054,0,0,0,0,0,0,0,0,0,0
1676104314.329847,3191,1676104314,327614808,,504,572,660,469,1054,1054,0,0,0,0,0,0,0,0,0,0
1676104314.3807654,3192,1676104314,378928808,,586,510,524,587,1054,1054,0,0,0,0,0,0,0,0,0,0
1676104314.432153,3193,1676104314,430242368,,509,597,518,575,1054,1054,0,0,0,0,0,0,0,0,0,0
1676104314.481129,3194,1676104314,479061368,,529,554,523,593,1054,1054,0,0,0,0,0,0,0,0,0,0
1676104314.5320828,3195,1676104314,530363928,,553,517,490,637,1054,1054,0,0,0,0,0,0,0,0,0,0
1676104314.5799935,3196,1676104314,577939928,,529,539,539,592,1054,1054,0,0,0,0,0,0,0,0,0,0
1676104314.6308274,3197,1676104314,629238488,,547,557,522,573,1054,1054,0,0,0,0,0,0,0,0,0,0
1676104314.6821778,3198,1676104314,680556488,,557,593,482,566,1054,1054,0,0,0,0,0,0,0,0,0,0
1676104314.7297885,3199,1676104314,728114792,,565,542,518,573,1054,1054,0,0,0,0,0,0,0,0,0,0
1676104314.7809818,3200,1676104314,779421792,,513,508,577,599,1054,1054,0,0,0,0,0,0,0,0,0,0
1676104314.8304462,3201,1676104314,828240608,,542,540,555,562,1054,1054,0,0,0,0,0,0,0,0,0,0
1676104314.880973,3202,1676104314,879546608,,546,534,505,614,1054,1054,0,0,0,0,0,0,0,0,0,0
1676104314.9318073,3203,1676104314,929608168,,545,504,639,508,1054,1054,0,0,0,0,0,0,0,0,0,0
1676104314.9798715,3204,1676104314,978425168,,516,505,578,599,1054,1054,0,0,0,0,0,0,0,0,0,0
1676104315.0311017,3205,1676104315,28485984,,566,517,552,564,1054,1054,0,0,0,0,0,0,0,0,0,0
1676104315.0802064,3206,1676104315,78550984,,558,504,590,472,1054,1054,0,0,0,0,0,0,0,0,0,0
1676104315.1307976,3207,1676104315,128611288,,530,506,554,517,1054,1054,0,0,0,0,0,0,0,0,0,0
1676104315.1823251,3208,1676104315,179922288,,579,482,528,517,1054,1054,0,0,0,0,0,0,0,0,0,0
1676104315.230257,3209,1676104315,228734848,,575,462,517,552,1054,1054,0,0,0,0,0,0,0,0,0,0
1676104315.280946,3210,1676104315,278788848,,528,497,492,590,1054,1054,0,0,0,0,0,0,0,0,0,0
1676104315.3320122,3211,1676104315,330106664,,527,506,569,505,1054,1054,0,0,0,0,0,0,0,0,0,0
1676104315.3798652,3212,1676104315,377668664,,468,505,642,489,1054,1054,0,0,0,0,0,0,0,0,0,0
1676104315.430859,3213,1676104315,428978224,,486,511,547,564,1054,1054,0,0,0,0,0,0,0,0,0,0
1676104315.4818742,3214,1676104315,480291224,,574,524,506,504,1054,1054,0,0,0,0,0,0,0,0,0,0
1676104315.530906,3215,1676104315,527853528,,527,449,602,527,1054,1054,0,0,0,0,0,0,0,0,0,0
1676104315.5822296,3216,1676104315,580412528,,485,516,553,553,1054,1054,0,0,0,0,0,0,0,0,0,0
1676104315.6310833,3217,1676104315,629222344,,447,505,571,583,1054,1054,0,0,0,0,0,0,0,0,0,0
1676104315.6801548,3218,1676104315,678031344,,468,510,547,582,1054,1054,0,0,0,0,0,0,0,0,0,0
1676104315.7338014,3219,1676104315,730606904,,500,508,510,599,1054,1054,0,0,0,0,0,0,0,0,0,0
1676104315.780886,3220,1676104315,778155904,,552,509,505,542,1054,1054,0,0,0,0,0,0,0,0,0,0
1676104315.8348682,3221,1676104315,830727720,,520,492,495,608,1054,1054,0,0,0,0,0,0,0,0,0,0
1676104315.8808362,3222,1676104315,879532720,,491,574,601,448,1054,1054,0,0,0,0,0,0,0,0,0,0
1676104315.9310057,3223,1676104315,928344536,,553,516,498,550,1054,1054,0,0,0,0,0,0,0,0,0,0
1676104315.9832869,3224,1676104315,979661536,,538,507,600,471,1054,1054,0,0,0,0,0,0,0,0,0,0
1676104316.0300171,3225,1676104316,28474096,,542,480,517,568,1054,1054,0,0,0,0,0,0,0,0,0,0
1676104316.0817652,3226,1676104316,79779096,,467,545,562,440,1054,1054,0,0,0,0,0,0,0,0,0,0
1676104316.129941,3227,1676104316,127359912,,484,492,424,531,1054,1054,0,0,0,0,0,0,0,0,0,0
1676104316.1809628,3228,1676104316,178651912,,496,445,448,401,1054,1054,0,0,0,0,0,0,0,0,0,0
1676104316.2319856,3229,1676104316,229972472,,398,392,368,498,1054,1054,0,0,0,0,0,0,0,0,0,0
1676104316.2802808,3230,1676104316,277531472,,489,150,518,249,1054,1054,0,0,0,0,0,0,0,0,0,0
1676104316.3309472,3231,1676104316,328844520,,224,239,362,378,1054,1054,0,0,0,0,0,0,0,0,0,0
1676104316.3834262,3232,1676104316,380152520,,120,833,274,674,1054,1054,0,0,0,0,0,0,0,0,0,0
1676104316.4322648,3233,1676104316,427720824,,400,170,117,337,1054,1054,0,0,0,0,0,0,0,0,0,0
1676104316.480773,3234,1676104316,479027824,,0,0,0,0,0,0,0,0,0,0,0,0,0,0,0,0
1676104316.5300004,3235,1676104316,527839384,,0,0,0,0,0,0,0,0,0,0,0,0,0,0,0,0
1676104316.5807228,3236,1676104316,579146384,,0,0,0,0,0,0,0,0,0,0,0,0,0,0,0,0
1676104316.630191,3237,1676104316,627959944,,0,0,0,0,0,0,0,0,0,0,0,0,0,0,0,0
1676104316.6817327,3238,1676104316,679281944,,0,0,0,0,0,0,0,0,0,0,0,0,0,0,0,0
1676104316.7334366,3239,1676104316,730672504,,0,0,0,0,0,0,0,0,0,0,0,0,0,0,0,0
1676104316.7805653,3240,1676104316,778145504,,0,0,0,0,0,0,0,0,0,0,0,0,0,0,0,0
1676104316.831826,3241,1676104316,829456808,,0,0,0,0,0,0,0,0,0,0,0,0,0,0,0,0
1676104316.880874,3242,1676104316,878605808,,0,0,0,0,0,0,0,0,0,0,0,0,0,0,0,0
1676104316.932503,3243,1676104316,930836856,,0,0,0,0,0,0,0,0,0,0,0,0,0,0,0,0
1676104316.9799294,3244,1676104316,978397856,,0,0,0,0,0,0,0,0,0,0,0,0,0,0,0,0
1676104317.031817,3245,1676104317,29705416,,0,0,0,0,0,0,0,0,0,0,0,0,0,0,0,0
1676104317.080729,3246,1676104317,78949416,,0,0,0,0,0,0,0,0,0,0,0,0,0,0,0,0
1676104317.130305,3247,1676104317,128586976,,0,0,0,0,0,0,0,0,0,0,0,0,0,0,0,0
1676104317.1808326,3248,1676104317,178639976,,0,0,0,0,0,0,0,0,0,0,0,0,0,0,0,0
1676104317.2301571,3249,1676104317,227446536,,0,0,0,0,0,0,0,0,0,0,0,0,0,0,0,0
1676104317.2815664,3250,1676104317,278764536,,0,0,0,0,0,0,0,0,0,0,0,0,0,0,0,0
1676104317.3327281,3251,1676104317,331172352,,0,0,0,0,0,0,0,0,0,0,0,0,0,0,0,0
1676104317.3799617,3252,1676104317,377635352,,0,0,0,0,0,0,0,0,0,0,0,0,0,0,0,0
1676104317.4325743,3253,1676104317,430203168,,0,0,0,0,0,0,0,0,0,0,0,0,0,0,0,0
1676104317.4799712,3254,1676104317,477766168,,0,0,0,0,0,0,0,0,0,0,0,0,0,0,0,0
1676104317.5329332,3255,1676104317,530324472,,0,0,0,0,0,0,0,0,0,0,0,0,0,0,0,0
1676104317.5798156,3256,1676104317,577882472,,0,0,0,0,0,0,0,0,0,0,0,0,0,0,0,0
1676104317.6314707,3257,1676104317,629200032,,0,0,0,0,0,0,0,0,0,0,0,0,0,0,0,0
1676104317.681908,3258,1676104317,680508032,,0,0,0,0,0,0,0,0,0,0,0,0,0,0,0,0
1676104317.7298577,3259,1676104317,728069336,,0,0,0,0,0,0,0,0,0,0,0,0,0,0,0,0
1676104317.7819462,3260,1676104317,779379336,,0,0,0,0,0,0,0,0,0,0,0,0,0,0,0,0
1676104317.830055,3261,1676104317,828191384,,0,0,0,0,0,0,0,0,0,0,0,0,0,0,0,0
1676104317.8812525,3262,1676104317,879503384,,0,0,0,0,0,0,0,0,0,0,0,0,0,0,0,0
1676104317.9320912,3263,1676104317,929572456,,0,0,0,0,0,0,0,0,0,0,0,0,0,0,0,0
1676104317.9801693,3264,1676104317,978376456,,0,0,0,0,0,0,0,0,0,0,0,0,0,0,0,0
1676104318.0310805,3265,1676104318,29695272,,0,0,0,0,0,0,0,0,0,0,0,0,0,0,0,0
1676104318.0809662,3266,1676104318,78503272,,0,0,0,0,0,0,0,0,0,0,0,0,0,0,0,0
1676104318.132053,3267,1676104318,129822088,,0,0,0,0,0,0,0,0,0,0,0,0,0,0,0,0
1676104318.180779,3268,1676104318,178632088,,0,0,0,0,0,0,0,0,0,0,0,0,0,0,0,0
1676104318.2324772,3269,1676104318,229938648,,0,0,0,0,0,0,0,0,0,0,0,0,0,0,0,0
1676104318.2813723,3270,1676104318,277501648,,0,0,0,0,0,0,0,0,0,0,0,0,0,0,0,0
1676104318.3325639,3271,1676104318,330067464,,0,0,0,0,0,0,0,0,0,0,0,0,0,0,0,0
1676104318.3807824,3272,1676104318,378870464,,0,0,0,0,0,0,0,0,0,0,0,0,0,0,0,0
1676104318.4318237,3273,1676104318,430186280,,0,0,0,0,0,0,0,0,0,0,0,0,0,0,0,0
1676104318.4801044,3274,1676104318,477746280,,0,0,0,0,0,0,0,0,0,0,0,0,0,0,0,0
1676104318.5318499,3275,1676104318,530313096,,0,0,0,0,0,0,0,0,0,0,0,0,0,0,0,0
1676104318.5798767,3276,1676104318,577871096,,0,0,0,0,0,0,0,0,0,0,0,0,0,0,0,0
1676104318.6321983,3277,1676104318,630442400,,0,0,0,0,0,0,0,0,0,0,0,0,0,0,0,0
1676104318.6803412,3278,1676104318,677993400,,0,0,0,0,0,0,0,0,0,0,0,0,0,0,0,0
1676104318.7311938,3279,1676104318,729306216,,0,0,0,0,0,0,0,0,0,0,0,0,0,0,0,0
1676104318.7801847,3280,1676104318,778125216,,0,0,0,0,0,0,0,0,0,0,0,0,0,0,0,0
1676104318.8317564,3281,1676104318,829432032,,0,0,0,0,0,0,0,0,0,0,0,0,0,0,0,0
1676104318.8810213,3282,1676104318,878240032,,0,0,0,0,0,0,0,0,0,0,0,0,0,0,0,0
1676104318.931436,3283,1676104318,929557848,,0,0,0,0,0,0,0,0,0,0,0,0,0,0,0,0
1676104318.9821682,3284,1676104318,979616848,,0,0,0,0,0,0,0,0,0,0,0,0,0,0,0,0
1676104319.030435,3285,1676104319,28424664,,0,0,0,0,0,0,0,0,0,0,0,0,0,0,0,0
1676104319.080876,3286,1676104319,78490664,,0,0,0,0,0,0,0,0,0,0,0,0,0,0,0,0
1676104319.1320045,3287,1676104319,129809480,,0,0,0,0,0,0,0,0,0,0,0,0,0,0,0,0
1676104319.1804423,3288,1676104319,178615480,,0,0,0,0,0,0,0,0,0,0,0,0,0,0,0,0
1676104319.231104,3289,1676104319,228678040,,0,0,0,0,0,0,0,0,0,0,0,0,0,0,0,0
1676104319.2846172,3290,1676104319,281252040,,0,0,0,0,0,0,0,0,0,0,0,0,0,0,0,0
1676104319.3309665,3291,1676104319,328796856,,0,0,0,0,0,0,0,0,0,0,0,0,0,0,0,0
1676104319.3971071,3292,1676104319,380112856,,0,0,0,0,0,0,0,0,0,0,0,0,0,0,0,0
1676104319.4306219,3293,1676104319,427672672,,0,0,0,0,0,0,0,0,0,0,0,0,0,0,0,0
1676104319.4843957,3294,1676104319,480235672,,0,0,0,0,0,0,0,0,0,0,0,0,0,0,0,0
1676104319.5325837,3295,1676104319,530300976,,0,0,0,0,0,0,0,0,0,0,0,0,0,0,0,0
1676104319.5835407,3296,1676104319,580358976,,0,0,0,0,0,0,0,0,0,0,0,0,0,0,0,0
1676104319.6305885,3297,1676104319,629177536,,0,0,0,0,0,0,0,0,0,0,0,0,0,0,0,0
1676104319.6839488,3298,1676104319,681741536,,0,0,0,0,0,0,0,0,0,0,0,0,0,0,0,0
1676104319.7300153,3299,1676104319,728048584,,0,0,0,0,0,0,0,0,0,0,0,0,0,0,0,0
1676104319.780886,3300,1676104319,779355584,,0,0,0,0,0,0,0,0,0,0,0,0,0,0,0,0
1676104319.8299525,3301,1676104319,828172144,,0,0,0,0,0,0,0,0,0,0,0,0,0,0,0,0
1676104319.881012,3302,1676104319,879483144,,0,0,0,0,0,0,0,0,0,0,0,0,0,0,0,0
1676104319.9321811,3303,1676104319,929545448,,0,0,0,0,0,0,0,0,0,0,0,0,0,0,0,0
1676104319.9818573,3304,1676104319,978353448,,0,0,0,0,0,0,0,0,0,0,0,0,0,0,0,0
1676104320.0311933,3305,1676104320,29668008,,0,0,0,0,0,0,0,0,0,0,0,0,0,0,0,0
1676104320.0821695,3306,1676104320,79728008,,0,0,0,0,0,0,0,0,0,0,0,0,0,0,0,0
1676104320.1300018,3307,1676104320,128538568,,0,0,0,0,0,0,0,0,0,0,0,0,0,0,0,0
1676104320.1833868,3308,1676104320,179851568,,0,0,0,0,0,0,0,0,0,0,0,0,0,0,0,0
1676104320.2299912,3309,1676104320,228668616,,0,0,0,0,0,0,0,0,0,0,0,0,0,0,0,0
1676104320.2812169,3310,1676104320,278726616,,0,0,0,0,0,0,0,0,0,0,0,0,0,0,0,0
1676104320.3317373,3311,1676104320,330041176,,0,0,0,0,0,0,0,0,0,0,0,0,0,0,0,0
1676104320.3807218,3312,1676104320,378851176,,0,0,0,0,0,0,0,0,0,0,0,0,0,0,0,0
1676104320.4312294,3313,1676104320,428911736,,0,0,0,0,0,0,0,0,0,0,0,0,0,0,0,0
1676104320.4817517,3314,1676104320,480225736,,0,0,0,0,0,0,0,0,0,0,0,0,0,0,0,0
1676104320.530231,3315,1676104320,527798296,,0,0,0,0,0,0,0,0,0,0,0,0,0,0,0,0
1676104320.581849,3316,1676104320,580347296,,0,0,0,0,0,0,0,0,0,0,0,0,0,0,0,0
1676104320.63109,3317,1676104320,627923856,,0,0,0,0,0,0,0,0,0,0,0,0,0,0,0,0
1676104320.6824932,3318,1676104320,679221856,,0,0,0,0,0,0,0,0,0,0,0,0,0,0,0,0
1676104320.7319372,3319,1676104320,730549160,,0,0,0,0,0,0,0,0,0,0,0,0,0,0,0,0
1676104320.780799,3320,1676104320,779343160,,0,0,0,0,0,0,0,0,0,0,0,0,0,0,0,0
1676104320.8326132,3321,1676104320,830663720,,0,0,0,0,0,0,0,0,0,0,0,0,0,0,0,0
1676104320.8801188,3322,1676104320,878216720,,0,0,0,0,0,0,0,0,0,0,0,0,0,0,0,0
1676104320.9307718,3323,1676104320,929529024,,0,0,0,0,0,0,0,0,0,0,0,0,0,0,0,0
1676104320.9821541,3324,1676104320,979602024,,0,0,0,0,0,0,0,0,0,0,0,0,0,0,0,0
1676104321.0300727,3325,1676104321,28407072,,0,0,0,0,0,0,0,0,0,0,0,0,0,0,0,0
1676104321.0800817,3326,1676104321,78465072,,0,0,0,0,0,0,0,0,0,0,0,0,0,0,0,0
1676104321.1309664,3327,1676104321,129778632,,0,0,0,0,0,0,0,0,0,0,0,0,0,0,0,0
1676104321.1822214,3328,1676104321,179840632,,0,0,0,0,0,0,0,0,0,0,0,0,0,0,0,0
1676104321.2298346,3329,1676104321,228655192,,0,0,0,0,0,0,0,0,0,0,0,0,0,0,0,0
1676104321.2822118,3330,1676104321,278716192,,0,0,0,0,0,0,0,0,0,0,0,0,0,0,0,0
1676104321.330175,3331,1676104321,328775984,,0,0,0,0,0,0,0,0,0,0,0,0,0,0,0,0
1676104321.3807554,3332,1676104321,378833984,,0,0,0,0,0,0,0,0,0,0,0,0,0,0,0,0
1676104321.4324474,3333,1676104321,430146544,,0,0,0,0,0,0,0,0,0,0,0,0,0,0,0,0
1676104321.4808385,3334,1676104321,478957544,,0,0,0,0,0,0,0,0,0,0,0,0,0,0,0,0
1676104321.5310392,3335,1676104321,529024104,,0,0,0,0,0,0,0,0,0,0,0,0,0,0,0,0
1676104321.5800936,3336,1676104321,577837104,,0,0,0,0,0,0,0,0,0,0,0,0,0,0,0,0
1676104321.631168,3337,1676104321,629147408,,0,0,0,0,0,0,0,0,0,0,0,0,0,0,0,0
1676104321.6807606,3338,1676104321,677952408,,0,0,0,0,0,0,0,0,0,0,0,0,0,0,0,0
1676104321.7301338,3339,1676104321,728024200,,0,0,0,0,0,0,0,0,0,0,0,0,0,0,0,0
1676104321.7819023,3340,1676104321,780578200,,0,0,0,0,0,0,0,0,0,0,0,0,0,0,0,0
1676104321.8303678,3341,1676104321,828139504,,0,0,0,0,0,0,0,0,0,0,0,0,0,0,0,0
1676104321.8807871,3342,1676104321,879452504,,0,0,0,0,0,0,0,0,0,0,0,0,0,0,0,0
1676104321.9325228,3343,1676104321,930765808,,0,0,0,0,0,0,0,0,0,0,0,0,0,0,0,0
1676104321.9800317,3344,1676104321,978321808,,0,0,0,0,0,0,0,0,0,0,0,0,0,0,0,0
1676104322.047405,3345,1676104322,29642344,,0,0,0,0,0,0,0,0,0,0,0,0,0,0,0,0
1676104322.0830028,3346,1676104322,80958344,,0,0,0,0,0,0,0,0,0,0,0,0,0,0,0,0
1676104322.1314406,3347,1676104322,129759904,,0,0,0,0,0,0,0,0,0,0,0,0,0,0,0,0
1676104322.1827688,3348,1676104322,179823904,,0,0,0,0,0,0,0,0,0,0,0,0,0,0,0,0
1676104322.2309842,3349,1676104322,228633464,,0,0,0,0,0,0,0,0,0,0,0,0,0,0,0,0
1676104322.2819824,3350,1676104322,279947464,,0,0,0,0,0,0,0,0,0,0,0,0,0,0,0,0
1676104322.330507,3351,1676104322,328758024,,0,0,0,0,0,0,0,0,0,0,0,0,0,0,0,0
1676104322.388539,3352,1676104322,378829024,,0,0,0,0,0,0,0,0,0,0,0,0,0,0,0,0
1676104322.4323332,3353,1676104322,430136584,,0,0,0,0,0,0,0,0,0,0,0,0,0,0,0,0
1676104322.4809813,3354,1676104322,478939584,,0,0,0,0,0,0,0,0,0,0,0,0,0,0,0,0
1676104322.5304136,3355,1676104322,527753144,,0,0,0,0,0,0,0,0,0,0,0,0,0,0,0,0
1676104322.5815248,3356,1676104322,579069144,,0,0,0,0,0,0,0,0,0,0,0,0,0,0,0,0
1676104322.6335385,3357,1676104322,630379704,,0,0,0,0,0,0,0,0,0,0,0,0,0,0,0,0
1676104322.6818671,3358,1676104322,679191704,,0,0,0,0,0,0,0,0,0,0,0,0,0,0,0,0
1676104322.732094,3359,1676104322,730505776,,0,0,0,0,0,0,0,0,0,0,0,0,0,0,0,0
1676104322.780272,3360,1676104322,778061776,,0,0,0,0,0,0,0,0,0,0,0,0,0,0,0,0
1676104322.832166,3361,1676104322,830629336,,0,0,0,0,0,0,0,0,0,0,0,0,0,0,0,0
1676104322.8802838,3362,1676104322,878191336,,0,0,0,0,0,0,0,0,0,0,0,0,0,0,0,0
1676104322.9310777,3363,1676104322,929502896,,0,0,0,0,0,0,0,0,0,0,0,0,0,0,0,0
1676104322.9826548,3364,1676104322,980815896,,0,0,0,0,0,0,0,0,0,0,0,0,0,0,0,0
1676104323.031368,3365,1676104323,29625176,,0,0,0,0,0,0,0,0,0,0,0,0,0,0,0,0
1676104323.085516,3366,1676104323,80935176,,0,0,0,0,0,0,0,0,0,0,0,0,0,0,0,0
1676104323.1311898,3367,1676104323,129759736,,0,0,0,0,0,0,0,0,0,0,0,0,0,0,0,0
1676104323.182975,3368,1676104323,181073736,,0,0,0,0,0,0,0,0,0,0,0,0,0,0,0,0
1676104323.2306635,3369,1676104323,228623272,,0,0,0,0,0,0,0,0,0,0,0,0,0,0,0,0
1676104323.280744,3370,1676104323,278682272,,0,0,0,0,0,0,0,0,0,0,0,0,0,0,0,0
1676104323.3332522,3371,1676104323,329999576,,0,0,0,0,0,0,0,0,0,0,0,0,0,0,0,0
1676104323.3806965,3372,1676104323,377552576,,0,0,0,0,0,0,0,0,0,0,0,0,0,0,0,0
1676104323.431031,3373,1676104323,428864880,,0,0,0,0,0,0,0,0,0,0,0,0,0,0,0,0
1676104323.4823637,3374,1676104323,480182880,,0,0,0,0,0,0,0,0,0,0,0,0,0,0,0,0
1676104323.5301445,3375,1676104323,527738184,,0,0,0,0,0,0,0,0,0,0,0,0,0,0,0,0
1676104323.5804925,3376,1676104323,579055184,,0,0,0,0,0,0,0,0,0,0,0,0,0,0,0,0
1676104323.6313019,3377,1676104323,629112488,,0,0,0,0,0,0,0,0,0,0,0,0,0,0,0,0
1676104323.6837986,3378,1676104323,680431488,,0,0,0,0,0,0,0,0,0,0,0,0,0,0,0,0
1676104323.729831,3379,1676104323,727986792,,0,0,0,0,0,0,0,0,0,0,0,0,0,0,0,0
1676104323.7808557,3380,1676104323,779296792,,0,0,0,0,0,0,0,0,0,0,0,0,0,0,0,0
1676104323.8327014,3381,1676104323,830615584,,0,0,0,0,0,0,0,0,0,0,0,0,0,0,0,0
1676104323.879978,3382,1676104323,878168584,,0,0,0,0,0,0,0,0,0,0,0,0,0,0,0,0
1676104323.9315672,3383,1676104323,929485144,,0,0,0,0,0,0,0,0,0,0,0,0,0,0,0,0
1676104323.9825747,3384,1676104323,980806144,,0,0,0,0,0,0,0,0,0,0,0,0,0,0,0,0
1676104324.0304706,3385,1676104324,28360192,,0,0,0,0,0,0,0,0,0,0,0,0,0,0,0,0
1676104324.0811448,3386,1676104324,79671192,,0,0,0,0,0,0,0,0,0,0,0,0,0,0,0,0
1676104324.1331413,3387,1676104324,129736496,,0,0,0,0,0,0,0,0,0,0,0,0,0,0,0,0
1676104324.1798675,3388,1676104324,178540496,,0,0,0,0,0,0,0,0,0,0,0,0,0,0,0,0
1676104324.2312472,3389,1676104324,228602800,,0,0,0,0,0,0,0,0,0,0,0,0,0,0,0,0
1676104324.2802484,3390,1676104324,278665800,,0,0,0,0,0,0,0,0,0,0,0,0,0,0,0,0
1676104324.331098,3391,1676104324,328728104,,0,0,0,0,0,0,0,0,0,0,0,0,0,0,0,0
1676104324.3853555,3392,1676104324,380041104,,0,0,0,0,0,0,0,0,0,0,0,0,0,0,0,0
1676104324.430118,3393,1676104324,428853664,,0,0,0,0,0,0,0,0,0,0,0,0,0,0,0,0
1676104324.4821568,3394,1676104324,480168664,,0,0,0,0,0,0,0,0,0,0,0,0,0,0,0,0
1676104324.5300348,3395,1676104324,527736968,,0,0,0,0,0,0,0,0,0,0,0,0,0,0,0,0
1676104324.5819445,3396,1676104324,580286968,,0,0,0,0,0,0,0,0,0,0,0,0,0,0,0,0
1676104324.6311016,3397,1676104324,629105272,,0,0,0,0,0,0,0,0,0,0,0,0,0,0,0,0
1676104324.682113,3398,1676104324,680409272,,0,0,0,0,0,0,0,0,0,0,0,0,0,0,0,0
1676104324.7311416,3399,1676104324,729230832,,0,0,0,0,0,0,0,0,0,0,0,0,0,0,0,0
1676104324.7810907,3400,1676104324,779300832,,0,0,0,0,0,0,0,0,0,0,0,0,0,0,0,0
1676104324.8311567,3401,1676104324,828100392,,0,0,0,0,0,0,0,0,0,0,0,0,0,0,0,0
1676104324.8812761,3402,1676104324,879410392,,0,0,0,0,0,0,0,0,0,0,0,0,0,0,0,0
1676104324.9319093,3403,1676104324,930722952,,0,0,0,0,0,0,0,0,0,0,0,0,0,0,0,0
1676104324.9798436,3404,1676104324,978294952,,0,0,0,0,0,0,0,0,0,0,0,0,0,0,0,0
1676104325.0332658,3405,1676104325,30846512,,0,0,0,0,0,0,0,0,0,0,0,0,0,0,0,0
1676104325.0801432,3406,1676104325,78406512,,0,0,0,0,0,0,0,0,0,0,0,0,0,0,0,0
1676104325.1318073,3407,1676104325,129722072,,0,0,0,0,0,0,0,0,0,0,0,0,0,0,0,0
1676104325.180308,3408,1676104325,178532072,,0,0,0,0,0,0,0,0,0,0,0,0,0,0,0,0
1676104325.2307973,3409,1676104325,228594632,,0,0,0,0,0,0,0,0,0,0,0,0,0,0,0,0
1676104325.2821283,3410,1676104325,279900632,,0,0,0,0,0,0,0,0,0,0,0,0,0,0,0,0
1676104325.3299499,3411,1676104325,328720192,,0,0,0,0,0,0,0,0,0,0,0,0,0,0,0,0
1676104325.380925,3412,1676104325,378782192,,0,0,0,0,0,0,0,0,0,0,0,0,0,0,0,0
1676104325.4327447,3413,1676104325,430092752,,0,0,0,0,0,0,0,0,0,0,0,0,0,0,0,0
1676104325.4809566,3414,1676104325,478904752,,0,0,0,0,0,0,0,0,0,0,0,0,0,0,0,0
1676104325.5299592,3415,1676104325,527715312,,0,0,0,0,0,0,0,0,0,0,0,0,0,0,0,0
1676104325.5809093,3416,1676104325,579026312,,0,0,0,0,0,0,0,0,0,0,0,0,0,0,0,0
1676104325.6320913,3417,1676104325,630339872,,0,0,0,0,0,0,0,0,0,0,0,0,0,0,0,0
1676104325.6807551,3418,1676104325,677901872,,0,0,0,0,0,0,0,0,0,0,0,0,0,0,0,0
1676104325.7329142,3419,1676104325,730467408,,0,0,0,0,0,0,0,0,0,0,0,0,0,0,0,0
1676104325.7798653,3420,1676104325,778023408,,0,0,0,0,0,0,0,0,0,0,0,0,0,0,0,0
1676104325.8310876,3421,1676104325,829348712,,0,0,0,0,0,0,0,0,0,0,0,0,0,0,0,0
1676104325.8839886,3422,1676104325,880647712,,0,0,0,0,0,0,0,0,0,0,0,0,0,0,0,0
1676104325.9299786,3423,1676104325,928209016,,0,0,0,0,0,0,0,0,0,0,0,0,0,0,0,0
1676104325.9816883,3424,1676104325,979521016,,0,0,0,0,0,0,0,0,0,0,0,0,0,0,0,0
1676104326.0308287,3425,1676104326,28334808,,0,0,0,0,0,0,0,0,0,0,0,0,0,0,0,0
1676104326.080548,3426,1676104326,78394808,,0,0,0,0,0,0,0,0,0,0,0,0,0,0,0,0
1676104326.1319635,3427,1676104326,129706344,,0,0,0,0,0,0,0,0,0,0,0,0,0,0,0,0
1676104326.180112,3428,1676104326,178519344,,0,0,0,0,0,0,0,0,0,0,0,0,0,0,0,0
1676104326.2312365,3429,1676104326,229830904,,0,0,0,0,0,0,0,0,0,0,0,0,0,0,0,0
1676104326.2823737,3430,1676104326,281149904,,0,0,0,0,0,0,0,0,0,0,0,0,0,0,0,0
1676104326.3311028,3431,1676104326,328701464,,0,0,0,0,0,0,0,0,0,0,0,0,0,0,0,0
1676104326.38223,3432,1676104326,380016464,,0,0,0,0,0,0,0,0,0,0,0,0,0,0,0,0
1676104326.4304566,3433,1676104326,428826024,,0,0,0,0,0,0,0,0,0,0,0,0,0,0,0,0
1676104326.4809737,3434,1676104326,478887024,,0,0,0,0,0,0,0,0,0,0,0,0,0,0,0,0
1676104326.5320563,3435,1676104326,530204584,,0,0,0,0,0,0,0,0,0,0,0,0,0,0,0,0
1676104326.5799613,3436,1676104326,577757584,,0,0,0,0,0,0,0,0,0,0,0,0,0,0,0,0
1676104326.630921,3437,1676104326,629073144,,0,0,0,0,0,0,0,0,0,0,0,0,0,0,0,0
1676104326.682251,3438,1676104326,680389144,,0,0,0,0,0,0,0,0,0,0,0,0,0,0,0,0
1676104326.730626,3439,1676104326,727945960,,0,0,0,0,0,0,0,0,0,0,0,0,0,0,0,0
1676104326.782065,3440,1676104326,780511960,,0,0,0,0,0,0,0,0,0,0,0,0,0,0,0,0
1676104326.8320992,3441,1676104326,830577520,,0,0,0,0,0,0,0,0,0,0,0,0,0,0,0,0
1676104326.8814783,3442,1676104326,879380520,,0,0,0,0,0,0,0,0,0,0,0,0,0,0,0,0
1676104326.9302166,3443,1676104326,928196824,,0,0,0,0,0,0,0,0,0,0,0,0,0,0,0,0
1676104326.9854338,3444,1676104326,980767824,,0,0,0,0,0,0,0,0,0,0,0,0,0,0,0,0
1676104327.0300875,3445,1676104327,28319128,,0,0,0,0,0,0,0,0,0,0,0,0,0,0,0,0
1676104327.0814354,3446,1676104327,79628128,,0,0,0,0,0,0,0,0,0,0,0,0,0,0,0,0
1676104327.1348262,3447,1676104327,130953688,,0,0,0,0,0,0,0,0,0,0,0,0,0,0,0,0
1676104327.1866114,3448,1676104327,179753688,,0,0,0,0,0,0,0,0,0,0,0,0,0,0,0,0
1676104327.2299058,3449,1676104327,228566248,,0,0,0,0,0,0,0,0,0,0,0,0,0,0,0,0
1676104327.2812622,3450,1676104327,279880248,,0,0,0,0,0,0,0,0,0,0,0,0,0,0,0,0
1676104327.3305128,3451,1676104327,328689808,,0,0,0,0,0,0,0,0,0,0,0,0,0,0,0,0
1676104327.38142,3452,1676104327,378754808,,0,0,0,0,0,0,0,0,0,0,0,0,0,0,0,0
1676104327.430607,3453,1676104327,428819368,,0,0,0,0,0,0,0,0,0,0,0,0,0,0,0,0
1676104327.4813685,3454,1676104327,478879368,,0,0,0,0,0,0,0,0,0,0,0,0,0,0,0,0
1676104327.5350504,3455,1676104327,531449672,,0,0,0,0,0,0,0,0,0,0,0,0,0,0,0,0
1676104327.5804694,3456,1676104327,579003672,,0,0,0,0,0,0,0,0,0,0,0,0,0,0,0,0
1676104327.6323204,3457,1676104327,630320976,,0,0,0,0,0,0,0,0,0,0,0,0,0,0,0,0
1676104327.6825223,3458,1676104327,680377976,,0,0,0,0,0,0,0,0,0,0,0,0,0,0,0,0
1676104327.7313793,3459,1676104327,727932536,,0,0,0,0,0,0,0,0,0,0,0,0,0,0,0,0
1676104327.78539,3460,1676104327,780501536,,0,0,0,0,0,0,0,0,0,0,0,0,0,0,0,0
1676104327.8300908,3461,1676104327,828061096,,0,0,0,0,0,0,0,0,0,0,0,0,0,0,0,0
1676104327.8844688,3462,1676104327,880622096,,0,0,0,0,0,0,0,0,0,0,0,0,0,0,0,0
1676104327.9304664,3463,1676104327,928181888,,0,0,0,0,0,0,0,0,0,0,0,0,0,0,0,0
1676104327.9848547,3464,1676104327,980747888,,0,0,0,0,0,0,0,0,0,0,0,0,0,0,0,0
1676104328.0315871,3465,1676104328,29559192,,0,0,0,0,0,0,0,0,0,0,0,0,0,0,0,0
1676104328.0844562,3466,1676104328,80873192,,0,0,0,0,0,0,0,0,0,0,0,0,0,0,0,0
1676104328.130513,3467,1676104328,128427984,,0,0,0,0,0,0,0,0,0,0,0,0,0,0,0,0
1676104328.1801054,3468,1676104328,178485984,,0,0,0,0,0,0,0,0,0,0,0,0,0,0,0,0
1676104328.2314546,3469,1676104328,229818544,,0,0,0,0,0,0,0,0,0,0,0,0,0,0,0,0
1676104328.282925,3470,1676104328,279866544,,0,0,0,0,0,0,0,0,0,0,0,0,0,0,0,0
1676104328.3321736,3471,1676104328,329929104,,0,0,0,0,0,0,0,0,0,0,0,0,0,0,0,0
1676104328.381008,3472,1676104328,378741104,,0,0,0,0,0,0,0,0,0,0,0,0,0,0,0,0
1676104328.4323263,3473,1676104328,430056408,,0,0,0,0,0,0,0,0,0,0,0,0,0,0,0,0
1676104328.480998,3474,1676104328,478867408,,0,0,0,0,0,0,0,0,0,0,0,0,0,0,0,0
1676104328.531062,3475,1676104328,528922968,,0,0,0,0,0,0,0,0,0,0,0,0,0,0,0,0
1676104328.580955,3476,1676104328,578985968,,0,0,0,0,0,0,0,0,0,0,0,0,0,0,0,0
1676104328.6312761,3477,1676104328,629054528,,0,0,0,0,0,0,0,0,0,0,0,0,0,0,0,0
1676104328.68284,3478,1676104328,680363528,,0,0,0,0,0,0,0,0,0,0,0,0,0,0,0,0
1676104328.7311113,3479,1676104328,729175832,,0,0,0,0,0,0,0,0,0,0,0,0,0,0,0,0
1676104328.7808692,3480,1676104328,779233832,,0,0,0,0,0,0,0,0,0,0,0,0,0,0,0,0
1676104328.8326724,3481,1676104328,830550392,,0,0,0,0,0,0,0,0,0,0,0,0,0,0,0,0
1676104328.880354,3482,1676104328,878118392,,0,0,0,0,0,0,0,0,0,0,0,0,0,0,0,0
1676104328.9305627,3483,1676104328,928171184,,0,0,0,0,0,0,0,0,0,0,0,0,0,0,0,0
1676104328.9814413,3484,1676104328,979482184,,0,0,0,0,0,0,0,0,0,0,0,0,0,0,0,0
1676104329.0302517,3485,1676104329,28297488,,0,0,0,0,0,0,0,0,0,0,0,0,0,0,0,0
1676104329.0810156,3486,1676104329,79619488,,0,0,0,0,0,0,0,0,0,0,0,0,0,0,0,0
1676104329.134056,3487,1676104329,130917512,,0,0,0,0,0,0,0,0,0,0,0,0,0,0,0,0
1676104329.1831393,3488,1676104329,179729512,,0,0,0,0,0,0,0,0,0,0,0,0,0,0,0,0
1676104329.2318892,3489,1676104329,229801072,,0,0,0,0,0,0,0,0,0,0,0,0,0,0,0,0
1676104329.2819688,3490,1676104329,279851072,,0,0,0,0,0,0,0,0,0,0,0,0,0,0,0,0
1676104329.330612,3491,1676104329,328664632,,0,0,0,0,0,0,0,0,0,0,0,0,0,0,0,0
1676104329.3815367,3492,1676104329,378729632,,0,0,0,0,0,0,0,0,0,0,0,0,0,0,0,0
1676104329.4322767,3493,1676104329,430038680,,0,0,0,0,0,0,0,0,0,0,0,0,0,0,0,0
1676104329.4800122,3494,1676104329,478858680,,0,0,0,0,0,0,0,0,0,0,0,0,0,0,0,0
1676104329.531308,3495,1676104329,528910240,,0,0,0,0,0,0,0,0,0,0,0,0,0,0,0,0
1676104329.582217,3496,1676104329,580223240,,0,0,0,0,0,0,0,0,0,0,0,0,0,0,0,0
1676104329.6304665,3497,1676104329,627787800,,0,0,0,0,0,0,0,0,0,0,0,0,0,0,0,0
1676104329.6808484,3498,1676104329,679095800,,0,0,0,0,0,0,0,0,0,0,0,0,0,0,0,0
1676104329.7320602,3499,1676104329,730414384,,0,0,0,0,0,0,0,0,0,0,0,0,0,0,0,0
1676104329.7810447,3500,1676104329,779224384,,0,0,0,0,0,0,0,0,0,0,0,0,0,0,0,0
1676104329.8321207,3501,1676104329,830538944,,0,0,0,0,0,0,0,0,0,0,0,0,0,0,0,0
1676104329.8802962,3502,1676104329,878094944,,0,0,0,0,0,0,0,0,0,0,0,0,0,0,0,0
1676104329.9315064,3503,1676104329,929407248,,0,0,0,0,0,0,0,0,0,0,0,0,0,0,0,0
1676104329.9828773,3504,1676104329,980726248,,0,0,0,0,0,0,0,0,0,0,0,0,0,0,0,0
1676104330.0302556,3505,1676104330,28278552,,0,0,0,0,0,0,0,0,0,0,0,0,0,0,0,0
1676104330.0819821,3506,1676104330,80846552,,0,0,0,0,0,0,0,0,0,0,0,0,0,0,0,0
1676104330.1312575,3507,1676104330,128412344,,0,0,0,0,0,0,0,0,0,0,0,0,0,0,0,0
1676104330.1806843,3508,1676104330,178467344,,0,0,0,0,0,0,0,0,0,0,0,0,0,0,0,0
1676104330.2316375,3509,1676104330,229780392,,0,0,0,0,0,0,0,0,0,0,0,0,0,0,0,0
1676104330.280697,3510,1676104330,278589392,,0,0,0,0,0,0,0,0,0,0,0,0,0,0,0,0
1676104330.3311715,3511,1676104330,329905928,,0,0,0,0,0,0,0,0,0,0,0,0,0,0,0,0
1676104330.382547,3512,1676104330,379972928,,0,0,0,0,0,0,0,0,0,0,0,0,0,0,0,0
1676104330.4304044,3513,1676104330,428775976,,0,0,0,0,0,0,0,0,0,0,0,0,0,0,0,0
1676104330.4811556,3514,1676104330,478846976,,0,0,0,0,0,0,0,0,0,0,0,0,0,0,0,0
1676104330.5322733,3515,1676104330,530151280,,0,0,0,0,0,0,0,0,0,0,0,0,0,0,0,0
1676104330.5801916,3516,1676104330,577706280,,0,0,0,0,0,0,0,0,0,0,0,0,0,0,0,0
1676104330.6323452,3517,1676104330,630275328,,0,0,0,0,0,0,0,0,0,0,0,0,0,0,0,0
1676104330.6802328,3518,1676104330,678936328,,0,0,0,0,0,0,0,0,0,0,0,0,0,0,0,0
1676104330.7322328,3519,1676104330,730397888,,0,0,0,0,0,0,0,0,0,0,0,0,0,0,0,0
1676104330.780826,3520,1676104330,779213888,,0,0,0,0,0,0,0,0,0,0,0,0,0,0,0,0
1676104330.8300545,3521,1676104330,828017192,,0,0,0,0,0,0,0,0,0,0,0,0,0,0,0,0
1676104330.8814936,3522,1676104330,879335192,,0,0,0,0,0,0,0,0,0,0,0,0,0,0,0,0
1676104330.9326491,3523,1676104330,930646496,,0,0,0,0,0,0,0,0,0,0,0,0,0,0,0,0
1676104330.9812474,3524,1676104330,979451496,,0,0,0,0,0,0,0,0,0,0,0,0,0,0,0,0
1676104331.0327795,3525,1676104331,30771288,,0,0,0,0,0,0,0,0,0,0,0,0,0,0,0,0
1676104331.0810583,3526,1676104331,79575288,,0,0,0,0,0,0,0,0,0,0,0,0,0,0,0,0
1676104331.130413,3527,1676104331,128392592,,0,0,0,0,0,0,0,0,0,0,0,0,0,0,0,0
1676104331.182451,3528,1676104331,180955592,,0,0,0,0,0,0,0,0,0,0,0,0,0,0,0,0
1676104331.230059,3529,1676104331,228511896,,0,0,0,0,0,0,0,0,0,0,0,0,0,0,0,0
1676104331.2799735,3530,1676104331,278572896,,0,0,0,0,0,0,0,0,0,0,0,0,0,0,0,0
1676104331.3319316,3531,1676104331,329898200,,0,0,0,0,0,0,0,0,0,0,0,0,0,0,0,0
1676104331.3815498,3532,1676104331,379949200,,0,0,0,0,0,0,0,0,0,0,0,0,0,0,0,0
1676104331.4305534,3533,1676104331,428759504,,0,0,0,0,0,0,0,0,0,0,0,0,0,0,0,0
1676104331.4813936,3534,1676104331,478817504,,0,0,0,0,0,0,0,0,0,0,0,0,0,0,0,0
1676104331.5321217,3535,1676104331,528886808,,0,0,0,0,0,0,0,0,0,0,0,0,0,0,0,0
1676104331.5825136,3536,1676104331,580201808,,0,0,0,0,0,0,0,0,0,0,0,0,0,0,0,0
1676104331.630964,3537,1676104331,629008112,,0,0,0,0,0,0,0,0,0,0,0,0,0,0,0,0
1676104331.6809292,3538,1676104331,679073112,,0,0,0,0,0,0,0,0,0,0,0,0,0,0,0,0
1676104331.7313857,3539,1676104331,729130416,,0,0,0,0,0,0,0,0,0,0,0,0,0,0,0,0
1676104331.7812033,3540,1676104331,779190416,,0,0,0,0,0,0,0,0,0,0,0,0,0,0,0,0
1676104331.8330662,3541,1676104331,830507720,,0,0,0,0,0,0,0,0,0,0,0,0,0,0,0,0
1676104331.8802857,3542,1676104331,878068720,,0,0,0,0,0,0,0,0,0,0,0,0,0,0,0,0
1676104331.9310303,3543,1676104331,929382024,,0,0,0,0,0,0,0,0,0,0,0,0,0,0,0,0
1676104331.982592,3544,1676104331,980689024,,0,0,0,0,0,0,0,0,0,0,0,0,0,0,0,0
1676104332.0303485,3545,1676104332,28255328,,0,0,0,0,0,0,0,0,0,0,0,0,0,0,0,0
1676104332.081272,3546,1676104332,79569328,,0,0,0,0,0,0,0,0,0,0,0,0,0,0,0,0
1676104332.132955,3547,1676104332,130886120,,0,0,0,0,0,0,0,0,0,0,0,0,0,0,0,0
1676104332.180516,3548,1676104332,178439120,,0,0,0,0,0,0,0,0,0,0,0,0,0,0,0,0
1676104332.2359369,3549,1676104332,231004424,,0,0,0,0,0,0,0,0,0,0,0,0,0,0,0,0
1676104332.281078,3550,1676104332,279812424,,0,0,0,0,0,0,0,0,0,0,0,0,0,0,0,0
1676104332.3320613,3551,1676104332,329880728,,0,0,0,0,0,0,0,0,0,0,0,0,0,0,0,0
1676104332.3812075,3552,1676104332,379935728,,0,0,0,0,0,0,0,0,0,0,0,0,0,0,0,0
1676104332.4326713,3553,1676104332,430012032,,0,0,0,0,0,0,0,0,0,0,0,0,0,0,0,0
1676104332.4815412,3554,1676104332,478808032,,0,0,0,0,0,0,0,0,0,0,0,0,0,0,0,0
1676104332.5323462,3555,1676104332,530121336,,0,0,0,0,0,0,0,0,0,0,0,0,0,0,0,0
1676104332.5809174,3556,1676104332,578935336,,0,0,0,0,0,0,0,0,0,0,0,0,0,0,0,0
1676104332.6312096,3557,1676104332,628993640,,0,0,0,0,0,0,0,0,0,0,0,0,0,0,0,0
1676104332.686553,3558,1676104332,680305640,,0,0,0,0,0,0,0,0,0,0,0,0,0,0,0,0
1676104332.7298753,3559,1676104332,727870944,,0,0,0,0,0,0,0,0,0,0,0,0,0,0,0,0
1676104332.7809465,3560,1676104332,779183944,,0,0,0,0,0,0,0,0,0,0,0,0,0,0,0,0
1676104332.832233,3561,1676104332,830493736,,0,0,0,0,0,0,0,0,0,0,0,0,0,0,0,0
1676104332.8797743,3562,1676104332,878052736,,0,0,0,0,0,0,0,0,0,0,0,0,0,0,0,0
1676104332.931119,3563,1676104332,929369040,,0,0,0,0,0,0,0,0,0,0,0,0,0,0,0,0
1676104332.9799855,3564,1676104332,978176040,,0,0,0,0,0,0,0,0,0,0,0,0,0,0,0,0
1676104333.031136,3565,1676104333,29486344,,0,0,0,0,0,0,0,0,0,0,0,0,0,0,0,0
1676104333.080181,3566,1676104333,78300344,,0,0,0,0,0,0,0,0,0,0,0,0,0,0,0,0
1676104333.132349,3567,1676104333,130861648,,0,0,0,0,0,0,0,0,0,0,0,0,0,0,0,0
1676104333.180093,3568,1676104333,178422648,,0,0,0,0,0,0,0,0,0,0,0,0,0,0,0,0
1676104333.2328799,3569,1676104333,230992952,,0,0,0,0,0,0,0,0,0,0,0,0,0,0,0,0
1676104333.2832437,3570,1676104333,281049952,,0,0,0,0,0,0,0,0,0,0,0,0,0,0,0,0
1676104333.3312426,3571,1676104333,329864256,,0,0,0,0,0,0,0,0,0,0,0,0,0,0,0,0
1676104333.3797843,3572,1676104333,378677256,,0,0,0,0,0,0,0,0,0,0,0,0,0,0,0,0
1676104333.4313588,3573,1676104333,429991560,,0,0,0,0,0,0,0,0,0,0,0,0,0,0,0,0
1676104333.4821377,3574,1676104333,480046560,,0,0,0,0,0,0,0,0,0,0,0,0,0,0,0,0
1676104333.530361,3575,1676104333,528856864,,0,0,0,0,0,0,0,0,0,0,0,0,0,0,0,0
1676104333.5809755,3576,1676104333,578918864,,0,0,0,0,0,0,0,0,0,0,0,0,0,0,0,0
1676104333.6321828,3577,1676104333,630232168,,0,0,0,0,0,0,0,0,0,0,0,0,0,0,0,0
1676104333.6809824,3578,1676104333,679046168,,0,0,0,0,0,0,0,0,0,0,0,0,0,0,0,0
1676104333.7303855,3579,1676104333,727851472,,0,0,0,0,0,0,0,0,0,0,0,0,0,0,0,0
1676104333.781225,3580,1676104333,779173472,,0,0,0,0,0,0,0,0,0,0,0,0,0,0,0,0
1676104333.8309999,3581,1676104333,829236264,,0,0,0,0,0,0,0,0,0,0,0,0,0,0,0,0
1676104333.8822002,3582,1676104333,880547264,,0,0,0,0,0,0,0,0,0,0,0,0,0,0,0,0
1676104333.930138,3583,1676104333,928104568,,0,0,0,0,0,0,0,0,0,0,0,0,0,0,0,0
1676104333.9808993,3584,1676104333,979413568,,0,0,0,0,0,0,0,0,0,0,0,0,0,0,0,0
1676104334.0304942,3585,1676104334,28227616,,0,0,0,0,0,0,0,0,0,0,0,0,0,0,0,0
1676104334.0810075,3586,1676104334,79539616,,0,0,0,0,0,0,0,0,0,0,0,0,0,0,0,0
1676104334.1322315,3587,1676104334,130852408,,0,0,0,0,0,0,0,0,0,0,0,0,0,0,0,0
1676104334.1800606,3588,1676104334,178415408,,0,0,0,0,0,0,0,0,0,0,0,0,0,0,0,0
1676104334.231228,3589,1676104334,229724944,,0,0,0,0,0,0,0,0,0,0,0,0,0,0,0,0
1676104334.2800176,3590,1676104334,278531944,,0,0,0,0,0,0,0,0,0,0,0,0,0,0,0,0
1676104334.331075,3591,1676104334,329847992,,0,0,0,0,0,0,0,0,0,0,0,0,0,0,0,0
1676104334.383268,3592,1676104334,381172992,,0,0,0,0,0,0,0,0,0,0,0,0,0,0,0,0
1676104334.430435,3593,1676104334,428718040,,0,0,0,0,0,0,0,0,0,0,0,0,0,0,0,0
1676104334.4810894,3594,1676104334,480035040,,0,0,0,0,0,0,0,0,0,0,0,0,0,0,0,0
1676104334.534671,3595,1676104334,531353088,,0,0,0,0,0,0,0,0,0,0,0,0,0,0,0,0
1676104334.5811856,3596,1676104334,578902088,,0,0,0,0,0,0,0,0,0,0,0,0,0,0,0,0
1676104334.632433,3597,1676104334,630225136,,0,0,0,0,0,0,0,0,0,0,0,0,0,0,0,0
1676104334.680494,3598,1676104334,679029136,,0,0,0,0,0,0,0,0,0,0,0,0,0,0,0,0
1676104334.7311993,3599,1676104334,729088184,,0,0,0,0,0,0,0,0,0,0,0,0,0,0,0,0
1676104334.7825098,3600,1676104334,780407184,,0,0,0,0,0,0,0,0,0,0,0,0,0,0,0,0
1676104334.8312597,3601,1676104334,829212232,,0,0,0,0,0,0,0,0,0,0,0,0,0,0,0,0
1676104334.882315,3602,1676104334,880528232,,0,0,0,0,0,0,0,0,0,0,0,0,0,0,0,0
1676104334.9310274,3603,1676104334,929341280,,0,0,0,0,0,0,0,0,0,0,0,0,0,0,0,0
1676104334.9821784,3604,1676104334,980655280,,0,0,0,0,0,0,0,0,0,0,0,0,0,0,0,0
1676104335.0306578,3605,1676104335,28210328,,0,0,0,0,0,0,0,0,0,0,0,0,0,0,0,0
1676104335.0810537,3606,1676104335,79526328,,0,0,0,0,0,0,0,0,0,0,0,0,0,0,0,0
1676104335.132794,3607,1676104335,130838120,,0,0,0,0,0,0,0,0,0,0,0,0,0,0,0,0
1676104335.1810145,3608,1676104335,179646120,,0,0,0,0,0,0,0,0,0,0,0,0,0,0,0,0
1676104335.2324498,3609,1676104335,230965168,,0,0,0,0,0,0,0,0,0,0,0,0,0,0,0,0
1676104335.280152,3610,1676104335,278514168,,0,0,0,0,0,0,0,0,0,0,0,0,0,0,0,0
1676104335.3314655,3611,1676104335,329831216,,0,0,0,0,0,0,0,0,0,0,0,0,0,0,0,0
1676104335.3858547,3612,1676104335,381149216,,0,0,0,0,0,0,0,0,0,0,0,0,0,0,0,0
1676104335.430399,3613,1676104335,428701032,,0,0,0,0,0,0,0,0,0,0,0,0,0,0,0,0
1676104335.4816668,3614,1676104335,480021032,,0,0,0,0,0,0,0,0,0,0,0,0,0,0,0,0
1676104335.5331428,3615,1676104335,531335080,,0,0,0,0,0,0,0,0,0,0,0,0,0,0,0,0
1676104335.580285,3616,1676104335,578886080,,0,0,0,0,0,0,0,0,0,0,0,0,0,0,0,0
1676104335.6327732,3617,1676104335,630207128,,0,0,0,0,0,0,0,0,0,0,0,0,0,0,0,0
1676104335.680078,3618,1676104335,679014128,,0,0,0,0,0,0,0,0,0,0,0,0,0,0,0,0
1676104335.731181,3619,1676104335,729073176,,0,0,0,0,0,0,0,0,0,0,0,0,0,0,0,0
1676104335.7852976,3620,1676104335,780388176,,0,0,0,0,0,0,0,0,0,0,0,0,0,0,0,0
1676104335.8306422,3621,1676104335,829202480,,0,0,0,0,0,0,0,0,0,0,0,0,0,0,0,0
1676104335.8810606,3622,1676104335,879261480,,0,0,0,0,0,0,0,0,0,0,0,0,0,0,0,0
1676104335.9347994,3623,1676104335,930575528,,0,0,0,0,0,0,0,0,0,0,0,0,0,0,0,0
1676104335.9801831,3624,1676104335,978128528,,0,0,0,0,0,0,0,0,0,0,0,0,0,0,0,0
1676104336.033206,3625,1676104336,30698576,,0,0,0,0,0,0,0,0,0,0,0,0,0,0,0,0
1676104336.0813327,3626,1676104336,79507576,,0,0,0,0,0,0,0,0,0,0,0,0,0,0,0,0
1676104336.1302633,3627,1676104336,128326624,,0,0,0,0,0,0,0,0,0,0,0,0,0,0,0,0
1676104336.1810064,3628,1676104336,179630624,,0,0,0,0,0,0,0,0,0,0,0,0,0,0,0,0
1676104336.235397,3629,1676104336,230946928,,0,0,0,0,0,0,0,0,0,0,0,0,0,0,0,0
1676104336.2838461,3630,1676104336,281013928,,0,0,0,0,0,0,0,0,0,0,0,0,0,0,0,0
1676104336.3333998,3631,1676104336,331074976,,0,0,0,0,0,0,0,0,0,0,0,0,0,0,0,0
1676104336.3812082,3632,1676104336,379877976,,0,0,0,0,0,0,0,0,0,0,0,0,0,0,0,0
1676104336.434283,3633,1676104336,431197024,,0,0,0,0,0,0,0,0,0,0,0,0,0,0,0,0
1676104336.4800484,3634,1676104336,478750024,,0,0,0,0,0,0,0,0,0,0,0,0,0,0,0,0
1676104336.5310712,3635,1676104336,528817072,,0,0,0,0,0,0,0,0,0,0,0,0,0,0,0,0
1676104336.582341,3636,1676104336,580127072,,0,0,0,0,0,0,0,0,0,0,0,0,0,0,0,0
1676104336.6311424,3637,1676104336,628935120,,0,0,0,0,0,0,0,0,0,0,0,0,0,0,0,0
1676104336.6825752,3638,1676104336,680249120,,0,0,0,0,0,0,0,0,0,0,0,0,0,0,0,0
1676104336.7303119,3639,1676104336,729062168,,0,0,0,0,0,0,0,0,0,0,0,0,0,0,0,0
1676104336.7809107,3640,1676104336,779124168,,0,0,0,0,0,0,0,0,0,0,0,0,0,0,0,0
1676104336.8303473,3641,1676104336,827937216,,0,0,0,0,0,0,0,0,0,0,0,0,0,0,0,0
1676104336.8810225,3642,1676104336,879249216,,0,0,0,0,0,0,0,0,0,0,0,0,0,0,0,0
1676104336.9321377,3643,1676104336,930560520,,0,0,0,0,0,0,0,0,0,0,0,0,0,0,0,0
1676104336.9800248,3644,1676104336,978121520,,0,0,0,0,0,0,0,0,0,0,0,0,0,0,0,0
1676104337.0302033,3645,1676104337,28182312,,0,0,0,0,0,0,0,0,0,0,0,0,0,0,0,0
1676104337.0819557,3646,1676104337,80741312,,0,0,0,0,0,0,0,0,0,0,0,0,0,0,0,0
1676104337.130058,3647,1676104337,128320616,,0,0,0,0,0,0,0,0,0,0,0,0,0,0,0,0
1676104337.1810155,3648,1676104337,179616616,,0,0,0,0,0,0,0,0,0,0,0,0,0,0,0,0
1676104337.2300482,3649,1676104337,228430408,,0,0,0,0,0,0,0,0,0,0,0,0,0,0,0,0
1676104337.2798803,3650,1676104337,278492408,,0,0,0,0,0,0,0,0,0,0,0,0,0,0,0,0
1676104337.3310409,3651,1676104337,329800712,,0,0,0,0,0,0,0,0,0,0,0,0,0,0,0,0
1676104337.3799977,3652,1676104337,378612712,,0,0,0,0,0,0,0,0,0,0,0,0,0,0,0,0
1676104337.431102,3653,1676104337,429931016,,0,0,0,0,0,0,0,0,0,0,0,0,0,0,0,0
