Time,header.seq,header.stamp.secs,header.stamp.nsecs,header.frame_id,temperature,variance
1676104288.873166,2439,1676104288,561887400,base_link,23.34000015258789,0.0
1676104288.874473,2440,1676104288,596934960,base_link,23.350000381469727,0.0
1676104288.87469,2441,1676104288,662011960,base_link,23.34000015258789,0.0
1676104288.8750155,2442,1676104288,722085008,base_link,23.34000015258789,0.0
1676104288.8752482,2443,1676104288,757128008,base_link,23.350000381469727,0.0
1676104288.8758745,2444,1676104288,822205520,base_link,23.34000015258789,0.0
1676104288.886805,2445,1676104288,882278520,base_link,23.350000381469727,0.0
1676104288.949807,2446,1676104288,942353824,base_link,23.350000381469727,0.0
1676104288.9878113,2447,1676104288,982400824,base_link,23.34000015258789,0.0
1676104289.0469313,2448,1676104289,42475384,base_link,23.350000381469727,0.0
1676104289.1062021,2449,1676104289,102550944,base_link,23.350000381469727,0.0
1676104289.1647024,2450,1676104289,157616944,base_link,23.350000381469727,0.0
1676104289.2252917,2451,1676104289,217692504,base_link,23.350000381469727,0.0
1676104289.2657108,2452,1676104289,257739504,base_link,23.350000381469727,0.0
1676104289.3255892,2453,1676104289,317814064,base_link,23.350000381469727,0.0
1676104289.3913317,2454,1676104289,377887064,base_link,23.350000381469727,0.0
1676104289.426045,2455,1676104289,417936624,base_link,23.350000381469727,0.0
1676104289.486851,2456,1676104289,483016624,base_link,23.350000381469727,0.0
1676104289.5446887,2457,1676104289,538086440,base_link,23.35999870300293,0.0
1676104289.6049175,2458,1676104289,598163000,base_link,23.350000381469727,0.0
1676104289.6453676,2459,1676104289,638207000,base_link,23.35999870300293,0.0
1676104289.704947,2460,1676104289,698281304,base_link,23.350000381469727,0.0
1676104289.7658877,2461,1676104289,758354304,base_link,23.35999870300293,0.0
1676104289.8061714,2462,1676104289,798406656,base_link,23.35999870300293,0.0
1676104289.8850286,2463,1676104289,878503656,base_link,23.35999870300293,0.0
1676104289.9249942,2464,1676104289,918552960,base_link,23.35999870300293,0.0
1676104289.9856935,2465,1676104289,978626960,base_link,23.35999870300293,0.0
1676104290.0453358,2466,1676104290,38701032,base_link,23.35999870300293,0.0
1676104290.0866294,2467,1676104290,78749032,base_link,23.35999870300293,0.0
1676104290.1468415,2468,1676104290,138823592,base_link,23.35999870300293,0.0
1676104290.2066684,2469,1676104290,198898896,base_link,23.35999870300293,0.0
1676104290.2678986,2470,1676104290,258974896,base_link,23.35999870300293,0.0
1676104290.3059242,2471,1676104290,299021456,base_link,23.35999870300293,0.0
1676104290.3647676,2472,1676104290,359095456,base_link,23.35999870300293,0.0
1676104290.4257524,2473,1676104290,419170016,base_link,23.35999870300293,0.0
1676104290.4670804,2474,1676104290,459217016,base_link,23.35999870300293,0.0
1676104290.5465055,2475,1676104290,539316576,base_link,23.35999870300293,0.0
1676104290.5865266,2476,1676104290,579363576,base_link,23.369998931884766,0.0
1676104290.6462252,2477,1676104290,639438136,base_link,23.35999870300293,0.0
1676104290.70387,2478,1676104290,699512696,base_link,23.35999870300293,0.0
1676104290.7493234,2479,1676104290,739561696,base_link,23.35999870300293,0.0
1676104290.80598,2480,1676104290,799636256,base_link,23.369998931884766,0.0
1676104290.8649094,2481,1676104290,859709256,base_link,23.369998931884766,0.0
1676104290.9259999,2482,1676104290,919784304,base_link,23.369998931884766,0.0
1676104290.9656174,2483,1676104290,959831304,base_link,23.369998931884766,0.0
1676104291.0258682,2484,1676104291,19904072,base_link,23.369998931884766,0.0
1676104291.084563,2485,1676104291,79978072,base_link,23.369998931884766,0.0
1676104291.1256819,2486,1676104291,120026632,base_link,23.369998931884766,0.0
1676104291.2058115,2487,1676104291,200128168,base_link,23.369998931884766,0.0
1676104291.2446246,2488,1676104291,240173168,base_link,23.3799991607666,0.0
1676104291.3036807,2489,1676104291,300247728,base_link,23.3799991607666,0.0
1676104291.3651268,2490,1676104291,360319728,base_link,23.369998931884766,0.0
1676104291.4060256,2491,1676104291,400371544,base_link,23.3799991607666,0.0
1676104291.4662201,2492,1676104291,460443544,base_link,23.3799991607666,0.0
1676104291.5260408,2493,1676104291,520518104,base_link,23.3799991607666,0.0
1676104291.58533,2494,1676104291,580590104,base_link,23.3799991607666,0.0
1676104291.626074,2495,1676104291,620641664,base_link,23.369998931884766,0.0
1676104291.6879497,2496,1676104291,680713664,base_link,23.3799991607666,0.0
1676104291.7459605,2497,1676104291,740788224,base_link,23.3799991607666,0.0
1676104291.7865434,2498,1676104291,780836224,base_link,23.3799991607666,0.0
1676104291.8462052,2499,1676104291,840912040,base_link,23.3799991607666,0.0
1676104291.906541,2500,1676104291,900986600,base_link,23.3799991607666,0.0
1676104291.9655678,2501,1676104291,961058600,base_link,23.3799991607666,0.0
1676104292.0261967,2502,1676104292,16128904,base_link,23.3799991607666,0.0
1676104292.0673292,2503,1676104292,61181904,base_link,23.3799991607666,0.0
1676104292.1261191,2504,1676104292,121256952,base_link,23.3799991607666,0.0
1676104292.1848776,2505,1676104292,176321952,base_link,23.3799991607666,0.0
1676104292.246196,2506,1676104292,241403256,base_link,23.389999389648438,0.0
1676104292.2882774,2507,1676104292,281451256,base_link,23.3799991607666,0.0
1676104292.3458421,2508,1676104292,341526560,base_link,23.389999389648438,0.0
1676104292.405972,2509,1676104292,401599608,base_link,23.389999389648438,0.0
1676104292.4462793,2510,1676104292,441648608,base_link,23.3799991607666,0.0
1676104292.5245974,2511,1676104292,521748168,base_link,23.389999389648438,0.0
1676104292.5660996,2512,1676104292,561795168,base_link,23.389999389648438,0.0
1676104292.625981,2513,1676104292,621872728,base_link,23.389999389648438,0.0
1676104292.6872978,2514,1676104292,681947728,base_link,23.389999389648438,0.0
1676104292.7246838,2515,1676104292,716989032,base_link,23.389999389648438,0.0
1676104292.7861457,2516,1676104292,782065032,base_link,23.389999389648438,0.0
1676104292.8453014,2517,1676104292,842140336,base_link,23.389999389648438,0.0
1676104292.9064727,2518,1676104292,902213616,base_link,23.389999389648438,0.0
1676104292.944978,2519,1676104292,937256616,base_link,23.389999389648438,0.0
1676104293.0056493,2520,1676104292,997329920,base_link,23.399999618530273,0.0
1676104293.0657349,2521,1676104293,62408920,base_link,23.399999618530273,0.0
1676104293.104078,2522,1676104293,97452712,base_link,23.399999618530273,0.0
1676104293.1655996,2523,1676104293,157525712,base_link,23.399999618530273,0.0
1676104293.2244573,2524,1676104293,217600040,base_link,23.399999618530273,0.0
1676104293.2868414,2525,1676104293,277672040,base_link,23.389999389648438,0.0
1676104293.3449585,2526,1676104293,337747600,base_link,23.399999618530273,0.0
1676104293.3886368,2527,1676104293,377796600,base_link,23.399999618530273,0.0
1676104293.4453619,2528,1676104293,437870160,base_link,23.399999618530273,0.0
1676104293.5048594,2529,1676104293,497951720,base_link,23.399999618530273,0.0
1676104293.5649981,2530,1676104293,558017720,base_link,23.399999618530273,0.0
1676104293.604679,2531,1676104293,598069280,base_link,23.399999618530273,0.0
1676104293.664761,2532,1676104293,658140280,base_link,23.399999618530273,0.0
1676104293.725435,2533,1676104293,718215328,base_link,23.399999618530273,0.0
1676104293.7651274,2534,1676104293,758264328,base_link,23.399999618530273,0.0
1676104293.825795,2535,1676104293,818338888,base_link,23.399999618530273,0.0
1676104293.8857558,2536,1676104293,878410888,base_link,23.399999618530273,0.0
1676104293.9459486,2537,1676104293,938487936,base_link,23.399999618530273,0.0
1676104294.0047572,2538,1676104293,998560496,base_link,23.399999618530273,0.0
1676104294.051015,2539,1676104294,38608496,base_link,23.399999618530273,0.0
1676104294.106325,2540,1676104294,98683056,base_link,23.40999984741211,0.0
1676104294.1641002,2541,1676104294,158755056,base_link,23.40999984741211,0.0
1676104294.2251778,2542,1676104294,218831360,base_link,23.40999984741211,0.0
1676104294.2653513,2543,1676104294,258880360,base_link,23.40999984741211,0.0
1676104294.3245614,2544,1676104294,318954920,base_link,23.40999984741211,0.0
1676104294.3857002,2545,1676104294,379025920,base_link,23.40999984741211,0.0
1676104294.4234138,2546,1676104294,419076480,base_link,23.40999984741211,0.0
1676104294.4855518,2547,1676104294,479150480,base_link,23.40999984741211,0.0
1676104294.5473666,2548,1676104294,539225296,base_link,23.40999984741211,0.0
1676104294.6098528,2549,1676104294,599298856,base_link,23.40999984741211,0.0
1676104294.6653328,2550,1676104294,659370856,base_link,23.40999984741211,0.0
1676104294.7045677,2551,1676104294,699421416,base_link,23.40999984741211,0.0
1676104294.7655137,2552,1676104294,759494416,base_link,23.40999984741211,0.0
1676104294.826112,2553,1676104294,819569976,base_link,23.40999984741211,0.0
1676104294.885046,2554,1676104294,879642976,base_link,23.40999984741211,0.0
1676104294.9241602,2555,1676104294,919691792,base_link,23.40999984741211,0.0
1676104294.9859645,2556,1676104294,979766792,base_link,23.420000076293945,0.0
1676104295.046015,2557,1676104295,39840352,base_link,23.40999984741211,0.0
1676104295.0859292,2558,1676104295,79887352,base_link,23.40999984741211,0.0
1676104295.1469998,2559,1676104295,139962656,base_link,23.40999984741211,0.0
1676104295.2085736,2560,1676104295,200038472,base_link,23.420000076293945,0.0
1676104295.2673264,2561,1676104295,260110472,base_link,23.420000076293945,0.0
1676104295.325346,2562,1676104295,320186032,base_link,23.420000076293945,0.0
1676104295.365332,2563,1676104295,360234032,base_link,23.420000076293945,0.0
1676104295.4256818,2564,1676104295,420308336,base_link,23.420000076293945,0.0
1676104295.4847488,2565,1676104295,480381336,base_link,23.420000076293945,0.0
1676104295.5474532,2566,1676104295,540454896,base_link,23.420000076293945,0.0
1676104295.5856576,2567,1676104295,580502896,base_link,23.43000030517578,0.0
1676104295.647656,2568,1676104295,640578456,base_link,23.43000030517578,0.0
1676104295.7060966,2569,1676104295,700652504,base_link,23.420000076293945,0.0
1676104295.7462661,2570,1676104295,740700504,base_link,23.420000076293945,0.0
1676104295.8071156,2571,1676104295,800776064,base_link,23.43000030517578,0.0
1676104295.8662176,2572,1676104295,860848064,base_link,23.420000076293945,0.0
1676104295.925062,2573,1676104295,920922624,base_link,23.420000076293945,0.0
1676104295.985307,2574,1676104295,980997624,base_link,23.43000030517578,0.0
1676104296.0262072,2575,1676104296,21047184,base_link,23.420000076293945,0.0
1676104296.0860236,2576,1676104296,81118184,base_link,23.420000076293945,0.0
1676104296.1465452,2577,1676104296,141194000,base_link,23.43000030517578,0.0
1676104296.2047539,2578,1676104296,201268816,base_link,23.43000030517578,0.0
1676104296.2455893,2579,1676104296,236311816,base_link,23.43000030517578,0.0
1676104296.304375,2580,1676104296,296388632,base_link,23.43000030517578,0.0
1676104296.364692,2581,1676104296,356460632,base_link,23.43000030517578,0.0
1676104296.4058688,2582,1676104296,401516680,base_link,23.43000030517578,0.0
1676104296.4687254,2583,1676104296,461588680,base_link,23.43000030517578,0.0
1676104296.5260217,2584,1676104296,521662496,base_link,23.43000030517578,0.0
1676104296.5664756,2585,1676104296,561712496,base_link,23.43000030517578,0.0
1676104296.646026,2586,1676104296,636806056,base_link,23.43000030517578,0.0
1676104296.6858485,2587,1676104296,681858056,base_link,23.43000030517578,0.0
1676104296.7470536,2588,1676104296,741933360,base_link,23.439998626708984,0.0
1676104296.802859,2589,1676104296,797002920,base_link,23.439998626708984,0.0
1676104296.8454366,2590,1676104296,837051920,base_link,23.439998626708984,0.0
1676104296.9048715,2591,1676104296,897127480,base_link,23.439998626708984,0.0
1676104296.9648895,2592,1676104296,957198480,base_link,23.43000030517578,0.0
1676104297.0255406,2593,1676104297,17274040,base_link,23.439998626708984,0.0
1676104297.0650463,2594,1676104297,57321040,base_link,23.439998626708984,0.0
1676104297.123997,2595,1676104297,117396088,base_link,23.439998626708984,0.0
1676104297.1852953,2596,1676104297,177467088,base_link,23.439998626708984,0.0
1676104297.2452817,2597,1676104297,237543136,base_link,23.439998626708984,0.0
1676104297.308997,2598,1676104297,302622440,base_link,23.439998626708984,0.0
1676104297.3473012,2599,1676104297,342670440,base_link,23.439998626708984,0.0
1676104297.405996,2600,1676104297,402746000,base_link,23.439998626708984,0.0
1676104297.467765,2601,1676104297,462820000,base_link,23.44999885559082,0.0
1676104297.507505,2602,1676104297,502869560,base_link,23.44999885559082,0.0
1676104297.5661142,2603,1676104297,557935560,base_link,23.439998626708984,0.0
1676104297.6258101,2604,1676104297,618011120,base_link,23.439998626708984,0.0
1676104297.684625,2605,1676104297,678084120,base_link,23.44999885559082,0.0
1676104297.7259386,2606,1676104297,718133680,base_link,23.44999885559082,0.0
1676104297.7857788,2607,1676104297,778206680,base_link,23.44999885559082,0.0
1676104297.8456464,2608,1676104297,838281240,base_link,23.44999885559082,0.0
1676104297.9057202,2609,1676104297,898355800,base_link,23.44999885559082,0.0
1676104297.9659226,2610,1676104297,958427800,base_link,23.44999885559082,0.0
1676104298.0062919,2611,1676104297,998479360,base_link,23.44999885559082,0.0
1676104298.0661423,2612,1676104298,58552360,base_link,23.44999885559082,0.0
1676104298.1256888,2613,1676104298,118627176,base_link,23.44999885559082,0.0
1676104298.1660347,2614,1676104298,158675176,base_link,23.459999084472656,0.0
1676104298.2255328,2615,1676104298,218750736,base_link,23.44999885559082,0.0
1676104298.2858453,2616,1676104298,278822736,base_link,23.44999885559082,0.0
1676104298.345699,2617,1676104298,338898552,base_link,23.44999885559082,0.0
1676104298.3857956,2618,1676104298,378946552,base_link,23.44999885559082,0.0
1676104298.4458034,2619,1676104298,439022112,base_link,23.459999084472656,0.0
1676104298.5064635,2620,1676104298,499096928,base_link,23.44999885559082,0.0
1676104298.5474687,2621,1676104298,539144928,base_link,23.459999084472656,0.0
1676104298.62492,2622,1676104298,619244488,base_link,23.459999084472656,0.0
1676104298.6675696,2623,1676104298,659292488,base_link,23.459999084472656,0.0
1676104298.7271214,2624,1676104298,719367048,base_link,23.459999084472656,0.0
1676104298.786252,2625,1676104298,779439048,base_link,23.459999084472656,0.0
1676104298.8259249,2626,1676104298,819491608,base_link,23.459999084472656,0.0
1676104298.884633,2627,1676104298,879563608,base_link,23.459999084472656,0.0
1676104298.9460132,2628,1676104298,939637168,base_link,23.459999084472656,0.0
1676104299.0045485,2629,1676104298,999713472,base_link,23.459999084472656,0.0
1676104299.04614,2630,1676104299,39760472,base_link,23.459999084472656,0.0
1676104299.1064117,2631,1676104299,99835520,base_link,23.469999313354492,0.0
1676104299.1649768,2632,1676104299,159907520,base_link,23.459999084472656,0.0
1676104299.2059305,2633,1676104299,199959080,base_link,23.459999084472656,0.0
1676104299.2855341,2634,1676104299,280057080,base_link,23.469999313354492,0.0
1676104299.3244247,2635,1676104299,320107640,base_link,23.459999084472656,0.0
1676104299.3848994,2636,1676104299,380187640,base_link,23.459999084472656,0.0
1676104299.445861,2637,1676104299,440254200,base_link,23.459999084472656,0.0
1676104299.4856653,2638,1676104299,480305200,base_link,23.469999313354492,0.0
1676104299.5461628,2639,1676104299,540377016,base_link,23.469999313354492,0.0
1676104299.605699,2640,1676104299,600451576,base_link,23.469999313354492,0.0
1676104299.665347,2641,1676104299,660523576,base_link,23.469999313354492,0.0
1676104299.70402,2642,1676104299,700574392,base_link,23.469999313354492,0.0
1676104299.7660174,2643,1676104299,760647392,base_link,23.459999084472656,0.0
1676104299.8417006,2644,1676104299,820723208,base_link,23.469999313354492,0.0
1676104299.8659225,2645,1676104299,860772208,base_link,23.469999313354492,0.0
1676104299.9274263,2646,1676104299,920845768,base_link,23.469999313354492,0.0
1676104299.9867654,2647,1676104299,980919768,base_link,23.469999313354492,0.0
1676104300.0476093,2648,1676104300,40993584,base_link,23.469999313354492,0.0
1676104300.1056185,2649,1676104300,101068632,base_link,23.469999313354492,0.0
1676104300.1477304,2650,1676104300,136113632,base_link,23.469999313354492,0.0
1676104300.2078557,2651,1676104300,196186192,base_link,23.469999313354492,0.0
1676104300.2663863,2652,1676104300,256260192,base_link,23.469999313354492,0.0
1676104300.3296373,2653,1676104300,321340008,base_link,23.469999313354492,0.0
1676104300.3657475,2654,1676104300,361388008,base_link,23.469999313354492,0.0
1676104300.4259274,2655,1676104300,421463824,base_link,23.469999313354492,0.0
1676104300.4853675,2656,1676104300,481537824,base_link,23.479999542236328,0.0
1676104300.5262046,2657,1676104300,521586384,base_link,23.479999542236328,0.0
1676104300.5866408,2658,1676104300,581658384,base_link,23.479999542236328,0.0
1676104300.6457212,2659,1676104300,641735200,base_link,23.479999542236328,0.0
1676104300.7049093,2660,1676104300,701808760,base_link,23.469999313354492,0.0
1676104300.7655485,2661,1676104300,761881760,base_link,23.479999542236328,0.0
1676104300.80508,2662,1676104300,801932576,base_link,23.479999542236328,0.0
1676104300.8671186,2663,1676104300,862005576,base_link,23.479999542236328,0.0
1676104300.9259675,2664,1676104300,922082136,base_link,23.479999542236328,0.0
1676104300.9859762,2665,1676104300,977146136,base_link,23.479999542236328,0.0
1676104301.0261521,2666,1676104301,17199696,base_link,23.479999542236328,0.0
1676104301.0864275,2667,1676104301,77270696,base_link,23.479999542236328,0.0
1676104301.148217,2668,1676104301,137344744,base_link,23.479999542236328,0.0
1676104301.1868339,2669,1676104301,182398744,base_link,23.479999542236328,0.0
1676104301.2469325,2670,1676104301,242475048,base_link,23.479999542236328,0.0
1676104301.3068063,2671,1676104301,302547840,base_link,23.479999542236328,0.0
1676104301.366179,2672,1676104301,362621840,base_link,23.479999542236328,0.0
1676104301.4261355,2673,1676104301,422697656,base_link,23.479999542236328,0.0
1676104301.4654157,2674,1676104301,457738656,base_link,23.489999771118164,0.0
1676104301.5242243,2675,1676104301,517813216,base_link,23.479999542236328,0.0
1676104301.5862296,2676,1676104301,577885216,base_link,23.479999542236328,0.0
1676104301.6270623,2677,1676104301,622942520,base_link,23.489999771118164,0.0
1676104301.6859305,2678,1676104301,683017520,base_link,23.489999771118164,0.0
1676104301.7492068,2679,1676104301,743089544,base_link,23.489999771118164,0.0
1676104301.80611,2680,1676104301,803165360,base_link,23.489999771118164,0.0
1676104301.8470016,2681,1676104301,838205360,base_link,23.489999771118164,0.0
1676104301.9059527,2682,1676104301,898281176,base_link,23.489999771118164,0.0
1676104301.9656644,2683,1676104301,958353176,base_link,23.489999771118164,0.0
1676104302.0250623,2684,1676104302,18428992,base_link,23.489999771118164,0.0
1676104302.0842986,2685,1676104302,78500992,base_link,23.489999771118164,0.0
1676104302.1256797,2686,1676104302,118552808,base_link,23.5,0.0
1676104302.1864023,2687,1676104302,178624808,base_link,23.489999771118164,0.0
1676104302.2455049,2688,1676104302,238700624,base_link,23.489999771118164,0.0
1676104302.2870812,2689,1676104302,278748624,base_link,23.5,0.0
1676104302.3451228,2690,1676104302,338825440,base_link,23.5,0.0
1676104302.4053307,2691,1676104302,398899000,base_link,23.5,0.0
1676104302.4660132,2692,1676104302,458972000,base_link,23.489999771118164,0.0
1676104302.5058615,2693,1676104302,499022560,base_link,23.489999771118164,0.0
1676104302.5650308,2694,1676104302,559094560,base_link,23.5,0.0
1676104302.6262534,2695,1676104302,619171376,base_link,23.5,0.0
1676104302.68773,2696,1676104302,679243376,base_link,23.5,0.0
1676104302.7451694,2697,1676104302,739318192,base_link,23.5,0.0
1676104302.78443,2698,1676104302,779366192,base_link,23.5,0.0
1676104302.8447592,2699,1676104302,839440752,base_link,23.5,0.0
1676104302.9065232,2700,1676104302,899517568,base_link,23.5,0.0
1676104302.9667017,2701,1676104302,959588568,base_link,23.5,0.0
1676104303.0039546,2702,1676104302,999639384,base_link,23.5,0.0
1676104303.0647378,2703,1676104303,59712384,base_link,23.5,0.0
1676104303.1245277,2704,1676104303,119788456,base_link,23.5,0.0
1676104303.1659312,2705,1676104303,159836456,base_link,23.510000228881836,0.0
1676104303.2264001,2706,1676104303,219914272,base_link,23.510000228881836,0.0
1676104303.2855215,2707,1676104303,279984272,base_link,23.510000228881836,0.0
1676104303.347971,2708,1676104303,340059088,base_link,23.510000228881836,0.0
1676104303.4056432,2709,1676104303,400134648,base_link,23.5,0.0
1676104303.445112,2710,1676104303,440184648,base_link,23.5,0.0
1676104303.5051801,2711,1676104303,500258208,base_link,23.510000228881836,0.0
1676104303.5654895,2712,1676104303,560331208,base_link,23.510000228881836,0.0
1676104303.6055288,2713,1676104303,600385024,base_link,23.510000228881836,0.0
1676104303.6651306,2714,1676104303,660461024,base_link,23.5,0.0
1676104303.7249398,2715,1676104303,720530840,base_link,23.510000228881836,0.0
1676104303.785192,2716,1676104303,780601840,base_link,23.510000228881836,0.0
1676104303.8282468,2717,1676104303,820653656,base_link,23.510000228881836,0.0
1676104303.885302,2718,1676104303,880725656,base_link,23.510000228881836,0.0
1676104303.9462392,2719,1676104303,940801216,base_link,23.510000228881836,0.0
1676104304.0062065,2720,1676104304,875776,base_link,23.510000228881836,0.0
1676104304.0663328,2721,1676104304,60949776,base_link,23.510000228881836,0.0
1676104304.104392,2722,1676104304,100999592,base_link,23.510000228881836,0.0
1676104304.165069,2723,1676104304,161071592,base_link,23.510000228881836,0.0
1676104304.2250714,2724,1676104304,221148408,base_link,23.510000228881836,0.0
1676104304.2679012,2725,1676104304,261196408,base_link,23.51999855041504,0.0
1676104304.3261228,2726,1676104304,321271224,base_link,23.510000228881836,0.0
1676104304.3870983,2727,1676104304,381344224,base_link,23.51999855041504,0.0
1676104304.446436,2728,1676104304,441419784,base_link,23.51999855041504,0.0
1676104304.4849007,2729,1676104304,481467784,base_link,23.51999855041504,0.0
1676104304.547053,2730,1676104304,541543832,base_link,23.51999855041504,0.0
1676104304.6048563,2731,1676104304,601618392,base_link,23.51999855041504,0.0
1676104304.6648316,2732,1676104304,661691392,base_link,23.51999855041504,0.0
1676104304.7247329,2733,1676104304,721766208,base_link,23.51999855041504,0.0
1676104304.7649946,2734,1676104304,761813208,base_link,23.51999855041504,0.0
1676104304.824917,2735,1676104304,821890024,base_link,23.51999855041504,0.0
1676104304.8856397,2736,1676104304,881962024,base_link,23.51999855041504,0.0
1676104304.9244194,2737,1676104304,917005840,base_link,23.51999855041504,0.0
1676104304.985521,2738,1676104304,977078840,base_link,23.51999855041504,0.0
1676104305.047474,2739,1676104305,42160656,base_link,23.529998779296875,0.0
1676104305.1048372,2740,1676104305,97230472,base_link,23.51999855041504,0.0
1676104305.1475065,2741,1676104305,142287472,base_link,23.529998779296875,0.0
1676104305.2069104,2742,1676104305,202361288,base_link,23.51999855041504,0.0
1676104305.2671828,2743,1676104305,257426288,base_link,23.529998779296875,0.0
1676104305.3093452,2744,1676104305,302484104,base_link,23.529998779296875,0.0
1676104305.3876228,2745,1676104305,377575104,base_link,23.529998779296875,0.0
1676104305.4261117,2746,1676104305,422630664,base_link,23.529998779296875,0.0
1676104305.4843268,2747,1676104305,477696664,base_link,23.529998779296875,0.0
1676104305.5465772,2748,1676104305,537771712,base_link,23.529998779296875,0.0
1676104305.584495,2749,1676104305,577820712,base_link,23.529998779296875,0.0
1676104305.644969,2750,1676104305,637896528,base_link,23.529998779296875,0.0
1676104305.70868,2751,1676104305,702976344,base_link,23.53999900817871,0.0
1676104305.7636378,2752,1676104305,758043344,base_link,23.53999900817871,0.0
1676104305.810952,2753,1676104305,803099904,base_link,23.529998779296875,0.0
1676104305.8663952,2754,1676104305,863172904,base_link,23.53999900817871,0.0
1676104305.9256814,2755,1676104305,918242720,base_link,23.53999900817871,0.0
1676104305.9648855,2756,1676104305,958290720,base_link,23.529998779296875,0.0
1676104306.0456553,2757,1676104306,38391536,base_link,23.53999900817871,0.0
1676104306.0843625,2758,1676104306,78438536,base_link,23.53999900817871,0.0
1676104306.147197,2759,1676104306,138516352,base_link,23.53999900817871,0.0
1676104306.206711,2760,1676104306,203597168,base_link,23.529998779296875,0.0
1676104306.2483416,2761,1676104306,243644168,base_link,23.53999900817871,0.0
1676104306.3055897,2762,1676104306,298712984,base_link,23.529998779296875,0.0
1676104306.366626,2763,1676104306,358785984,base_link,23.53999900817871,0.0
1676104306.426136,2764,1676104306,418861288,base_link,23.53999900817871,0.0
1676104306.4659522,2765,1676104306,458909288,base_link,23.53999900817871,0.0
1676104306.5262806,2766,1676104306,518983848,base_link,23.53999900817871,0.0
1676104306.584785,2767,1676104306,579056848,base_link,23.53999900817871,0.0
1676104306.6248505,2768,1676104306,619107408,base_link,23.549999237060547,0.0
1676104306.7064695,2769,1676104306,699206712,base_link,23.53999900817871,0.0
1676104306.7473238,2770,1676104306,739254712,base_link,23.53999900817871,0.0
1676104306.805648,2771,1676104306,799330272,base_link,23.53999900817871,0.0
1676104306.8642895,2772,1676104306,859403272,base_link,23.549999237060547,0.0
1676104306.9065037,2773,1676104306,899453832,base_link,23.549999237060547,0.0
1676104306.9663806,2774,1676104306,959525832,base_link,23.53999900817871,0.0
1676104307.0263095,2775,1676104307,19606648,base_link,23.549999237060547,0.0
1676104307.08599,2776,1676104307,79674648,base_link,23.549999237060547,0.0
1676104307.125186,2777,1676104307,119725464,base_link,23.53999900817871,0.0
1676104307.1858659,2778,1676104307,179797464,base_link,23.549999237060547,0.0
1676104307.2451458,2779,1676104307,239873280,base_link,23.549999237060547,0.0
1676104307.284205,2780,1676104307,279922280,base_link,23.549999237060547,0.0
1676104307.3777428,2781,1676104307,360022840,base_link,23.549999237060547,0.0
1676104307.4035652,2782,1676104307,400072656,base_link,23.549999237060547,0.0
1676104307.4647188,2783,1676104307,460145656,base_link,23.549999237060547,0.0
1676104307.5245085,2784,1676104307,520220216,base_link,23.559999465942383,0.0
1676104307.565808,2785,1676104307,560269216,base_link,23.559999465942383,0.0
1676104307.625717,2786,1676104307,620345776,base_link,23.549999237060547,0.0
1676104307.6880448,2787,1676104307,680418776,base_link,23.549999237060547,0.0
1676104307.7445457,2788,1676104307,740493336,base_link,23.549999237060547,0.0
1676104307.7858517,2789,1676104307,780541336,base_link,23.559999465942383,0.0
1676104307.846789,2790,1676104307,840615152,base_link,23.549999237060547,0.0
1676104307.9065182,2791,1676104307,900690968,base_link,23.559999465942383,0.0
1676104307.9486861,2792,1676104307,940738968,base_link,23.559999465942383,0.0
1676104308.0143642,2793,1676104308,814784,base_link,23.559999465942383,0.0
1676104308.0682545,2794,1676104308,60886784,base_link,23.559999465942383,0.0
1676104308.1253417,2795,1676104308,120962600,base_link,23.559999465942383,0.0
1676104308.1850715,2796,1676104308,181035600,base_link,23.559999465942383,0.0
1676104308.2264495,2797,1676104308,221089160,base_link,23.559999465942383,0.0
1676104308.2850404,2798,1676104308,281160160,base_link,23.559999465942383,0.0
1676104308.3485742,2799,1676104308,341234720,base_link,23.559999465942383,0.0
1676104308.4065754,2800,1676104308,401311536,base_link,23.559999465942383,0.0
1676104308.4452152,2801,1676104308,441358536,base_link,23.559999465942383,0.0
1676104308.506277,2802,1676104308,501434352,base_link,23.559999465942383,0.0
1676104308.565723,2803,1676104308,561506352,base_link,23.559999465942383,0.0
1676104308.6046789,2804,1676104308,596552168,base_link,23.559999465942383,0.0
1676104308.6651995,2805,1676104308,661630168,base_link,23.559999465942383,0.0
1676104308.7246861,2806,1676104308,721705984,base_link,23.559999465942383,0.0
1676104308.7852404,2807,1676104308,781776984,base_link,23.559999465942383,0.0
1676104308.8445294,2808,1676104308,836857800,base_link,23.56999969482422,0.0
1676104308.8855493,2809,1676104308,876894800,base_link,23.559999465942383,0.0
1676104308.94588,2810,1676104308,936970360,base_link,23.559999465942383,0.0
1676104309.0041091,2811,1676104308,997046176,base_link,23.56999969482422,0.0
1676104309.046429,2812,1676104309,42101176,base_link,23.56999969482422,0.0
1676104309.1067345,2813,1676104309,102175736,base_link,23.559999465942383,0.0
1676104309.1653621,2814,1676104309,162247736,base_link,23.56999969482422,0.0
1676104309.227001,2815,1676104309,222324016,base_link,23.56999969482422,0.0
1676104309.2659676,2816,1676104309,257366016,base_link,23.56999969482422,0.0
1676104309.3249958,2817,1676104309,317439832,base_link,23.56999969482422,0.0
1676104309.385083,2818,1676104309,377512832,base_link,23.56999969482422,0.0
1676104309.4451816,2819,1676104309,437589136,base_link,23.56999969482422,0.0
1676104309.5061483,2820,1676104309,497663440,base_link,23.56999969482422,0.0
1676104309.5481133,2821,1676104309,537710440,base_link,23.56999969482422,0.0
1676104309.6058497,2822,1676104309,602791232,base_link,23.56999969482422,0.0
1676104309.6669657,2823,1676104309,662864232,base_link,23.56999969482422,0.0
1676104309.7062197,2824,1676104309,697912792,base_link,23.56999969482422,0.0
1676104309.764956,2825,1676104309,757982792,base_link,23.56999969482422,0.0
1676104309.825241,2826,1676104309,818057352,base_link,23.56999969482422,0.0
1676104309.8844512,2827,1676104309,878131352,base_link,23.56999969482422,0.0
1676104309.9248893,2828,1676104309,918180912,base_link,23.579999923706055,0.0
1676104309.988475,2829,1676104309,983258912,base_link,23.579999923706055,0.0
1676104310.0465295,2830,1676104310,38329472,base_link,23.579999923706055,0.0
1676104310.106154,2831,1676104310,98403032,base_link,23.579999923706055,0.0
1676104310.1654174,2832,1676104310,158476032,base_link,23.579999923706055,0.0
1676104310.2049675,2833,1676104310,198527592,base_link,23.579999923706055,0.0
1676104310.2658083,2834,1676104310,258601592,base_link,23.579999923706055,0.0
1676104310.324441,2835,1676104310,318676152,base_link,23.579999923706055,0.0
1676104310.366513,2836,1676104310,358723152,base_link,23.579999923706055,0.0
1676104310.4255073,2837,1676104310,418798712,base_link,23.579999923706055,0.0
1676104310.4860256,2838,1676104310,478871712,base_link,23.579999923706055,0.0
1676104310.5461674,2839,1676104310,538946272,base_link,23.579999923706055,0.0
1676104310.5849972,2840,1676104310,578995272,base_link,23.579999923706055,0.0
1676104310.6458416,2841,1676104310,639068808,base_link,23.579999923706055,0.0
1676104310.7085164,2842,1676104310,699144112,base_link,23.579999923706055,0.0
1676104310.765669,2843,1676104310,759217112,base_link,23.579999923706055,0.0
1676104310.826403,2844,1676104310,819291672,base_link,23.579999923706055,0.0
1676104310.8654387,2845,1676104310,859342672,base_link,23.579999923706055,0.0
1676104310.9253514,2846,1676104310,919414976,base_link,23.579999923706055,0.0
1676104310.9845831,2847,1676104310,979487976,base_link,23.579999923706055,0.0
1676104311.0459335,2848,1676104311,39566024,base_link,23.59000015258789,0.0
1676104311.0915253,2849,1676104311,79612024,base_link,23.59000015258789,0.0
1676104311.1477113,2850,1676104311,139685584,base_link,23.59000015258789,0.0
1676104311.2056313,2851,1676104311,199761400,base_link,23.59000015258789,0.0
1676104311.2456312,2852,1676104311,239810400,base_link,23.59000015258789,0.0
1676104311.304706,2853,1676104311,299885960,base_link,23.59000015258789,0.0
1676104311.3647995,2854,1676104311,359958960,base_link,23.59000015258789,0.0
1676104311.4253142,2855,1676104311,420034520,base_link,23.59000015258789,0.0
1676104311.4853275,2856,1676104311,480106520,base_link,23.59000015258789,0.0
1676104311.5250905,2857,1676104311,520157080,base_link,23.59000015258789,0.0
1676104311.585786,2858,1676104311,580230080,base_link,23.59000015258789,0.0
1676104311.6451988,2859,1676104311,640304640,base_link,23.59000015258789,0.0
1676104311.6860125,2860,1676104311,680354640,base_link,23.59000015258789,0.0
1676104311.744787,2861,1676104311,740431200,base_link,23.59000015258789,0.0
1676104311.8057842,2862,1676104311,800504016,base_link,23.59000015258789,0.0
1676104311.866252,2863,1676104311,860582016,base_link,23.59000015258789,0.0
1676104311.9056487,2864,1676104311,900629832,base_link,23.59000015258789,0.0
1676104311.964718,2865,1676104311,960700832,base_link,23.59000015258789,0.0
1676104312.0248733,2866,1676104312,20775648,base_link,23.600000381469727,0.0
1676104312.0851846,2867,1676104312,80848648,base_link,23.59000015258789,0.0
1676104312.146969,2868,1676104312,140924208,base_link,23.59000015258789,0.0
1676104312.1856964,2869,1676104312,180972208,base_link,23.600000381469727,0.0
1676104312.2469468,2870,1676104312,241048024,base_link,23.59000015258789,0.0
1676104312.305883,2871,1676104312,301123840,base_link,23.600000381469727,0.0
1676104312.348527,2872,1676104312,341171840,base_link,23.600000381469727,0.0
1676104312.4048233,2873,1676104312,401247656,base_link,23.600000381469727,0.0
1676104312.4686532,2874,1676104312,461320656,base_link,23.600000381469727,0.0
1676104312.5247922,2875,1676104312,521396472,base_link,23.600000381469727,0.0
1676104312.5673625,2876,1676104312,556439472,base_link,23.600000381469727,0.0
1676104312.625684,2877,1676104312,616513288,base_link,23.600000381469727,0.0
1676104312.6839647,2878,1676104312,676587288,base_link,23.600000381469727,0.0
1676104312.7256448,2879,1676104312,721643104,base_link,23.600000381469727,0.0
1676104312.8033288,2880,1676104312,796736920,base_link,23.600000381469727,0.0
1676104312.8473463,2881,1676104312,841791920,base_link,23.600000381469727,0.0
1676104312.904766,2882,1676104312,896860480,base_link,23.600000381469727,0.0
1676104312.9647498,2883,1676104312,961939480,base_link,23.600000381469727,0.0
1676104313.0062897,2884,1676104312,996985296,base_link,23.600000381469727,0.0
1676104313.0662436,2885,1676104313,57059296,base_link,23.600000381469727,0.0
1676104313.1236227,2886,1676104313,117132856,base_link,23.600000381469727,0.0
1676104313.1916838,2887,1676104313,177204856,base_link,23.600000381469727,0.0
1676104313.2259734,2888,1676104313,222263416,base_link,23.600000381469727,0.0
1676104313.2860608,2889,1676104313,282337416,base_link,23.60999870300293,0.0
1676104313.347051,2890,1676104313,342411232,base_link,23.60999870300293,0.0
1676104313.3878748,2891,1676104313,382465232,base_link,23.600000381469727,0.0
1676104313.4475503,2892,1676104313,442534792,base_link,23.60999870300293,0.0
1676104313.5057807,2893,1676104313,497603352,base_link,23.60999870300293,0.0
1676104313.5680308,2894,1676104313,557676352,base_link,23.60999870300293,0.0
1676104313.626745,2895,1676104313,617750144,base_link,23.60999870300293,0.0
1676104313.6651602,2896,1676104313,657799144,base_link,23.60999870300293,0.0
1676104313.7266295,2897,1676104313,717874448,base_link,23.60999870300293,0.0
1676104313.7870872,2898,1676104313,782952448,base_link,23.60999870300293,0.0
1676104313.8479817,2899,1676104313,843028008,base_link,23.60999870300293,0.0
1676104313.8862448,2900,1676104313,883077008,base_link,23.60999870300293,0.0
1676104313.948915,2901,1676104313,943151568,base_link,23.60999870300293,0.0
1676104314.0060937,2902,1676104314,3227128,base_link,23.60999870300293,0.0
1676104314.0471766,2903,1676104314,43277128,base_link,23.60999870300293,0.0
1676104314.1258438,2904,1676104314,118368688,base_link,23.60999870300293,0.0
1676104314.165355,2905,1676104314,158418688,base_link,23.60999870300293,0.0
1676104314.2268472,2906,1676104314,218494248,base_link,23.60999870300293,0.0
1676104314.2847552,2907,1676104314,278566248,base_link,23.619998931884766,0.0
1676104314.3244472,2908,1676104314,318616808,base_link,23.60999870300293,0.0
1676104314.38777,2909,1676104314,378689808,base_link,23.619998931884766,0.0
1676104314.4463177,2910,1676104314,438764368,base_link,23.619998931884766,0.0
1676104314.506425,2911,1676104314,498839928,base_link,23.619998931884766,0.0
1676104314.5498545,2912,1676104314,538888928,base_link,23.619998931884766,0.0
1676104314.6055248,2913,1676104314,598965488,base_link,23.60999870300293,0.0
1676104314.6663523,2914,1676104314,659037488,base_link,23.619998931884766,0.0
1676104314.711251,2915,1676104314,699086792,base_link,23.619998931884766,0.0
1676104314.7859106,2916,1676104314,779183792,base_link,23.619998931884766,0.0
1676104314.8258712,2917,1676104314,819235608,base_link,23.619998931884766,0.0
1676104314.8855698,2918,1676104314,879307608,base_link,23.619998931884766,0.0
1676104314.9464655,2919,1676104314,939384168,base_link,23.619998931884766,0.0
1676104314.9844205,2920,1676104314,979432168,base_link,23.619998931884766,0.0
1676104315.0449567,2921,1676104315,39506984,base_link,23.619998931884766,0.0
1676104315.1062279,2922,1676104315,99582288,base_link,23.6299991607666,0.0
1676104315.164316,2923,1676104315,159655288,base_link,23.619998931884766,0.0
1676104315.2045815,2924,1676104315,199706848,base_link,23.619998931884766,0.0
1676104315.265094,2925,1676104315,259778848,base_link,23.619998931884766,0.0
1676104315.3247063,2926,1676104315,319854664,base_link,23.619998931884766,0.0
1676104315.3634348,2927,1676104315,359902664,base_link,23.619998931884766,0.0
1676104315.426593,2928,1676104315,419979224,base_link,23.6299991607666,0.0
1676104315.486121,2929,1676104315,480051224,base_link,23.619998931884766,0.0
1676104315.5469232,2930,1676104315,540126528,base_link,23.6299991607666,0.0
1676104315.6049616,2931,1676104315,600201344,base_link,23.6299991607666,0.0
1676104315.6447866,2932,1676104315,640250344,base_link,23.6299991607666,0.0
1676104315.7039711,2933,1676104315,700327904,base_link,23.6299991607666,0.0
1676104315.7660532,2934,1676104315,760399904,base_link,23.6299991607666,0.0
1676104315.8253365,2935,1676104315,820479720,base_link,23.6299991607666,0.0
1676104315.8660073,2936,1676104315,860523720,base_link,23.6299991607666,0.0
1676104315.9256992,2937,1676104315,920598536,base_link,23.6299991607666,0.0
1676104315.9870126,2938,1676104315,980673536,base_link,23.6299991607666,0.0
1676104316.0257914,2939,1676104316,20722096,base_link,23.6299991607666,0.0
1676104316.0852313,2940,1676104316,80794096,base_link,23.6299991607666,0.0
1676104316.1480837,2941,1676104316,140869912,base_link,23.6299991607666,0.0
1676104316.2056932,2942,1676104316,200946472,base_link,23.639999389648438,0.0
1676104316.2659254,2943,1676104316,261020472,base_link,23.6299991607666,0.0
1676104316.305306,2944,1676104316,301070520,base_link,23.6299991607666,0.0
1676104316.3648067,2945,1676104316,361141520,base_link,23.639999389648438,0.0
1676104316.4309797,2946,1676104316,421216824,base_link,23.639999389648438,0.0
1676104316.4853892,2947,1676104316,481288824,base_link,23.639999389648438,0.0
1676104316.5251539,2948,1676104316,521339384,base_link,23.6299991607666,0.0
1676104316.5864422,2949,1676104316,581412384,base_link,23.639999389648438,0.0
1676104316.647648,2950,1676104316,641487944,base_link,23.639999389648438,0.0
1676104316.6856806,2951,1676104316,681537944,base_link,23.639999389648438,0.0
1676104316.747245,2952,1676104316,741614504,base_link,23.639999389648438,0.0
1676104316.80563,2953,1676104316,801686808,base_link,23.639999389648438,0.0
1676104316.8688936,2954,1676104316,861758808,base_link,23.639999389648438,0.0
1676104316.925354,2955,1676104316,916827856,base_link,23.639999389648438,0.0
1676104316.9690647,2956,1676104316,961883856,base_link,23.639999389648438,0.0
1676104317.024552,2957,1676104317,16951416,base_link,23.639999389648438,0.0
1676104317.0850956,2958,1676104317,77024416,base_link,23.639999389648438,0.0
1676104317.1496582,2959,1676104317,142106976,base_link,23.639999389648438,0.0
1676104317.1854734,2960,1676104317,182153976,base_link,23.649999618530273,0.0
1676104317.2470012,2961,1676104317,242230536,base_link,23.639999389648438,0.0
1676104317.307009,2962,1676104317,302305352,base_link,23.639999389648438,0.0
1676104317.3488915,2963,1676104317,342355352,base_link,23.649999618530273,0.0
1676104317.4055693,2964,1676104317,402430168,base_link,23.649999618530273,0.0
1676104317.4671497,2965,1676104317,462502168,base_link,23.649999618530273,0.0
1676104317.5300198,2966,1676104317,517571472,base_link,23.649999618530273,0.0
1676104317.585721,2967,1676104317,577644472,base_link,23.649999618530273,0.0
1676104317.6268802,2968,1676104317,622701032,base_link,23.649999618530273,0.0
1676104317.6853662,2969,1676104317,682774032,base_link,23.649999618530273,0.0
1676104317.7471962,2970,1676104317,742849336,base_link,23.649999618530273,0.0
1676104317.8068376,2971,1676104317,797920384,base_link,23.649999618530273,0.0
1676104317.8465517,2972,1676104317,842973384,base_link,23.649999618530273,0.0
1676104317.9055781,2973,1676104317,903048456,base_link,23.649999618530273,0.0
1676104317.965927,2974,1676104317,963122456,base_link,23.649999618530273,0.0
1676104318.0051136,2975,1676104317,998167272,base_link,23.649999618530273,0.0
1676104318.0681913,2976,1676104318,63247272,base_link,23.649999618530273,0.0
1676104318.1244283,2977,1676104318,118316088,base_link,23.649999618530273,0.0
1676104318.185176,2978,1676104318,178388088,base_link,23.649999618530273,0.0
1676104318.2460246,2979,1676104318,238462648,base_link,23.649999618530273,0.0
1676104318.2870455,2980,1676104318,278510648,base_link,23.65999984741211,0.0
1676104318.3455718,2981,1676104318,338592464,base_link,23.649999618530273,0.0
1676104318.4058015,2982,1676104318,398662280,base_link,23.649999618530273,0.0
1676104318.4665134,2983,1676104318,458735280,base_link,23.649999618530273,0.0
1676104318.5060997,2984,1676104318,498787096,base_link,23.65999984741211,0.0
1676104318.5696485,2985,1676104318,558861096,base_link,23.649999618530273,0.0
1676104318.625194,2986,1676104318,618934400,base_link,23.649999618530273,0.0
1676104318.665843,2987,1676104318,658983400,base_link,23.65999984741211,0.0
1676104318.7259033,2988,1676104318,719058216,base_link,23.649999618530273,0.0
1676104318.7850177,2989,1676104318,779131216,base_link,23.65999984741211,0.0
1676104318.846256,2990,1676104318,839206032,base_link,23.649999618530273,0.0
1676104318.9050722,2991,1676104318,899281848,base_link,23.65999984741211,0.0
1676104318.9450965,2992,1676104318,939330848,base_link,23.649999618530273,0.0
1676104319.0065308,2993,1676104318,999406664,base_link,23.649999618530273,0.0
1676104319.064459,2994,1676104319,59479664,base_link,23.65999984741211,0.0
1676104319.1062179,2995,1676104319,99532480,base_link,23.65999984741211,0.0
1676104319.1661136,2996,1676104319,159604480,base_link,23.65999984741211,0.0
1676104319.225902,2997,1676104319,219678040,base_link,23.65999984741211,0.0
1676104319.2844665,2998,1676104319,279751040,base_link,23.65999984741211,0.0
1676104319.3264565,2999,1676104319,319803856,base_link,23.65999984741211,0.0
1676104319.3976486,3000,1676104319,379876856,base_link,23.65999984741211,0.0
1676104319.4449098,3001,1676104319,439951672,base_link,23.65999984741211,0.0
1676104319.5050762,3002,1676104319,500025976,base_link,23.65999984741211,0.0
1676104319.5639913,3003,1676104319,560098976,base_link,23.65999984741211,0.0
1676104319.6041956,3004,1676104319,600150536,base_link,23.65999984741211,0.0
1676104319.666123,3005,1676104319,660222536,base_link,23.65999984741211,0.0
1676104319.7246892,3006,1676104319,720298584,base_link,23.670000076293945,0.0
1676104319.7852378,3007,1676104319,780371584,base_link,23.65999984741211,0.0
1676104319.8237464,3008,1676104319,820423144,base_link,23.670000076293945,0.0
1676104319.8849807,3009,1676104319,880496144,base_link,23.670000076293945,0.0
1676104319.9460473,3010,1676104319,940572448,base_link,23.670000076293945,0.0
1676104319.9852333,3011,1676104319,980618448,base_link,23.670000076293945,0.0
1676104320.044893,3012,1676104320,40694008,base_link,23.65999984741211,0.0
1676104320.1045609,3013,1676104320,100768568,base_link,23.65999984741211,0.0
1676104320.1511936,3014,1676104320,140819568,base_link,23.65999984741211,0.0
1676104320.2254221,3015,1676104320,220916616,base_link,23.670000076293945,0.0
1676104320.2663074,3016,1676104320,260966616,base_link,23.65999984741211,0.0
1676104320.3250217,3017,1676104320,321040176,base_link,23.670000076293945,0.0
1676104320.386067,3018,1676104320,381113176,base_link,23.670000076293945,0.0
1676104320.4268067,3019,1676104320,421163736,base_link,23.670000076293945,0.0
1676104320.4859772,3020,1676104320,481236736,base_link,23.670000076293945,0.0
1676104320.5479193,3021,1676104320,541312296,base_link,23.670000076293945,0.0
1676104320.6052084,3022,1676104320,601387856,base_link,23.670000076293945,0.0
1676104320.645938,3023,1676104320,641435856,base_link,23.670000076293945,0.0
1676104320.708,3024,1676104320,701511160,base_link,23.670000076293945,0.0
1676104320.765775,3025,1676104320,756578160,base_link,23.670000076293945,0.0
1676104320.8062627,3026,1676104320,801634720,base_link,23.670000076293945,0.0
1676104320.883963,3027,1676104320,876726720,base_link,23.670000076293945,0.0
1676104320.9258862,3028,1676104320,921783024,base_link,23.670000076293945,0.0
1676104320.9866674,3029,1676104320,981856024,base_link,23.670000076293945,0.0
1676104321.046539,3030,1676104321,41934072,base_link,23.670000076293945,0.0
1676104321.0850608,3031,1676104321,76975072,base_link,23.670000076293945,0.0
1676104321.145113,3032,1676104321,137048632,base_link,23.670000076293945,0.0
1676104321.2070405,3033,1676104321,197124192,base_link,23.670000076293945,0.0
1676104321.2651424,3034,1676104321,257199192,base_link,23.670000076293945,0.0
1676104321.3079178,3035,1676104321,297247984,base_link,23.670000076293945,0.0
1676104321.3638885,3036,1676104321,357321984,base_link,23.670000076293945,0.0
1676104321.4243987,3037,1676104321,417398544,base_link,23.670000076293945,0.0
1676104321.466936,3038,1676104321,462454544,base_link,23.68000030517578,0.0
1676104321.5450976,3039,1676104321,537544104,base_link,23.68000030517578,0.0
1676104321.585206,3040,1676104321,577593104,base_link,23.68000030517578,0.0
1676104321.64423,3041,1676104321,637669408,base_link,23.670000076293945,0.0
1676104321.7055454,3042,1676104321,702749200,base_link,23.68000030517578,0.0
1676104321.7481158,3043,1676104321,742799200,base_link,23.68000030517578,0.0
1676104321.8060482,3044,1676104321,802873504,base_link,23.68000030517578,0.0
1676104321.8652227,3045,1676104321,857938504,base_link,23.68000030517578,0.0
1676104321.9236255,3046,1676104321,918013808,base_link,23.68000030517578,0.0
1676104321.9666905,3047,1676104321,963067808,base_link,23.68000030517578,0.0
1676104322.0458233,3048,1676104322,23142344,base_link,23.68000030517578,0.0
1676104322.086754,3049,1676104322,83215344,base_link,23.68000030517578,0.0
1676104322.1266806,3050,1676104322,123265904,base_link,23.68000030517578,0.0
1676104322.1866002,3051,1676104322,183338904,base_link,23.68000030517578,0.0
1676104322.2455297,3052,1676104322,238409464,base_link,23.68000030517578,0.0
1676104322.304796,3053,1676104322,298484024,base_link,23.689998626708984,0.0
1676104322.363721,3054,1676104322,358558024,base_link,23.68000030517578,0.0
1676104322.4060721,3055,1676104322,398608584,base_link,23.689998626708984,0.0
1676104322.464797,3056,1676104322,458685584,base_link,23.68000030517578,0.0
1676104322.525836,3057,1676104322,518756144,base_link,23.68000030517578,0.0
1676104322.5861864,3058,1676104322,578829144,base_link,23.689998626708984,0.0
1676104322.6268685,3059,1676104322,618881704,base_link,23.689998626708984,0.0
1676104322.6859567,3060,1676104322,678953704,base_link,23.689998626708984,0.0
1676104322.7452466,3061,1676104322,739030776,base_link,23.689998626708984,0.0
1676104322.784792,3062,1676104322,779078776,base_link,23.689998626708984,0.0
1676104322.8678935,3063,1676104322,859177336,base_link,23.68000030517578,0.0
1676104322.9063182,3064,1676104322,899227896,base_link,23.689998626708984,0.0
1676104322.965617,3065,1676104322,959302896,base_link,23.689998626708984,0.0
1676104323.0259738,3066,1676104323,19375176,base_link,23.689998626708984,0.0
1676104323.065494,3067,1676104323,59425176,base_link,23.689998626708984,0.0
1676104323.1260686,3068,1676104323,119498736,base_link,23.689998626708984,0.0
1676104323.1881201,3069,1676104323,179571736,base_link,23.689998626708984,0.0
1676104323.246125,3070,1676104323,239646272,base_link,23.689998626708984,0.0
1676104323.2846868,3071,1676104323,279695272,base_link,23.68000030517578,0.0
1676104323.3462195,3072,1676104323,339771576,base_link,23.689998626708984,0.0
1676104323.4169106,3073,1676104323,399845880,base_link,23.689998626708984,0.0
1676104323.4452782,3074,1676104323,439893880,base_link,23.689998626708984,0.0
1676104323.5246272,3075,1676104323,519995184,base_link,23.689998626708984,0.0
1676104323.5644646,3076,1676104323,560042184,base_link,23.689998626708984,0.0
1676104323.6281943,3077,1676104323,620116488,base_link,23.689998626708984,0.0
1676104323.6860013,3078,1676104323,680191488,base_link,23.689998626708984,0.0
1676104323.7258534,3079,1676104323,720242792,base_link,23.689998626708984,0.0
1676104323.7856183,3080,1676104323,780316792,base_link,23.689998626708984,0.0
1676104323.8461325,3081,1676104323,840389584,base_link,23.69999885559082,0.0
1676104323.912384,3082,1676104323,900464144,base_link,23.69999885559082,0.0
1676104323.9463575,3083,1676104323,940512144,base_link,23.69999885559082,0.0
1676104324.0037112,3084,1676104324,587192,base_link,23.69999885559082,0.0
1676104324.0763857,3085,1676104324,60660192,base_link,23.69999885559082,0.0
1676104324.104771,3086,1676104324,100710496,base_link,23.689998626708984,0.0
1676104324.1657114,3087,1676104324,160785496,base_link,23.689998626708984,0.0
1676104324.226322,3088,1676104324,220858800,base_link,23.69999885559082,0.0
1676104324.2843304,3089,1676104324,280937800,base_link,23.69999885559082,0.0
1676104324.3489175,3090,1676104324,341008104,base_link,23.69999885559082,0.0
1676104324.3893068,3091,1676104324,381056104,base_link,23.69999885559082,0.0
1676104324.4460564,3092,1676104324,441131664,base_link,23.69999885559082,0.0
1676104324.5054135,3093,1676104324,501205968,base_link,23.69999885559082,0.0
1676104324.54843,3094,1676104324,541254968,base_link,23.69999885559082,0.0
1676104324.605114,3095,1676104324,601329272,base_link,23.69999885559082,0.0
1676104324.6662688,3096,1676104324,661402272,base_link,23.689998626708984,0.0
1676104324.7247167,3097,1676104324,721477832,base_link,23.69999885559082,0.0
1676104324.7662406,3098,1676104324,761526832,base_link,23.69999885559082,0.0
1676104324.8262253,3099,1676104324,821601392,base_link,23.69999885559082,0.0
1676104324.8879235,3100,1676104324,881674392,base_link,23.709999084472656,0.0
1676104324.9459274,3101,1676104324,941751952,base_link,23.69999885559082,0.0
1676104325.0044801,3102,1676104325,1828512,base_link,23.69999885559082,0.0
1676104325.045288,3103,1676104325,41874512,base_link,23.69999885559082,0.0
1676104325.1042633,3104,1676104325,96945072,base_link,23.69999885559082,0.0
1676104325.1647937,3105,1676104325,162022072,base_link,23.69999885559082,0.0
1676104325.2257164,3106,1676104325,222097632,base_link,23.69999885559082,0.0
1676104325.266325,3107,1676104325,262147632,base_link,23.69999885559082,0.0
1676104325.3249965,3108,1676104325,322224192,base_link,23.709999084472656,0.0
1676104325.3862288,3109,1676104325,382296192,base_link,23.709999084472656,0.0
1676104325.4249897,3110,1676104325,417340752,base_link,23.69999885559082,0.0
1676104325.4853108,3111,1676104325,482420752,base_link,23.709999084472656,0.0
1676104325.5477455,3112,1676104325,542495312,base_link,23.709999084472656,0.0
1676104325.616333,3113,1676104325,602569872,base_link,23.69999885559082,0.0
1676104325.6676269,3114,1676104325,662644872,base_link,23.69999885559082,0.0
1676104325.706771,3115,1676104325,702695408,base_link,23.69999885559082,0.0
1676104325.7661238,3116,1676104325,762772408,base_link,23.709999084472656,0.0
1676104325.8260064,3117,1676104325,822840712,base_link,23.709999084472656,0.0
1676104325.8837943,3118,1676104325,877909712,base_link,23.709999084472656,0.0
1676104325.9257915,3119,1676104325,917959016,base_link,23.709999084472656,0.0
1676104325.9877822,3120,1676104325,978033016,base_link,23.709999084472656,0.0
1676104326.046681,3121,1676104326,38106808,base_link,23.709999084472656,0.0
1676104326.085173,3122,1676104326,78156808,base_link,23.709999084472656,0.0
1676104326.1459246,3123,1676104326,138229344,base_link,23.709999084472656,0.0
1676104326.2066875,3124,1676104326,198307904,base_link,23.709999084472656,0.0
1676104326.265351,3125,1676104326,258376904,base_link,23.709999084472656,0.0
1676104326.3248892,3126,1676104326,318453464,base_link,23.709999084472656,0.0
1676104326.3682058,3127,1676104326,358501464,base_link,23.709999084472656,0.0
1676104326.4255962,3128,1676104326,418576024,base_link,23.709999084472656,0.0
1676104326.4848654,3129,1676104326,478650024,base_link,23.709999084472656,0.0
1676104326.5459156,3130,1676104326,538725584,base_link,23.709999084472656,0.0
1676104326.5833972,3131,1676104326,578774584,base_link,23.709999084472656,0.0
1676104326.6442957,3132,1676104326,638850144,base_link,23.709999084472656,0.0
1676104326.7184863,3133,1676104326,698924960,base_link,23.709999084472656,0.0
1676104326.75011,3134,1676104326,738972960,base_link,23.709999084472656,0.0
1676104326.8039002,3135,1676104326,799048520,base_link,23.719999313354492,0.0
1676104326.8669143,3136,1676104326,859124520,base_link,23.709999084472656,0.0
1676104326.906743,3137,1676104326,899172824,base_link,23.719999313354492,0.0
1676104326.9851635,3138,1676104326,979269824,base_link,23.719999313354492,0.0
1676104327.0256739,3139,1676104327,19323128,base_link,23.719999313354492,0.0
1676104327.084643,3140,1676104327,79393128,base_link,23.709999084472656,0.0
1676104327.1463475,3141,1676104327,139468688,base_link,23.719999313354492,0.0
1676104327.1881964,3142,1676104327,179517688,base_link,23.719999313354492,0.0
1676104327.2480254,3143,1676104327,239593248,base_link,23.709999084472656,0.0
1676104327.306633,3144,1676104327,299667808,base_link,23.719999313354492,0.0
1676104327.3634458,3145,1676104327,359741808,base_link,23.719999313354492,0.0
1676104327.4066026,3146,1676104327,399792368,base_link,23.719999313354492,0.0
1676104327.463723,3147,1676104327,459866368,base_link,23.709999084472656,0.0
1676104327.5248737,3148,1676104327,519940672,base_link,23.719999313354492,0.0
1676104327.5666037,3149,1676104327,559988672,base_link,23.719999313354492,0.0
1676104327.6473143,3150,1676104327,640090976,base_link,23.719999313354492,0.0
1676104327.6856086,3151,1676104327,680138976,base_link,23.719999313354492,0.0
1676104327.7463343,3152,1676104327,740214536,base_link,23.719999313354492,0.0
1676104327.8056939,3153,1676104327,800289096,base_link,23.719999313354492,0.0
1676104327.8445978,3154,1676104327,840337096,base_link,23.719999313354492,0.0
1676104327.9051783,3155,1676104327,900411888,base_link,23.719999313354492,0.0
1676104327.965737,3156,1676104327,960485888,base_link,23.719999313354492,0.0
1676104328.0255487,3157,1676104328,20559192,base_link,23.719999313354492,0.0
1676104328.0658565,3158,1676104328,60608192,base_link,23.719999313354492,0.0
1676104328.1257265,3159,1676104328,120682984,base_link,23.719999313354492,0.0
1676104328.1847465,3160,1676104328,180755984,base_link,23.729999542236328,0.0
1676104328.2260413,3161,1676104328,220807544,base_link,23.719999313354492,0.0
1676104328.2877169,3162,1676104328,280880544,base_link,23.719999313354492,0.0
1676104328.3460603,3163,1676104328,340957104,base_link,23.719999313354492,0.0
1676104328.4074414,3164,1676104328,401037408,base_link,23.719999313354492,0.0
1676104328.4640229,3165,1676104328,461105408,base_link,23.719999313354492,0.0
1676104328.506762,3166,1676104328,501154968,base_link,23.719999313354492,0.0
1676104328.5670085,3167,1676104328,561227968,base_link,23.719999313354492,0.0
1676104328.6273236,3168,1676104328,621302528,base_link,23.719999313354492,0.0
1676104328.687002,3169,1676104328,681376528,base_link,23.719999313354492,0.0
1676104328.726854,3170,1676104328,721426832,base_link,23.719999313354492,0.0
1676104328.784466,3171,1676104328,781499832,base_link,23.729999542236328,0.0
1676104328.8464572,3172,1676104328,841575392,base_link,23.719999313354492,0.0
1676104328.886555,3173,1676104328,881623392,base_link,23.719999313354492,0.0
1676104328.9640062,3174,1676104328,956716184,base_link,23.719999313354492,0.0
1676104329.0073442,3175,1676104329,1773488,base_link,23.719999313354492,0.0
1676104329.0660434,3176,1676104329,56840488,base_link,23.719999313354492,0.0
1676104329.124718,3177,1676104329,116914512,base_link,23.729999542236328,0.0
1676104329.1634345,3178,1676104329,156964512,base_link,23.729999542236328,0.0
1676104329.2250433,3179,1676104329,217039072,base_link,23.729999542236328,0.0
1676104329.2879322,3180,1676104329,282117072,base_link,23.729999542236328,0.0
1676104329.3479977,3181,1676104329,342193632,base_link,23.729999542236328,0.0
1676104329.3861997,3182,1676104329,382241632,base_link,23.729999542236328,0.0
1676104329.4456255,3183,1676104329,442316680,base_link,23.729999542236328,0.0
1676104329.5060465,3184,1676104329,502392240,base_link,23.729999542236328,0.0
1676104329.5451968,3185,1676104329,537434240,base_link,23.729999542236328,0.0
1676104329.626257,3186,1676104329,622540800,base_link,23.729999542236328,0.0
1676104329.6672351,3187,1676104329,657584800,base_link,23.729999542236328,0.0
1676104329.724731,3188,1676104329,717660384,base_link,23.729999542236328,0.0
1676104329.7856202,3189,1676104329,782738384,base_link,23.729999542236328,0.0
1676104329.82507,3190,1676104329,817783944,base_link,23.729999542236328,0.0
1676104329.8839397,3191,1676104329,877856944,base_link,23.729999542236328,0.0
1676104329.9453893,3192,1676104329,937932248,base_link,23.729999542236328,0.0
1676104330.0053158,3193,1676104329,998006552,base_link,23.739999771118164,0.0
1676104330.0463796,3194,1676104330,43062552,base_link,23.739999771118164,0.0
1676104330.1082287,3195,1676104330,98130344,base_link,23.729999542236328,0.0
1676104330.165277,3196,1676104330,158204344,base_link,23.729999542236328,0.0
1676104330.205967,3197,1676104330,198253392,base_link,23.729999542236328,0.0
1676104330.2658503,3198,1676104330,263333392,base_link,23.729999542236328,0.0
1676104330.3260038,3199,1676104330,323408928,base_link,23.729999542236328,0.0
1676104330.3870597,3200,1676104330,383481928,base_link,23.729999542236328,0.0
1676104330.449353,3201,1676104330,443555976,base_link,23.739999771118164,0.0
1676104330.4849455,3202,1676104330,478597976,base_link,23.729999542236328,0.0
1676104330.5468085,3203,1676104330,538673280,base_link,23.729999542236328,0.0
1676104330.6056917,3204,1676104330,598748328,base_link,23.739999771118164,0.0
1676104330.6664972,3205,1676104330,658825328,base_link,23.729999542236328,0.0
1676104330.7070136,3206,1676104330,698875888,base_link,23.739999771118164,0.0
1676104330.7660303,3207,1676104330,758946888,base_link,23.739999771118164,0.0
1676104330.8258224,3208,1676104330,819021192,base_link,23.729999542236328,0.0
1676104330.8659544,3209,1676104330,859070192,base_link,23.729999542236328,0.0
1676104330.9465845,3210,1676104330,939167496,base_link,23.739999771118164,0.0
1676104330.9853218,3211,1676104330,979216496,base_link,23.729999542236328,0.0
1676104331.0463376,3212,1676104331,39291288,base_link,23.729999542236328,0.0
1676104331.110526,3213,1676104331,99366592,base_link,23.729999542236328,0.0
1676104331.1494167,3214,1676104331,139416592,base_link,23.729999542236328,0.0
1676104331.2056146,3215,1676104331,199489896,base_link,23.739999771118164,0.0
1676104331.2657409,3216,1676104331,259563896,base_link,23.739999771118164,0.0
1676104331.3273332,3217,1676104331,319639200,base_link,23.729999542236328,0.0
1676104331.365156,3218,1676104331,359687200,base_link,23.739999771118164,0.0
1676104331.4254282,3219,1676104331,419762504,base_link,23.739999771118164,0.0
1676104331.486524,3220,1676104331,479835504,base_link,23.739999771118164,0.0
1676104331.5244858,3221,1676104331,519885808,base_link,23.739999771118164,0.0
1676104331.5871286,3222,1676104331,579960808,base_link,23.739999771118164,0.0
1676104331.6454003,3223,1676104331,640035112,base_link,23.739999771118164,0.0
1676104331.7066326,3224,1676104331,700110416,base_link,23.739999771118164,0.0
1676104331.7662985,3225,1676104331,760183416,base_link,23.739999771118164,0.0
1676104331.8061671,3226,1676104331,800234720,base_link,23.739999771118164,0.0
1676104331.864202,3227,1676104331,860306720,base_link,23.739999771118164,0.0
1676104331.926946,3228,1676104331,920382024,base_link,23.739999771118164,0.0
1676104331.9873543,3229,1676104331,980455024,base_link,23.739999771118164,0.0
1676104332.0268087,3230,1676104332,20507328,base_link,23.739999771118164,0.0
1676104332.0859208,3231,1676104332,80580328,base_link,23.739999771118164,0.0
1676104332.1467516,3232,1676104332,140654120,base_link,23.739999771118164,0.0
1676104332.1855023,3233,1676104332,180702120,base_link,23.739999771118164,0.0
1676104332.2468817,3234,1676104332,240778424,base_link,23.739999771118164,0.0
1676104332.3067124,3235,1676104332,300852728,base_link,23.739999771118164,0.0
1676104332.363736,3236,1676104332,360925728,base_link,23.739999771118164,0.0
1676104332.4260037,3237,1676104332,421000032,base_link,23.739999771118164,0.0
1676104332.466472,3238,1676104332,461049032,base_link,23.75,0.0
1676104332.5245829,3239,1676104332,521125336,base_link,23.739999771118164,0.0
1676104332.58784,3240,1676104332,581204336,base_link,23.739999771118164,0.0
1676104332.625965,3241,1676104332,621248640,base_link,23.75,0.0
1676104332.6868606,3242,1676104332,681321640,base_link,23.75,0.0
1676104332.7471073,3243,1676104332,741396944,base_link,23.739999771118164,0.0
1676104332.8063953,3244,1676104332,801471736,base_link,23.75,0.0
1676104332.8463666,3245,1676104332,841519736,base_link,23.75,0.0
1676104332.9052863,3246,1676104332,901597040,base_link,23.75,0.0
1676104332.9657474,3247,1676104332,961668040,base_link,23.75,0.0
1676104333.0265467,3248,1676104333,21743344,base_link,23.75,0.0
1676104333.0842621,3249,1676104333,81816344,base_link,23.75,0.0
1676104333.1239147,3250,1676104333,116863648,base_link,23.75,0.0
1676104333.1849022,3251,1676104333,181944648,base_link,23.75,0.0
1676104333.2460845,3252,1676104333,242017952,base_link,23.75,0.0
1676104333.3051434,3253,1676104333,297085256,base_link,23.75,0.0
1676104333.3452659,3254,1676104333,337133256,base_link,23.75,0.0
1676104333.4061477,3255,1676104333,402214560,base_link,23.739999771118164,0.0
1676104333.4649704,3256,1676104333,462287560,base_link,23.75,0.0
1676104333.5039136,3257,1676104333,497332864,base_link,23.75,0.0
1676104333.564257,3258,1676104333,557405864,base_link,23.75,0.0
1676104333.6242125,3259,1676104333,617481168,base_link,23.75,0.0
1676104333.6862452,3260,1676104333,682561168,base_link,23.75,0.0
1676104333.747995,3261,1676104333,742636472,base_link,23.75,0.0
1676104333.7857199,3262,1676104333,782684472,base_link,23.75,0.0
1676104333.845787,3263,1676104333,837752264,base_link,23.760000228881836,0.0
1676104333.9060361,3264,1676104333,897827568,base_link,23.75,0.0
1676104333.9467378,3265,1676104333,942882568,base_link,23.75,0.0
1676104334.0051982,3266,1676104333,997951616,base_link,23.75,0.0
1676104334.0664184,3267,1676104334,58024616,base_link,23.75,0.0
1676104334.1248977,3268,1676104334,118099408,base_link,23.760000228881836,0.0
1676104334.1659,3269,1676104334,163155408,base_link,23.75,0.0
1676104334.2254884,3270,1676104334,218223944,base_link,23.75,0.0
1676104334.2857633,3271,1676104334,278294944,base_link,23.75,0.0
1676104334.3258734,3272,1676104334,323351992,base_link,23.760000228881836,0.0
1676104334.4063091,3273,1676104334,398446040,base_link,23.760000228881836,0.0
1676104334.4466977,3274,1676104334,443500040,base_link,23.75,0.0
1676104334.5092866,3275,1676104334,503575088,base_link,23.75,0.0
1676104334.5658638,3276,1676104334,558642088,base_link,23.760000228881836,0.0
1676104334.625279,3277,1676104334,618718136,base_link,23.75,0.0
1676104334.6673648,3278,1676104334,663772136,base_link,23.760000228881836,0.0
1676104334.7262352,3279,1676104334,718841184,base_link,23.75,0.0
1676104334.7861907,3280,1676104334,783920184,base_link,23.760000228881836,0.0
1676104334.8265686,3281,1676104334,818964232,base_link,23.760000228881836,0.0
1676104334.8865259,3282,1676104334,879037232,base_link,23.760000228881836,0.0
1676104334.947484,3283,1676104334,939114280,base_link,23.760000228881836,0.0
1676104334.9864879,3284,1676104334,979160280,base_link,23.760000228881836,0.0
1676104335.0662663,3285,1676104335,59260328,base_link,23.760000228881836,0.0
1676104335.1066658,3286,1676104335,99310120,base_link,23.760000228881836,0.0
1676104335.1646047,3287,1676104335,159384120,base_link,23.760000228881836,0.0
1676104335.2249727,3288,1676104335,219459168,base_link,23.760000228881836,0.0
1676104335.2668285,3289,1676104335,259507168,base_link,23.76999855041504,0.0
1676104335.3244913,3290,1676104335,319582216,base_link,23.760000228881836,0.0
1676104335.3853402,3291,1676104335,379655216,base_link,23.760000228881836,0.0
1676104335.4466321,3292,1676104335,439730032,base_link,23.760000228881836,0.0
1676104335.4852915,3293,1676104335,479781032,base_link,23.760000228881836,0.0
1676104335.5464492,3294,1676104335,539854080,base_link,23.760000228881836,0.0
1676104335.6064608,3295,1676104335,599932128,base_link,23.75,0.0
1676104335.6455865,3296,1676104335,639979128,base_link,23.760000228881836,0.0
1676104335.7244267,3297,1676104335,720078176,base_link,23.760000228881836,0.0
1676104335.7656045,3298,1676104335,760126176,base_link,23.760000228881836,0.0
1676104335.8262122,3299,1676104335,820203480,base_link,23.76999855041504,0.0
1676104335.8860629,3300,1676104335,880276480,base_link,23.760000228881836,0.0
1676104335.9246826,3301,1676104335,920324528,base_link,23.760000228881836,0.0
1676104335.9850802,3302,1676104335,980397528,base_link,23.76999855041504,0.0
1676104336.047202,3303,1676104336,40474576,base_link,23.76999855041504,0.0
1676104336.1070187,3304,1676104336,100548624,base_link,23.760000228881836,0.0
1676104336.145771,3305,1676104336,140599624,base_link,23.760000228881836,0.0
1676104336.2051022,3306,1676104336,200672928,base_link,23.760000228881836,0.0
1676104336.2657847,3307,1676104336,260744928,base_link,23.760000228881836,0.0
1676104336.3062134,3308,1676104336,300797976,base_link,23.760000228881836,0.0
1676104336.3871686,3309,1676104336,380892976,base_link,23.76999855041504,0.0
1676104336.4265487,3310,1676104336,420944024,base_link,23.76999855041504,0.0
1676104336.4859307,3311,1676104336,481017024,base_link,23.760000228881836,0.0
1676104336.546497,3312,1676104336,541091072,base_link,23.76999855041504,0.0
1676104336.5857792,3313,1676104336,581142072,base_link,23.76999855041504,0.0
1676104336.6465611,3314,1676104336,641218120,base_link,23.76999855041504,0.0
1676104336.7053506,3315,1676104336,701291168,base_link,23.76999855041504,0.0
1676104336.7649882,3316,1676104336,761364168,base_link,23.76999855041504,0.0
1676104336.806135,3317,1676104336,801415216,base_link,23.76999855041504,0.0
1676104336.8661225,3318,1676104336,861487216,base_link,23.760000228881836,0.0
1676104336.9245749,3319,1676104336,921562520,base_link,23.76999855041504,0.0
1676104336.9661086,3320,1676104336,961611520,base_link,23.76999855041504,0.0
1676104337.0253613,3321,1676104337,21685312,base_link,23.76999855041504,0.0
1676104337.0855956,3322,1676104337,81758312,base_link,23.76999855041504,0.0
1676104337.1477966,3323,1676104337,141833616,base_link,23.76999855041504,0.0
1676104337.2069633,3324,1676104337,201908408,base_link,23.76999855041504,0.0
1676104337.2471495,3325,1676104337,241958408,base_link,23.76999855041504,0.0
1676104337.3064916,3326,1676104337,302032712,base_link,23.76999855041504,0.0
1676104337.3659966,3327,1676104337,362107712,base_link,23.76999855041504,0.0
1676104337.4260168,3328,1676104337,422182016,base_link,23.76999855041504,0.0
